is_member,score
1,0.746633
1,0.787036
1,0.642124
1,0.397145
1,0.519497
1,0.873371
1,0.692809
1,0.484744
1,0.482607
1,0.630981
1,0.284632
1,0.525238
1,0.600421
1,0.318114
1,0.31859
1,0.522258
1,0.342516
1,0.276051
1,0.800199
1,0.642796
1,0.574897
1,0.330738
1,0.547252
1,0.449201
1,0.664346
1,0.595069
1,0.453182
1,0.701981
1,0.805789
1,0.729361
1,0.458861
1,0.482188
1,0.114161
1,0.258072
1,0.509251
1,0.547597
1,0.414287
1,0.47842
1,0.501816
1,0.653568
1,0.703078
1,0.731854
1,0.532313
1,0.57807
1,0.415618
1,0.4726
1,0.397731
1,0.534081
1,0.510117
1,0.61462
1,0.392952
1,0.524976
1,0.504549
1,0.274856
1,0.379994
1,0.631712
1,0.575976
1,0.210628
1,0.386468
1,0.325205
1,0.621203
1,0.568751
1,0.530566
1,0.570328
1,0.293911
1,0.624671
1,0.480672
1,0.706779
1,0.689504
1,0.584846
1,0.228553
1,0.537786
1,0.483289
1,0.727645
1,0.766669
1,0.555569
1,0.303305
1,0.400392
1,0.455658
1,0.76704
1,0.616613
1,0.500784
1,0.537203
1,0.762476
1,0.208767
1,0.45678
1,0.401816
1,0.381843
1,0.500924
1,0.286511
1,0.329559
1,0.758815
1,0.733551
1,0.583914
1,0.447109
1,0.358408
1,0.49193
1,0.573165
1,0.753617
1,0.564238
1,0.520203
1,0.385537
1,0.341861
1,0.495808
1,0.357978
1,0.798405
1,0.5644
1,0.663034
1,0.707063
1,0.474587
1,0.573056
1,0.323025
1,0.754589
1,0.926995
1,0.374637
1,0.245338
1,0.693901
1,0.801542
1,0.309258
1,0.62768
1,0.493916
1,0.40122
1,0.309183
1,0.654982
1,0.608353
1,0.518006
1,0.488686
1,0.183546
1,0.761641
1,0.770132
1,0.637548
1,0.658356
1,0.320422
1,0.292625
1,0.319324
1,0.82188
1,0.647877
1,0.418087
1,0.311739
1,0.603202
1,0.15759
1,0.370657
1,0.332354
1,0.755247
1,0.788937
1,0.705027
1,0.40235
1,0.317528
1,0.498139
1,0.254694
1,0.835168
1,0.633069
1,0.682134
1,0.368663
1,0.471637
1,0.523156
1,0.693112
1,0.47029
1,0.251042
1,0.34266
1,0.413997
1,0.251011
1,0.545158
1,0.523156
1,0.695176
1,0.686897
1,0.199023
1,0.688935
1,0.65492
1,0.451907
1,0.376578
1,0.465396
1,0.67136
1,0.677102
1,0.452602
1,0.406427
1,0.662913
1,0.458166
1,0.293416
1,0.296768
1,0.616161
1,0.454013
1,0.399311
1,0.641942
1,0.245474
1,0.287216
1,0.642484
1,0.573089
1,0.66865
1,0.477003
1,0.621293
1,0.399421
1,0.523233
1,0.564632
1,0.464014
1,0.53972
1,0.713173
1,0.698118
1,0.75433
1,0.468298
1,0.663738
1,0.335616
1,0.362847
1,0.634089
1,0.564279
1,0.721911
1,0.16691
1,0.627683
1,0.68512
1,0.354243
1,0.702606
1,0.584052
1,0.317054
1,0.488495
1,0.315283
1,0.49601
1,0.161945
1,0.473901
1,0.644631
1,0.365172
1,0.390544
1,0.391399
1,0.738633
1,0.407007
1,0.344204
1,0.545374
1,0.157324
1,0.825722
1,0.47371
1,0.528102
1,0.730789
1,0.666551
1,0.393743
1,0.154351
1,0.405456
1,0.475807
1,0.733066
1,0.371437
1,0.651466
1,0.263166
1,0.310927
1,0.56517
1,0.816109
1,0.807078
1,0.597745
1,0.343396
1,0.278694
1,0.350482
1,0.437762
1,0.432841
1,0.585348
1,0.112839
1,0.561933
1,0.737755
1,0.539099
1,0.58137
1,0.529738
1,0.588351
1,0.591588
1,0.428761
1,0.512431
1,0.530941
1,0.719851
1,0.344148
1,0.63985
1,0.489353
1,0.583713
1,0.562854
1,0.534016
1,0.562612
1,0.802726
1,0.29397
1,0.352468
1,0.371961
1,0.542334
1,0.289944
1,0.232768
1,0.547772
1,0.346558
1,0.572919
1,0.665446
1,0.259232
1,0.38228
1,0.564139
1,0.370928
1,0.582921
1,0.366478
1,0.246694
1,0.40542
1,0.706187
1,0.949939
1,0.528416
1,0.49697
1,0.578088
1,0.270604
1,0.454286
1,0.525711
1,0.685997
1,0.110031
1,0.438132
1,0.361131
1,0.727717
1,0.547608
1,0.890758
1,0.673561
1,0.419558
1,0.492113
1,0.153546
1,0.597142
1,0.464583
1,0.625857
1,0.563291
1,0.263856
1,0.405853
1,0.704792
1,0.443687
1,0.585174
1,0.71087
1,0.296845
1,0.565923
1,0.478745
1,0.517967
1,0.49045
1,0.890508
1,0.144571
1,0.578265
1,0.200866
1,0.714141
1,0.692178
1,0.538078
1,0.411842
1,0.600789
1,0.567811
1,0.495521
1,0.488722
1,0.36994
1,0.633672
1,0.438668
1,0.655014
1,0.490677
1,0.33287
1,0.710431
1,0.561938
1,0.432102
1,0.403953
1,0.544989
1,0.246137
1,0.700524
1,0.570954
1,0.379576
1,0.807398
1,0.738646
1,0.759611
1,0.381572
1,0.262081
1,0.204846
1,0.577875
1,0.215688
1,0.491443
1,0.736846
1,0.664114
1,0.775718
1,0.390301
1,0.842567
1,0.63606
1,0.236343
1,0.613851
1,0.4584
1,0.442552
1,0.523141
1,0.536227
1,0.401436
1,0.52776
1,0.133952
1,0.428541
1,0.675857
1,0.430249
1,0.592219
1,0.664549
1,0.406748
1,0.432664
1,0.418568
1,0.836668
1,0.528551
1,0.286793
1,0.517614
1,0.633721
1,0.475014
1,0.524586
1,0.672681
1,0.535143
1,0.308091
1,0.198548
1,0.472036
1,0.287967
1,0.39451
1,0.63888
1,0.365289
1,0.527161
1,0.621316
1,0.524135
1,0.319151
1,0.466146
1,0.635012
1,0.523226
1,0.421655
1,0.880279
1,0.70014
1,0.398622
1,0.614978
1,0.403537
1,0.218421
1,0.806269
1,0.458358
1,0.682762
1,0.395659
1,0.308758
1,0.419578
1,0.600219
1,0.476782
1,0.09437
1,0.839904
1,0.271817
1,0.542789
1,0.433763
1,0.605402
1,0.526088
1,0.624961
1,0.772663
1,0.414834
1,0.373221
1,0.600943
1,0.46925
1,0.385545
1,0.359296
1,0.509434
1,0.323346
1,0.603726
1,0.688063
1,0.569809
1,0.434104
1,0.683433
1,0.72661
1,0.594657
1,0.73871
1,0.585201
1,0.300882
1,0.21074
1,0.515559
1,0.642212
1,0.70313
1,0.823372
1,0.47137
1,0.776502
1,0.259241
1,0.24762
1,0.509651
1,0.552441
1,0.669203
1,0.498459
1,0.202589
1,0.474796
1,0.502229
1,0.383662
1,0.265424
1,0.55966
1,0.175904
1,0.451333
1,0.349399
1,0.714765
1,0.423424
1,0.524773
1,0.46644
1,0.417533
1,0.480121
1,0.431804
1,0.471243
1,0.421507
1,0.387487
1,0.707974
1,0.797421
1,0.373195
1,0.457467
1,0.073333
1,0.351963
1,0.593198
1,0.658678
1,0.714145
1,0.387497
1,0.289877
1,0.686702
1,0.452077
1,0.329738
1,0.290562
1,0.297865
1,0.525934
1,0.284213
1,0.528918
1,0.474366
1,0.414328
1,0.378993
1,0.265108
1,0.653503
1,0.759466
1,0.347609
1,0.60244
1,0.290645
1,0.303614
1,0.34903
1,0.599044
1,0.396837
1,0.482221
1,0.472706
1,0.64679
1,0.548328
1,0.523642
1,0.716153
1,0.801916
1,0.588424
1,0.376632
1,0.554417
1,0.687761
1,0.270565
1,0.270007
1,0.33773
1,0.591886
1,0.250289
1,0.649309
1,0.594891
1,0.194794
1,0.517498
1,0.257113
1,0.376191
1,0.335067
1,0.29268
1,0.615044
1,0.4063
1,0.346577
1,0.850518
1,0.817305
1,0.517411
1,0.562396
1,0.372809
1,0.237712
1,0.596974
1,0.599785
1,0.447945
1,0.536367
1,0.444726
1,0.76779
1,0.698927
1,0.576425
1,0.588531
1,0.39582
1,0.499089
1,0.278621
1,0.159021
1,0.218603
1,0.233378
1,0.592518
1,0.824126
1,0.622701
1,0.274328
1,0.445627
1,0.752505
1,0.660183
1,0.58081
1,0.479253
1,0.360863
1,0.575249
1,0.38722
1,0.607013
1,0.418458
1,0.530142
1,0.363041
1,0.450571
1,0.230674
1,0.404565
1,0.212728
1,0.293245
1,0.365623
1,0.26623
1,0.514735
1,0.642082
1,0.539936
1,0.350847
1,0.318121
1,0.698787
1,0.466663
1,0.531073
1,0.786019
1,0.48142
1,0.613275
1,0.389288
1,0.764915
1,0.619927
1,0.509619
1,0.594773
1,0.870215
1,0.221832
1,0.335115
1,0.360702
1,0.820102
1,0.564318
1,0.741254
1,0.412269
1,0.531179
1,0.679673
1,0.490755
1,0.699633
1,0.652987
1,0.641176
1,0.598645
1,0.519368
1,0.098885
1,0.268664
1,0.475356
1,0.800186
1,0.756482
1,0.51943
1,0.557073
1,0.46337
1,0.206707
1,0.644509
1,0.753948
1,0.384492
1,0.512997
1,0.545853
1,0.35292
1,0.40163
1,0.12234
1,0.466663
1,0.659979
1,0.321334
1,0.668483
1,0.586352
1,0.357736
1,0.261725
1,0.52113
1,0.181892
1,0.717232
1,0.494322
1,0.833199
1,0.684465
1,0.892502
1,0.648437
1,0.492068
1,0.460905
1,0.29549
1,0.228548
1,0.692672
1,0.660335
1,0.22489
1,0.500816
1,0.399055
1,0.706805
1,0.603615
1,0.416071
1,0.571686
1,0.645651
1,0.6228
1,0.268027
1,0.75594
1,0.613514
1,0.396019
1,0.530515
1,0.414796
1,0.441076
1,0.554797
1,0.862574
1,0.580856
1,0.372695
1,0.5527
1,0.377183
1,0.589811
1,0.460913
1,0.547694
1,0.727738
1,0.661236
1,0.256711
1,0.638705
1,0.698053
1,0.614623
1,0.630968
1,0.603807
1,0.658562
1,0.719798
1,0.468648
1,0.436698
1,0.412447
1,0.814604
1,0.376373
1,0.739817
1,0.717165
1,0.67665
1,0.67873
1,0.606364
1,0.465711
1,0.561998
1,0.729076
1,0.289782
1,0.398198
1,0.70052
1,0.56157
1,0.531134
1,0.343173
1,0.494991
1,0.592934
1,0.426577
1,0.5891
1,0.276745
1,0.401438
1,0.229203
1,0.427578
1,0.644677
1,0.388344
1,0.665615
1,0.451269
1,0.357998
1,0.29213
1,0.684881
1,0.361601
1,0.428294
1,0.566689
1,0.15502
1,0.385475
1,0.434149
1,0.241982
1,0.599013
1,0.441585
1,0.724954
1,0.565147
1,0.404932
1,0.622647
1,0.803088
1,0.412877
1,0.546302
1,0.43133
1,0.498367
1,0.362384
1,0.857958
1,0.341415
1,0.471825
1,0.4306
1,0.297702
1,0.636513
1,0.720779
1,0.696665
1,0.481208
1,0.617937
1,0.357034
1,0.679301
1,0.515513
1,0.633742
1,0.205443
1,0.4558
1,0.778502
1,0.58001
1,0.469703
1,0.72326
1,0.784051
1,0.372684
1,0.460246
1,0.478808
1,0.743306
1,0.356698
1,0.725911
1,0.678306
1,0.338848
1,0.741987
1,0.805704
1,0.306513
1,0.781886
1,0.408755
1,0.501379
1,0.741078
1,0.549986
1,0.503128
1,0.279494
1,0.500016
1,0.304035
1,0.479483
1,0.511818
1,0.709707
1,0.508775
1,0.569739
1,0.267911
1,0.568823
1,0.822991
1,0.652372
1,0.564468
1,0.513319
1,0.752916
1,0.748727
1,0.78913
1,0.764898
1,0.747252
1,0.423363
1,0.601229
1,0.308871
1,0.399054
1,0.711133
1,0.747115
1,0.584473
1,0.255316
1,0.718701
1,0.436478
1,0.365497
1,0.744961
1,0.629912
1,0.42329
1,0.454145
1,0.574618
1,0.245294
1,0.395522
1,0.6067
1,0.640418
1,0.199303
1,0.567704
1,0.843182
1,0.381469
1,0.440741
1,0.762162
1,0.53866
1,0.754729
1,0.5246
1,0.256561
1,0.334266
1,0.632613
1,0.347247
1,0.509643
1,0.634994
1,0.587183
1,0.308382
1,0.464401
1,0.742575
1,0.410521
1,0.439622
1,0.603101
1,0.488009
1,0.359647
1,0.58987
1,0.515719
1,0.304798
1,0.511129
1,0.835273
1,0.545131
1,0.581947
1,0.520409
1,0.413308
1,0.507851
1,0.614869
1,0.88065
1,0.43633
1,0.735752
1,0.284698
1,0.754007
1,0.875793
1,0.292244
1,0.850792
1,0.783474
1,0.306205
1,0.694386
1,0.782348
1,0.851079
1,0.508994
1,0.748741
1,0.56998
1,0.376303
1,0.403999
1,0.53378
1,0.475734
1,0.261867
1,0.601836
1,0.39382
1,0.792543
1,0.436896
1,0.575272
1,0.610268
1,0.232345
1,0.213208
1,0.549477
1,0.534744
1,0.205028
1,0.449928
1,0.455271
1,0.495656
1,0.427301
1,0.469761
1,0.618696
1,0.551007
1,0.391377
1,0.53474
1,0.218264
1,0.713411
1,0.766776
1,0.50599
1,0.666387
1,0.328876
1,0.445515
1,0.333178
1,0.633229
1,0.16694
1,0.725369
1,0.538064
1,0.337453
1,0.398243
1,0.712021
1,0.388475
1,0.674448
1,0.33296
1,0.462042
1,0.428614
1,0.585888
1,0.752749
1,0.29689
1,0.727455
1,0.412523
1,0.394712
1,0.633314
1,0.299697
1,0.241795
1,0.43445
1,0.352887
1,0.796829
1,0.210347
1,0.1905
1,0.486946
1,0.781327
1,0.447054
1,0.600554
1,0.47733
1,0.372976
1,0.413056
1,0.520357
1,0.763519
1,0.434707
1,0.471482
1,0.622786
1,0.164038
1,0.835034
1,0.786383
1,0.709596
1,0.393545
1,0.530369
1,0.334477
1,0.420244
1,0.25302
1,0.781286
1,0.486266
1,0.466581
1,0.342287
1,0.376957
1,0.581439
1,0.750676
1,0.61411
1,0.27501
1,0.594095
1,0.421266
1,0.863458
1,0.552689
1,0.662567
1,0.554279
1,0.637898
1,0.538459
1,0.729511
1,0.628459
1,0.510641
1,0.343208
1,0.438423
1,0.570177
1,0.391508
1,0.769822
1,0.363727
1,0.204596
1,0.787593
1,0.407301
1,0.538454
1,0.470208
1,0.299381
1,0.319464
1,0.262696
1,0.285538
1,0.617587
1,0.067518
1,0.366005
1,0.478795
1,0.707969
1,0.478641
1,0.493426
1,0.310961
1,0.244281
1,0.412323
1,0.607586
1,0.706539
1,0.431188
1,0.766845
1,0.413751
1,0.509962
1,0.408794
1,0.301846
1,0.25461
1,0.57766
1,0.369888
1,0.876966
1,0.369976
1,0.818594
1,0.62581
1,0.53284
1,0.731786
1,0.241172
1,0.366756
1,0.325958
1,0.596356
1,0.487635
1,0.380692
1,0.3026
1,0.753911
1,0.605684
1,0.367787
1,0.568015
1,0.320631
1,0.344579
1,0.196977
1,0.690226
1,0.521429
1,0.140234
1,0.302386
1,0.579675
1,0.377235
1,0.327005
1,0.513174
1,0.715882
1,0.70396
1,0.778746
1,0.566762
1,0.322674
1,0.515718
1,0.437509
1,0.321245
1,0.441286
1,0.382122
1,0.225108
1,0.282921
1,0.347383
1,0.398282
1,0.531307
1,0.320926
1,0.468412
1,0.555422
1,0.517548
1,0.431265
1,0.743061
1,0.514367
1,0.38573
1,0.849044
1,0.624087
1,0.345004
1,0.769422
1,0.567241
1,0.509691
1,0.567076
1,0.492312
1,0.450982
1,0.377283
1,0.331995
1,0.707662
1,0.483874
1,0.596787
1,0.54548
1,0.158316
1,0.568594
1,0.508044
1,0.741391
1,0.583692
1,0.770604
1,0.732345
1,0.672968
1,0.58076
1,0.408511
1,0.427271
1,0.468172
1,0.446858
1,0.439595
1,0.723001
1,0.330745
1,0.397669
1,0.443183
1,0.767839
1,0.674107
1,0.494021
1,0.493278
1,0.845292
1,0.457406
1,0.625937
1,0.795128
1,0.26361
1,0.672748
1,0.340827
1,0.548276
1,0.50013
1,0.341161
1,0.601147
1,0.442926
1,0.420969
1,0.748002
1,0.729874
1,0.690351
1,0.650075
1,0.451847
1,0.388832
1,0.392201
1,0.707574
1,0.463178
1,0.523646
1,0.122479
1,0.806915
1,0.302062
1,0.533793
1,0.364214
1,0.437879
1,0.4342
1,0.426352
1,0.538659
1,0.659077
1,0.517467
1,0.348564
1,0.816035
1,0.625891
1,0.326134
1,0.371027
1,0.466135
1,0.422888
1,0.470569
1,0.411529
1,0.681979
1,0.561827
1,0.2285
1,0.204918
1,0.331188
1,0.632367
1,0.334355
1,0.644915
1,0.533884
1,0.141285
1,0.574545
1,0.683391
1,0.651595
1,0.743439
1,0.30855
1,0.590804
1,0.408048
1,0.381836
1,0.564878
1,0.561895
1,0.411369
1,0.69519
1,0.452582
1,0.371095
1,0.342379
1,0.589462
1,0.283232
1,0.457059
1,0.586546
1,0.406636
1,0.653085
1,0.686925
1,0.924989
1,0.630864
1,0.646836
1,0.762236
1,0.609259
1,0.382202
1,0.903927
1,0.391631
1,0.533275
1,0.498222
1,0.836672
1,0.672751
1,0.605979
1,0.299912
1,0.561956
1,0.376239
1,0.342516
1,0.833081
1,0.54749
1,0.20907
1,0.527689
1,0.410343
1,0.382355
1,0.362745
1,0.366776
1,0.510163
1,0.732314
1,0.637632
1,0.415622
1,0.226995
1,0.617653
1,0.579007
1,0.583605
1,0.659591
1,0.424897
1,0.735389
1,0.75072
1,0.654089
1,0.762588
1,0.394728
1,0.874305
1,0.438317
1,0.342161
1,0.748582
1,0.330894
1,0.344249
1,0.45703
1,0.244085
1,0.551544
1,0.478646
1,0.540571
1,0.842219
1,0.556686
1,0.706375
1,0.725292
1,0.812699
1,0.338696
1,0.392118
1,0.507234
1,0.388445
1,0.242006
1,0.269078
1,0.690491
1,0.553529
1,0.634058
1,0.706246
1,0.33555
1,0.387338
1,0.352676
1,0.527161
1,0.8122
1,0.599359
1,0.615203
1,0.553731
1,0.492787
1,0.67459
1,0.681878
1,0.637099
1,0.220421
1,0.578276
1,0.464068
1,0.372648
1,0.56415
1,0.597382
1,0.590537
1,0.341654
1,0.598064
1,0.526564
1,0.363753
1,0.653012
1,0.671995
1,0.405564
1,0.436582
1,0.306348
1,0.744524
1,0.606065
1,0.372757
1,0.252039
1,0.246881
1,0.329242
1,0.529954
1,0.444606
1,0.337865
1,0.400552
1,0.583721
1,0.558192
1,0.331293
1,0.291078
1,0.560148
1,0.599254
1,0.547498
1,0.847416
1,0.434087
1,0.535034
1,0.662527
1,0.59315
1,0.255568
1,0.69516
1,0.321945
1,0.448778
1,0.642358
1,0.397621
1,0.732506
1,0.575787
1,0.706589
1,0.573686
1,0.727558
1,0.530658
1,0.676644
1,0.573301
1,0.463388
1,0.308284
1,0.563185
1,0.349384
1,0.289087
1,0.730505
1,0.1575
1,0.427462
1,0.301559
1,0.258617
1,0.627391
1,0.3856
1,0.881803
1,0.841737
1,0.555093
1,0.526658
1,0.366863
1,0.456056
1,0.663082
1,0.239066
1,0.523205
1,0.47393
1,0.498364
1,0.437759
1,0.289652
1,0.594362
1,0.465913
1,0.36439
1,0.599309
1,0.741591
1,0.678875
1,0.582597
1,0.605516
1,0.380237
1,0.517123
1,0.280097
1,0.367518
1,0.517306
1,0.518067
1,0.411458
1,0.676693
1,0.552871
1,0.560598
1,0.551979
1,0.294565
1,0.318518
1,0.279809
1,0.616429
1,0.561924
1,0.405177
1,0.259094
1,0.538738
1,0.46054
1,0.674693
1,0.741528
1,0.483347
1,0.585681
1,0.537501
1,0.250997
1,0.740234
1,0.278894
1,0.248454
1,0.709018
1,0.641408
1,0.546605
1,0.391281
1,0.588504
1,0.425209
1,0.293784
1,0.405662
1,0.284023
1,0.777477
1,0.524536
1,0.53776
1,0.554257
1,0.656799
1,0.181999
1,0.450704
1,0.529993
1,0.462759
1,0.3209
1,0.540438
1,0.649371
1,0.605963
1,0.17392
1,0.338185
1,0.253334
1,0.424294
1,0.471853
1,0.507409
1,0.751513
1,0.692773
1,0.590103
1,0.589376
1,0.664274
1,0.281599
1,0.530875
1,0.59892
1,0.544529
1,0.66529
1,0.600806
1,0.434822
1,0.527455
1,0.481719
1,0.802884
1,0.653744
1,0.436433
1,0.8001
1,0.359454
1,0.289235
1,0.310659
1,0.237464
1,0.479791
1,0.624732
1,0.329876
1,0.324517
1,0.531113
1,0.481464
1,0.610906
1,0.139933
1,0.561288
1,0.840469
1,0.228944
1,0.623481
1,0.421597
1,0.566545
1,0.621783
1,0.275416
1,0.433442
1,0.405956
1,0.411989
1,0.325458
1,0.404693
1,0.489378
1,0.556255
1,0.238768
1,0.476877
1,0.190568
1,0.653242
1,0.400474
1,0.556717
1,0.664777
1,0.137171
1,0.354715
1,0.183787
1,0.851245
1,0.501902
1,0.758962
1,0.533212
1,0.4742
1,0.324269
1,0.275597
1,0.25373
1,0.354431
1,0.132143
1,0.625177
1,0.374423
1,0.73934
1,0.949436
1,0.671525
1,0.399494
1,0.277446
1,0.777091
1,0.621754
1,0.385979
1,0.318165
1,0.268255
1,0.630942
1,0.844209
1,0.354283
1,0.312645
1,0.708006
1,0.635466
1,0.437418
1,0.272938
1,0.310924
1,0.565739
1,0.842349
1,0.836711
1,0.531194
1,0.479136
1,0.196099
1,0.645175
1,0.341689
1,0.718612
1,0.525318
1,0.427775
1,0.675531
1,0.260989
1,0.402429
1,0.454802
1,0.193131
1,0.472948
1,0.177409
1,0.25247
1,0.422776
1,0.627229
1,0.458464
1,0.359126
1,0.561299
1,0.459199
1,0.85626
1,0.304877
1,0.652271
1,0.562438
1,0.745745
1,0.431107
1,0.592645
1,0.513006
1,0.784933
1,0.44814
1,0.485881
1,0.659886
1,0.630388
1,0.785595
1,0.708368
1,0.433231
1,0.28029
1,0.374803
1,0.422109
1,0.719744
1,0.452463
1,0.545618
1,0.78331
1,0.427126
1,0.849569
1,0.475043
1,0.385103
1,0.247952
1,0.208015
1,0.433419
1,0.68719
1,0.447908
1,0.44396
1,0.443242
1,0.397727
1,0.527326
1,0.695439
1,0.540937
1,0.705683
1,0.576276
1,0.48775
1,0.417148
1,0.722154
1,0.30605
1,0.745546
1,0.317847
1,0.497012
1,0.447472
1,0.506506
1,0.581654
1,0.607446
1,0.277992
1,0.246478
1,0.580247
1,0.638539
1,0.490129
1,0.710843
1,0.474201
1,0.664324
1,0.776257
1,0.531159
1,0.547716
1,0.440034
1,0.435331
1,0.544162
1,0.250945
1,0.5821
1,0.629153
1,0.491001
1,0.490382
1,0.26971
1,0.457949
1,0.697539
1,0.565745
1,0.35547
1,0.730022
1,0.516089
1,0.563566
1,0.495113
1,0.305086
1,0.655182
1,0.585324
1,0.370911
1,0.539372
1,0.906553
1,0.319497
1,0.782823
1,0.507886
1,0.293492
1,0.501651
1,0.80487
1,0.587339
1,0.891057
1,0.454613
1,0.459494
1,0.420655
1,0.776875
1,0.532038
1,0.703987
1,0.289251
1,0.678588
1,0.16889
1,0.363023
1,0.564918
1,0.602301
1,0.885556
1,0.48072
1,0.517002
1,0.389574
1,0.645414
1,0.482065
1,0.188492
1,0.605128
1,0.365877
1,0.6187
1,0.46952
1,0.311005
1,0.376536
1,0.266476
1,0.464316
1,0.459507
1,0.712387
1,0.407884
1,0.53883
1,0.606295
1,0.869913
1,0.856267
1,0.31863
1,0.364833
1,0.329265
1,0.876722
1,0.294516
1,0.556423
1,0.60199
1,0.59739
1,0.42421
1,0.601384
1,0.586544
1,0.760032
1,0.696703
1,0.449045
1,0.6248
1,0.584266
1,0.18821
1,0.607439
1,0.684754
1,0.743625
1,0.547173
1,0.212227
1,0.5755
1,0.428084
1,0.559753
1,0.228622
1,0.475408
1,0.558554
1,0.546275
1,0.669385
1,0.623319
1,0.463416
1,0.261511
1,0.424857
1,0.392607
1,0.779048
1,0.431083
1,0.331303
1,0.268342
1,0.383704
1,0.510621
1,0.359674
1,0.314967
1,0.60467
1,0.689472
1,0.333387
1,0.849806
1,0.866889
1,0.278923
1,0.396384
1,0.673998
1,0.51637
1,0.640319
1,0.247844
1,0.521513
1,0.62919
1,0.487075
1,0.740773
1,0.386394
1,0.777749
1,0.369974
1,0.546717
1,0.690653
1,0.472766
1,0.614076
1,0.432845
1,0.719743
1,0.211079
1,0.601729
1,0.517122
1,0.602097
1,0.685939
1,0.470506
1,0.7864
1,0.58692
1,0.395137
1,0.314161
1,0.39985
1,0.5601
1,0.699352
1,0.567817
1,0.667125
1,0.640903
1,0.703617
1,0.166917
1,0.485532
1,0.258728
1,0.362469
1,0.459678
1,0.644129
1,0.580195
1,0.180805
1,0.618074
1,0.746326
1,0.525475
1,0.569453
1,0.81108
1,0.53937
1,0.826005
1,0.611376
1,0.49366
1,0.80834
1,0.76208
1,0.367871
1,0.310124
1,0.315704
1,0.640386
1,0.702145
1,0.437161
1,0.61115
1,0.258384
1,0.839448
1,0.260459
1,0.592626
1,0.757974
1,0.686531
1,0.531546
1,0.486456
1,0.142309
1,0.332969
1,0.241536
1,0.455188
1,0.781154
1,0.462646
1,0.906232
1,0.366305
1,0.744516
1,0.529979
1,0.705023
1,0.551818
1,0.579492
1,0.746449
1,0.726732
1,0.155065
1,0.768355
1,0.473038
1,0.4476
1,0.335092
1,0.522026
1,0.810059
1,0.359348
1,0.63986
1,0.304693
1,0.194303
1,0.834758
1,0.699806
1,0.561595
1,0.162977
1,0.740874
1,0.476804
1,0.464576
1,0.250105
1,0.596365
1,0.829968
1,0.447689
1,0.612661
1,0.292562
1,0.460231
1,0.376682
1,0.287892
1,0.709431
1,0.601242
1,0.253768
1,0.368356
1,0.424868
1,0.81022
1,0.364501
1,0.467383
1,0.730499
1,0.342042
1,0.50713
1,0.43408
1,0.375372
1,0.465962
1,0.534995
1,0.776048
1,0.423064
1,0.461752
1,0.772081
1,0.496469
1,0.735873
1,0.361358
1,0.251738
1,0.404273
1,0.80793
1,0.278568
1,0.612182
1,0.4948
1,0.782592
1,0.378055
1,0.255012
1,0.481509
1,0.602627
1,0.733477
1,0.554094
1,0.268105
1,0.515369
1,0.799756
1,0.465746
1,0.749996
1,0.21202
1,0.166647
1,0.576046
1,0.431352
1,0.709439
1,0.489011
1,0.639197
1,0.706276
1,0.212585
1,0.391634
1,0.682017
1,0.468914
1,0.80842
1,0.395771
1,0.348262
1,0.257749
1,0.602118
1,0.247148
1,0.559666
1,0.329941
1,0.501756
1,0.460916
1,0.251712
1,0.532027
1,0.227441
1,0.722086
1,0.199555
1,0.637
1,0.614971
1,0.540486
1,0.265666
1,0.763614
1,0.675126
1,0.599552
1,0.363244
1,0.305576
1,0.720144
1,0.508661
1,0.848199
1,0.328179
1,0.374248
1,0.26798
1,0.493483
1,0.599736
1,0.703891
1,0.301553
1,0.501381
1,0.524355
1,0.441884
1,0.473693
1,0.604629
1,0.724616
1,0.78883
1,0.403237
1,0.525075
1,0.533248
1,0.430204
1,0.374784
1,0.468406
1,0.627889
1,0.231261
1,0.460704
1,0.463733
1,0.588326
1,0.702406
1,0.444694
1,0.409823
1,0.342399
1,0.436398
1,0.519896
1,0.527814
1,0.645862
1,0.465154
1,0.344742
1,0.509115
1,0.80303
1,0.277551
1,0.768289
1,0.165381
1,0.584131
1,0.539929
1,0.641291
1,0.435296
1,0.645397
1,0.792204
1,0.452511
1,0.589537
1,0.446305
1,0.765326
1,0.499734
1,0.396971
1,0.90463
1,0.778493
1,0.439989
1,0.448325
1,0.576222
1,0.653396
1,0.480414
1,0.3647
1,0.72557
1,0.630555
1,0.615436
1,0.526311
1,0.635708
1,0.413828
1,0.412157
1,0.544404
1,0.411337
1,0.803339
1,0.731687
1,0.513636
1,0.416683
1,0.284986
1,0.493384
1,0.611557
1,0.487542
1,0.326935
1,0.346738
1,0.321079
1,0.546189
1,0.63415
1,0.540237
1,0.563272
1,0.666853
1,0.41158
1,0.705616
1,0.655792
1,0.737132
1,0.574448
1,0.672883
1,0.469924
1,0.803468
1,0.179442
1,0.452466
1,0.463345
1,0.712906
1,0.562924
1,0.407859
1,0.660799
1,0.366794
1,0.329018
1,0.544098
1,0.623213
1,0.318974
1,0.294319
1,0.65032
1,0.31067
1,0.462777
1,0.664042
1,0.327961
1,0.899492
1,0.345152
1,0.407491
1,0.336376
1,0.16159
1,0.290202
1,0.550382
1,0.728822
1,0.581796
1,0.679524
1,0.41195
1,0.537401
1,0.676784
1,0.425115
1,0.466185
1,0.719377
1,0.45991
1,0.704752
1,0.525391
1,0.262292
1,0.537062
1,0.590211
1,0.385222
1,0.631113
1,0.734573
1,1.0
1,0.496651
1,0.464915
1,0.297518
1,0.372651
1,0.355607
1,0.827273
1,0.624428
1,0.566624
1,0.45811
1,0.617699
1,0.190498
1,0.366041
1,0.413903
1,0.60334
1,0.589872
1,0.452981
1,0.479693
1,0.59034
1,0.219684
1,0.80442
1,0.505421
1,0.700527
1,0.118869
1,0.69949
1,0.457219
1,0.063453
1,0.541835
1,0.582001
1,0.252331
1,0.291039
1,0.698402
1,0.57772
1,0.507433
1,0.274123
1,0.636677
1,0.431501
1,0.473722
1,0.22704
1,0.680364
1,0.668178
1,0.488166
1,0.477664
1,0.373127
1,0.829957
1,0.689201
1,0.563743
1,0.829443
1,0.567142
1,0.082311
1,0.296738
1,0.687587
1,0.25249
1,0.697653
1,0.161437
1,0.68371
1,0.662549
1,0.514106
1,0.77845
1,0.308989
1,0.198176
1,0.778787
1,0.883727
1,0.742143
1,0.442116
1,0.206705
1,0.446562
1,0.638261
1,0.591451
1,0.587833
1,0.451052
1,0.433004
1,0.510517
1,0.624104
1,0.501635
1,0.888474
1,0.763329
1,0.354032
1,0.280312
1,0.620725
1,0.337674
1,0.661979
1,0.52516
1,0.59491
1,0.467224
1,0.763377
1,0.575192
1,0.854208
1,0.758123
1,0.409111
1,0.471947
1,0.2903
1,0.231224
1,0.623002
1,0.457989
1,0.466331
1,0.267999
1,0.610504
1,0.780033
1,0.353974
1,0.383025
1,0.403998
1,0.605254
1,0.222764
1,0.463842
1,0.567828
1,0.530677
1,0.382361
1,0.662172
1,0.895007
1,0.202107
1,0.725163
1,0.492334
1,0.777062
1,0.346112
1,0.77198
1,0.437168
1,0.218695
1,0.427642
1,0.796336
1,0.173048
1,0.718441
1,0.411331
1,0.577276
1,0.36581
1,0.568069
1,0.610038
1,0.195893
1,0.517517
1,0.584245
1,0.452673
1,0.77021
1,0.172031
1,0.544278
1,0.721089
1,0.748589
1,0.389073
1,0.756856
1,0.760494
1,0.671973
1,0.301104
1,0.493381
1,0.615147
1,0.554262
1,0.512262
1,0.629083
1,0.383899
1,0.545601
1,0.316919
1,0.534974
1,0.61613
1,0.484176
1,0.651657
1,0.725049
1,0.323181
1,0.418742
1,0.456974
1,0.396634
1,0.601471
1,0.726727
1,0.407192
1,0.433596
1,0.467349
1,0.380243
1,0.352211
1,0.17435
1,0.204719
1,0.302918
1,0.658663
1,0.446528
1,0.2305
1,0.469044
1,0.375522
1,0.600818
1,0.591168
1,0.546555
1,0.494155
1,0.06396
1,0.417391
1,0.333004
1,0.436865
1,0.263719
1,0.697735
1,0.465093
1,0.201761
1,0.439868
1,0.801577
1,0.53347
1,0.336386
1,0.891064
1,0.420303
1,0.578832
1,0.417434
1,0.357883
1,0.537673
1,0.624063
1,0.487127
1,0.821299
1,0.483951
1,0.722538
1,0.729384
1,0.376739
1,0.718214
1,0.602379
1,0.518539
1,0.530062
1,0.173545
1,0.577277
1,0.610383
1,0.665559
1,0.516261
1,0.484039
1,0.386424
1,0.688372
1,0.408888
1,0.567967
1,0.352533
1,0.569529
1,0.376527
1,0.146386
1,0.102848
1,0.180695
1,0.614279
1,0.863117
1,0.433571
1,0.671497
1,0.756083
1,0.480868
1,0.606764
1,0.531182
1,0.447139
1,0.509315
1,0.329611
1,0.470428
1,0.377487
1,0.559936
1,0.517255
1,0.30238
1,0.64675
1,0.63883
1,0.559942
1,0.746121
1,0.738546
1,0.492911
1,0.407225
1,0.56667
1,0.351478
1,0.688661
1,0.428091
1,0.505332
1,0.553359
1,0.267171
1,0.471163
1,0.581299
1,0.188988
1,0.633815
1,0.246746
1,0.74751
1,0.389289
1,0.473352
1,0.562147
1,0.358468
1,0.634287
1,0.897933
1,0.610372
1,0.752854
1,0.281231
1,0.240217
1,0.530017
1,0.366365
1,0.386199
1,0.569542
1,0.351767
1,0.74133
1,0.286625
1,0.53939
1,0.602848
1,0.405813
1,0.410741
1,0.516562
1,0.386166
1,0.246277
1,0.842928
1,0.482874
1,0.294744
1,0.669554
1,0.28541
1,0.454564
1,0.402588
1,0.758608
1,0.614537
1,0.200505
1,0.515249
1,0.560617
1,0.772078
1,0.707607
1,0.478624
1,0.771995
1,0.625288
1,0.551179
1,0.483655
1,0.206465
1,0.624657
1,0.684935
1,0.300212
1,0.675571
1,0.576041
1,0.624309
1,0.452885
1,0.684867
1,0.391183
1,0.563686
1,0.629773
1,0.758954
1,0.45157
1,0.849036
1,0.522723
1,0.518392
1,0.651556
1,0.130904
1,0.399386
1,0.382503
1,0.549992
1,0.745179
1,0.37658
1,0.607903
1,0.303723
1,0.293848
1,0.635652
1,0.360135
1,0.714747
1,0.60899
1,0.444324
1,0.415836
1,0.519985
1,0.21657
1,0.554874
1,0.296348
1,0.735723
1,0.463895
1,0.580385
1,0.38242
1,0.584762
1,0.519712
1,0.449138
1,0.893365
1,0.40222
1,0.250274
1,0.6477
1,0.392588
1,0.416582
1,0.511975
1,0.695678
1,0.666316
1,0.479734
1,0.456025
1,0.437503
1,0.30242
1,0.591843
1,0.488952
1,0.790073
1,0.077343
1,0.141899
1,0.388349
1,0.736796
1,0.472502
1,0.288262
1,0.658773
1,0.48245
1,0.670406
1,0.467376
1,0.537328
1,0.416841
1,0.432377
1,0.665643
1,0.760431
1,0.481688
1,0.821331
1,0.1409
1,0.470302
1,0.292765
1,0.620962
1,0.512495
1,0.382083
1,0.415485
1,0.479558
1,0.331008
1,0.532497
1,0.513102
1,0.375766
1,0.327426
1,0.115658
1,0.7637
1,0.308103
1,0.571791
1,0.557361
1,0.58549
1,0.260639
1,0.602021
1,0.373104
1,0.217352
1,0.402387
1,0.698474
1,0.339681
1,0.747654
1,0.234361
1,0.641064
1,0.361831
1,0.128278
1,0.618713
1,0.687587
1,0.395213
1,0.40028
1,0.868402
1,0.391536
1,0.272612
1,0.476905
1,0.422732
1,0.465914
1,0.50405
1,0.385175
1,0.61623
1,0.604663
1,0.585457
1,0.1201
1,0.39079
1,0.21221
1,0.248055
1,0.478283
1,0.525559
1,0.30449
1,0.539349
1,0.725496
1,0.308157
1,0.320989
1,0.416097
1,0.272361
1,0.364408
1,0.323113
1,0.34307
1,0.745743
1,0.634333
1,0.537695
1,0.70592
1,0.350814
1,0.176352
1,0.323107
1,0.521804
1,0.52113
1,0.843899
1,0.725442
1,0.536562
1,0.3569
1,0.386006
1,0.657904
1,0.785203
1,0.362044
1,0.275143
1,0.649789
1,0.805878
1,0.288397
1,0.49906
1,0.528065
1,0.521486
1,0.649565
1,0.449204
1,0.44418
1,0.252776
1,0.572669
1,0.686407
1,0.781224
1,0.547405
1,0.615448
1,0.363912
1,0.454907
1,0.308703
1,0.610926
1,0.414507
1,0.874664
1,0.488961
1,0.413904
1,0.348361
1,0.285497
1,0.639389
1,0.440147
1,0.522771
1,0.410258
1,0.841187
1,0.274073
1,0.77774
1,0.757803
1,0.569628
1,0.344165
1,0.42708
1,0.553056
1,0.806559
1,0.843483
1,0.831194
1,0.590509
1,0.723962
1,0.812481
1,0.306996
1,0.687483
1,0.337748
1,0.298783
1,0.198327
1,0.495259
1,0.642188
1,0.431832
1,0.561996
1,0.295319
1,0.341643
1,0.566331
1,0.554076
1,0.227406
1,0.493412
1,0.308387
1,0.415987
1,0.531447
1,0.481102
1,0.690992
1,0.683622
1,0.462474
1,0.42304
1,0.689872
1,0.128497
1,0.469691
1,0.781231
1,0.373767
1,0.72078
1,0.751335
1,0.404739
1,0.442533
1,0.521166
1,0.357548
1,0.570125
1,0.549166
1,0.328779
1,0.616338
1,0.735031
1,0.567336
1,0.892976
1,0.36669
1,0.540669
1,0.943535
1,0.503356
1,0.541942
1,0.597726
1,0.613194
1,0.497451
1,0.599871
1,0.476349
1,0.581524
1,0.743966
1,0.390427
1,0.749568
1,0.381958
1,0.304923
1,0.280078
1,0.721135
1,0.443979
1,0.703291
1,0.893897
1,0.35161
1,0.428679
1,0.530636
1,0.466352
1,0.464204
1,0.412425
1,0.618364
1,0.214039
1,0.647242
1,0.483231
1,0.544012
1,0.392706
1,0.551597
1,0.713486
1,0.745341
1,0.226113
1,0.629981
1,0.191305
1,0.792707
1,0.855892
1,0.713791
1,0.48533
1,0.495504
1,0.463032
1,0.433856
1,0.142371
1,0.488375
1,0.569175
1,0.144045
1,0.628614
1,0.252313
1,0.341799
1,0.732893
1,0.586412
1,0.791923
1,0.590116
1,0.510553
1,0.202817
1,0.629554
1,0.374228
1,0.361172
1,0.247236
1,0.728192
1,0.149384
1,0.357662
1,0.442332
1,0.691981
1,0.792889
1,0.656139
1,0.501348
1,0.381932
1,0.614207
1,0.205038
1,0.738784
1,0.813655
1,0.372449
1,0.487871
1,0.252757
1,0.815466
1,0.730559
1,0.308922
1,0.717324
1,0.638917
1,0.674367
1,0.540601
1,0.40554
1,0.522709
1,0.406837
1,0.518422
1,0.441881
1,0.75063
1,0.510153
1,0.644952
1,0.319258
1,0.373337
1,0.391998
1,0.239733
1,0.245501
1,0.352716
1,0.524855
1,0.436734
1,0.806178
1,0.292207
1,0.460962
1,0.529101
1,0.79233
1,0.460357
1,0.297523
1,0.346511
1,0.755073
1,0.456628
1,0.943438
1,0.617296
1,0.66973
1,0.520561
1,0.474126
1,0.19573
1,0.177085
1,0.459906
1,0.531027
1,0.655223
1,0.359154
1,0.257386
1,0.653408
1,0.509106
1,0.586431
1,0.431272
1,0.373107
1,0.516094
1,0.941263
1,0.627463
1,0.494835
1,0.308131
1,0.508579
1,0.460297
1,0.366714
1,0.496207
1,0.680048
1,0.49491
1,0.358123
1,0.395198
1,0.279963
1,0.495424
1,0.67802
1,0.627739
1,0.540771
1,0.181801
1,0.16167
1,0.716582
1,0.193935
1,0.80951
1,0.204646
1,0.578787
1,0.220744
1,0.190791
1,0.709068
1,0.697156
1,0.525887
1,0.477078
1,0.346801
1,0.257764
1,0.809876
1,0.701293
1,0.339931
1,0.70262
1,0.43709
1,0.315568
1,0.564258
1,0.592174
1,0.282134
1,0.501283
1,0.521618
1,0.21434
1,0.457677
1,0.351879
1,0.259227
1,0.309466
1,0.299698
1,0.602591
1,0.546583
1,0.376826
1,0.387794
1,0.489793
1,0.549352
1,0.357147
1,0.756778
1,0.406916
1,0.492057
1,0.523572
1,0.637351
1,0.232947
1,0.52988
1,0.427418
1,0.561287
1,0.528046
1,0.449973
1,0.311559
1,0.487648
1,0.551856
1,0.361863
1,0.680129
1,0.485507
1,0.345383
1,0.435392
1,0.348526
1,0.274679
1,0.640159
1,0.429611
1,0.293734
1,0.72309
1,0.295323
1,0.465954
1,0.719916
1,0.417792
1,0.563637
1,0.516204
1,0.798876
1,0.607848
1,0.494256
1,0.444725
1,0.381507
1,0.55386
1,0.460882
1,0.271447
1,0.483427
1,0.249806
1,0.595369
1,0.52939
1,0.336568
1,0.763842
1,0.578443
1,0.5888
1,0.631388
1,0.428703
1,0.427921
1,0.716366
1,0.397272
1,0.293047
1,0.735835
1,0.599305
1,0.567878
1,0.720168
1,0.653611
1,0.355667
1,0.350029
1,0.647736
1,0.245783
1,0.809889
1,0.305743
1,0.720246
1,0.500693
1,0.600991
1,0.653375
1,0.750775
1,0.774032
1,0.164103
1,0.282369
1,0.397072
1,0.43511
1,0.485037
1,0.779097
1,0.288896
1,0.496159
1,0.82096
1,0.501215
1,0.137068
1,0.557315
1,0.419734
1,0.702625
1,0.352854
1,0.356902
1,0.492105
1,0.66031
1,0.254442
1,0.562969
1,0.348474
1,0.392727
1,0.709203
1,0.87646
1,0.697124
1,0.758055
1,0.559303
1,0.523704
1,0.746663
1,0.444805
1,0.297641
1,0.670014
1,0.440737
1,0.550549
1,0.476459
1,0.429784
1,0.689832
1,0.540978
1,0.631751
1,0.653971
1,0.87863
1,0.353734
1,0.48626
1,0.657307
1,0.465035
1,0.763683
1,0.26923
1,0.542257
1,0.553355
1,0.629926
1,0.505529
1,0.597576
1,0.437334
1,0.223805
1,0.394282
1,0.568519
1,0.505679
1,0.62089
1,0.627496
1,0.610134
1,0.354837
1,0.547934
1,0.317141
1,0.184135
1,0.676226
1,0.34305
1,0.577921
1,0.486836
1,0.786414
1,0.465912
1,0.769714
1,0.086838
1,0.650739
1,0.546335
1,0.460926
1,0.481199
1,0.279221
1,0.52497
1,0.558351
1,0.806075
1,0.522269
1,0.319511
1,0.09307
1,0.367414
1,0.625635
1,0.628166
1,0.24574
1,0.441229
1,0.429039
1,0.675318
1,0.274059
1,0.511688
1,0.34219
1,0.425185
1,0.75621
1,0.400073
1,0.610104
1,0.398649
1,0.447682
1,0.469743
1,0.676529
1,0.63821
1,0.411425
1,0.503857
1,0.673257
1,0.171082
1,0.81365
1,0.67593
1,0.513351
1,0.260699
1,0.531708
1,0.508393
1,0.373237
1,0.234649
1,0.648639
1,0.695628
1,0.6908
1,0.551852
1,0.344972
1,0.38994
1,0.577397
1,0.612562
1,0.478437
1,0.356544
1,0.471369
1,0.756702
1,0.294646
1,0.27641
1,0.818791
1,0.443337
1,0.585997
1,0.707242
1,0.668059
1,0.342928
1,0.074151
1,0.609076
1,0.316002
1,0.271995
1,0.539868
1,0.65918
1,0.288995
1,0.631618
1,0.500576
1,0.562702
1,0.698928
1,0.42806
1,0.549642
1,0.826371
1,0.828902
1,0.266339
1,0.368524
1,0.630133
1,0.525853
1,0.429308
1,0.761657
1,0.503075
1,0.339183
1,0.543675
1,0.638313
1,0.591251
1,0.370348
1,0.605869
1,0.718424
1,0.196237
1,0.729313
1,0.568294
1,0.44401
1,0.664285
1,0.449367
1,0.407791
1,0.41707
1,0.422821
1,0.671657
1,0.595122
1,0.444876
1,0.636805
1,0.562384
1,0.599593
1,0.349408
1,0.648849
1,0.313485
1,0.427123
1,0.531915
1,0.390062
1,0.334596
1,0.120753
1,0.303433
1,0.736455
1,0.745726
1,0.470941
1,0.656677
1,0.648831
1,0.74188
1,0.411368
1,0.254281
1,0.643651
1,0.663549
1,0.056525
1,0.434671
1,0.539646
1,0.527014
1,0.457836
1,0.254468
1,0.326835
1,0.579315
1,0.302446
1,0.276219
1,0.780998
1,0.44392
1,0.759279
1,0.507495
1,0.838692
1,0.395195
1,0.823087
1,0.148693
1,0.516005
1,0.808705
1,0.503553
1,0.597082
1,0.401133
1,0.695044
1,0.259951
1,0.506914
1,0.477424
1,0.368522
1,0.669832
1,0.461878
1,0.481456
1,0.439559
1,0.67935
1,0.526785
1,0.531351
1,0.268977
1,0.40008
1,0.509197
1,0.698621
1,0.643783
1,0.536818
1,0.611563
1,0.33812
1,0.469553
1,0.434433
1,0.698564
1,0.104241
1,0.824527
1,0.599581
1,0.443167
1,0.498332
1,0.446736
1,0.419703
1,0.426594
1,0.574185
1,0.580796
1,0.595149
1,0.623045
1,0.624824
1,0.349697
1,0.787185
1,0.630266
1,0.70676
1,0.653299
1,0.386615
1,0.329
1,0.333588
1,0.722666
1,0.439356
1,0.446855
1,0.422797
1,0.632323
1,0.51694
1,0.264132
1,0.61489
1,0.337558
1,0.535382
1,0.417095
1,0.384726
1,0.267095
1,0.641853
1,0.631311
1,0.41478
1,0.458071
1,0.710753
1,0.671027
1,0.49993
1,0.624735
1,0.061513
1,0.444542
1,0.355493
1,0.596741
1,0.567826
1,0.603983
1,0.703307
1,0.386398
1,0.481049
1,0.571038
1,0.656301
1,0.699087
1,0.461993
1,0.688298
1,0.703658
1,0.356654
1,0.457803
1,0.64456
1,0.241571
1,0.491528
1,0.517807
1,0.527182
1,0.468516
1,0.50311
1,0.355378
1,0.211925
1,0.369424
1,0.384432
1,0.449411
1,0.556574
1,0.657893
1,0.481106
1,0.407526
1,0.476826
1,0.881602
1,0.236388
1,0.65465
1,0.444067
1,0.666124
1,0.406483
1,0.84051
1,0.595447
1,0.461295
1,0.530297
1,0.482978
1,0.552756
1,0.383829
1,0.235604
1,0.608509
1,0.181602
1,0.396372
1,0.476133
1,0.774695
1,0.285522
1,0.664128
1,0.746453
1,0.794113
1,0.571089
1,0.356443
1,0.685992
1,0.31285
1,0.549703
1,0.375306
1,0.609951
1,0.658119
1,0.367105
1,0.363273
1,0.628982
1,0.641016
1,0.466869
1,0.566839
1,0.337236
1,0.482901
1,0.481103
1,0.699572
1,0.326915
1,0.637896
1,0.496158
1,0.266697
1,0.625651
1,0.19029
1,0.451527
1,0.580367
1,0.505299
1,0.222697
1,0.513362
1,0.422508
1,0.396415
1,0.640972
1,0.547311
1,0.88628
1,0.593686
1,0.434957
1,0.637325
1,0.647683
1,0.350392
1,0.453498
1,0.29941
1,0.456727
1,0.670444
1,0.361275
1,0.572964
1,0.48338
1,0.383555
1,0.31203
1,0.78801
1,0.360926
1,0.643917
1,0.276651
1,0.584726
1,0.540339
1,0.220246
1,0.489628
1,0.50751
1,0.418271
1,0.404909
1,0.422972
1,0.272783
1,0.545195
1,0.520553
1,0.771128
1,0.549328
1,0.280501
1,0.624221
1,0.43118
1,0.546069
1,0.398945
1,0.317587
1,0.656117
1,0.318162
1,0.476296
1,0.670802
1,0.672713
1,0.68427
1,0.319049
1,0.321598
1,0.228018
1,0.461386
1,0.499955
1,0.792833
1,0.760409
1,0.6113
1,0.583397
1,0.46552
1,0.714994
1,0.332089
1,0.445297
1,0.366462
1,0.747461
1,0.80641
1,0.611716
1,0.619717
1,0.686348
1,0.448983
1,0.593832
1,0.436707
1,0.54832
1,0.629663
1,0.322234
1,0.297202
1,0.265786
1,0.404688
1,0.89638
1,0.709952
1,0.429743
1,0.420012
1,0.313743
1,0.58117
1,0.80172
1,0.404706
1,0.431889
1,0.360088
1,0.474922
1,0.548326
1,0.443477
1,0.541815
1,0.409153
1,0.296286
1,0.410813
1,0.74344
1,0.649745
1,0.641948
1,0.774693
1,0.473521
1,0.32485
1,0.256962
1,0.495012
1,0.74868
1,0.40961
1,0.204057
1,0.760149
1,0.175403
1,0.383596
1,0.5593
1,0.537343
1,0.326576
1,0.563747
1,0.339739
1,0.364686
1,0.157727
1,0.576381
1,0.534632
1,0.204339
1,0.496551
1,0.626696
1,0.689062
1,0.367764
1,0.690561
1,0.381205
1,0.876507
1,0.627206
1,0.846229
1,0.630653
1,0.456301
1,0.647242
1,0.445649
1,0.486913
1,0.254852
1,0.599336
1,0.64912
1,0.477398
1,0.540012
1,0.762892
1,0.717816
1,0.511995
1,0.469855
1,0.65107
1,0.600688
1,0.574129
1,0.744004
1,0.300045
1,0.637303
1,0.572972
1,0.410307
1,0.32157
1,0.316683
1,0.255634
1,0.75971
1,0.354031
1,0.626309
1,0.087094
1,0.58857
1,0.339571
1,0.368064
1,0.73655
1,0.558908
1,0.386942
1,0.82834
1,0.20117
1,0.353156
1,0.546391
1,0.507817
1,0.669922
1,0.769687
1,0.867339
1,0.324574
1,0.289189
1,0.765381
1,0.563072
1,0.608334
1,0.53828
1,0.75579
1,0.367149
1,0.517604
1,0.550524
1,0.527348
1,0.435135
1,0.545559
1,0.480332
1,0.455864
1,0.341744
1,0.310949
1,0.211017
1,0.506036
1,0.35338
1,0.672849
1,0.777047
1,0.362728
1,0.476777
1,0.584659
1,0.33103
1,0.681289
1,0.47761
1,0.33945
1,0.696286
1,0.737835
1,0.497682
1,0.577964
1,0.690341
1,0.619443
1,0.506915
1,0.68102
1,0.541669
1,0.420087
1,0.383146
1,0.733544
1,0.475461
1,0.419907
1,0.474161
1,0.126407
1,0.48429
1,0.350996
1,0.277325
1,0.323242
1,0.392696
1,0.440582
1,0.447133
1,0.754747
1,0.446534
1,0.559109
1,0.652059
1,0.230714
1,0.407232
1,0.826834
1,0.17586
1,0.494031
1,0.711283
1,0.354728
1,0.441422
1,0.485509
1,0.537085
1,0.653055
1,0.603589
1,0.564548
1,0.303983
1,0.493447
1,0.447393
1,0.244543
1,0.405238
1,0.516874
1,0.55901
1,0.441479
1,0.395899
1,0.450503
1,0.562916
1,0.624714
1,0.495472
1,0.485732
1,0.73369
1,0.407974
1,0.392255
1,0.375488
1,0.755061
1,0.381049
1,0.335166
1,0.454987
1,0.198967
1,0.69337
1,0.442953
1,0.110684
1,0.360411
1,0.603652
1,0.351153
1,0.454196
1,0.386298
1,0.177573
1,0.31744
1,0.831448
1,0.329022
1,0.574585
1,0.606338
1,0.44305
1,0.24323
1,0.687971
1,0.412363
1,0.633801
1,0.646516
1,0.590131
1,0.495717
1,0.149279
1,0.455458
1,0.327914
1,0.409374
1,0.521747
1,0.713656
1,0.418853
1,0.464961
1,0.538741
1,0.262798
1,0.832521
1,0.464574
1,0.224421
1,0.756288
1,0.096476
1,0.695449
1,0.474544
1,0.53742
1,0.257043
1,0.618306
1,0.527914
1,0.654842
1,0.655534
1,0.398447
1,0.508278
1,0.723712
1,0.8969
1,0.761048
1,0.332983
1,0.499643
1,0.64214
1,0.662528
1,0.544184
1,0.445375
1,0.553926
1,0.610764
1,0.751318
1,0.816553
1,0.390717
1,0.574747
1,0.755166
1,0.51624
1,0.593099
1,0.498358
1,0.794704
1,0.228824
1,0.671574
1,0.681291
1,0.35672
1,0.558147
1,0.293367
1,0.434391
1,0.264739
1,0.792584
1,0.638946
1,0.651493
1,0.377877
1,0.634272
1,0.677706
1,0.491688
1,0.333221
1,0.680914
1,0.437593
1,0.574739
1,0.547115
1,0.479398
1,0.451745
1,0.434178
1,0.374254
1,0.410902
1,0.273879
1,0.744913
1,0.339815
1,0.622808
1,0.580723
1,0.179715
1,0.518569
1,0.770858
1,0.61745
1,0.753761
1,0.727447
1,0.779641
1,0.300646
1,0.257037
1,0.603273
1,0.404424
1,0.707689
1,0.082591
1,0.882613
1,0.542463
1,0.626759
1,0.477759
1,0.550948
1,0.314331
1,0.57944
1,0.29558
1,0.475578
1,0.636526
1,0.75559
1,0.646225
1,0.369813
1,0.534105
1,0.500544
1,0.669058
1,0.565404
1,0.508618
1,0.595336
1,0.775644
1,0.609322
1,0.419049
1,0.37078
1,0.440801
1,0.600584
1,0.228782
1,0.66322
1,0.241157
1,0.332374
1,0.707599
1,0.368322
1,0.752964
1,0.300447
1,0.79872
1,0.922805
1,0.233319
1,0.547094
1,0.747134
1,0.688628
1,0.519201
1,0.51031
1,0.443937
1,0.730647
1,0.295186
1,0.841289
1,0.388384
1,0.342606
1,0.558182
1,0.508774
1,0.259724
1,0.409402
1,0.286381
1,0.433054
1,0.192314
1,0.506436
1,0.639467
1,0.270162
1,0.666521
1,0.64924
1,0.400676
1,0.562927
1,0.622167
1,0.501048
1,0.486426
1,0.640055
1,0.640026
1,0.514794
1,0.495913
1,0.608981
1,0.548368
1,0.92754
1,0.414518
1,0.408492
1,0.148554
1,0.786875
1,0.292523
1,0.803229
1,0.474216
1,0.676082
1,0.667674
1,0.525727
1,0.79161
1,0.729823
1,0.631101
1,0.617156
1,0.435159
1,0.712645
1,0.412902
1,0.183407
1,0.149457
1,0.421784
1,0.440873
1,0.637399
1,0.672653
1,0.571822
1,0.848539
1,0.588271
1,0.307252
1,0.533638
1,0.616623
1,0.549958
1,0.048157
1,0.503362
1,0.608341
1,0.529637
1,0.749148
1,0.577764
1,0.311726
1,0.324885
1,0.750176
1,0.717029
1,0.483836
1,0.57269
1,0.725309
1,0.527961
1,0.206066
1,0.214375
1,0.522602
1,0.40637
1,0.394843
1,0.865708
1,0.563238
1,0.388054
1,0.370352
1,0.675396
1,0.392824
1,0.516554
1,0.328201
1,0.883405
1,0.459628
1,0.369828
1,0.776268
1,0.416946
1,0.347033
1,0.608124
1,0.459517
1,0.57965
1,0.391089
1,0.511513
1,0.58359
1,0.45925
1,0.64269
1,0.653223
1,0.585091
1,0.453793
1,0.620903
1,0.466887
1,0.272362
1,0.374371
1,0.601555
1,0.630432
1,0.558371
1,0.565591
1,0.459196
1,0.250922
1,0.740116
1,0.695518
1,0.85289
1,0.718009
1,0.484321
1,0.121725
1,0.660874
1,0.468849
1,0.726288
1,0.301428
1,0.88096
1,0.723815
1,0.411765
1,0.420378
1,0.673002
1,0.574164
1,0.317895
1,0.445331
1,0.357945
1,0.100093
1,0.492271
1,0.505166
1,0.729076
1,0.357548
1,0.155988
1,0.764755
1,0.259408
1,0.471575
1,0.457591
1,0.390099
1,0.511103
1,0.472737
1,0.262536
1,0.468163
1,0.450731
1,0.295156
1,0.503079
1,0.404871
1,0.508201
1,0.654613
1,0.639199
1,0.732987
1,0.556025
1,0.758949
1,0.767288
1,0.51037
1,0.600597
1,0.630474
1,0.558973
1,0.853786
1,0.670982
1,0.268054
1,0.445832
1,0.403834
1,0.609385
1,0.490601
1,0.385962
1,0.508008
1,0.18598
1,0.521333
1,0.514494
1,0.796695
1,0.683915
1,0.572958
1,0.516006
1,0.708157
1,0.686329
1,0.687299
1,0.797974
1,0.632753
1,0.429585
1,0.902008
1,0.361019
1,0.230023
1,0.561601
1,0.573837
1,0.436066
1,0.382494
1,0.355189
1,0.524314
1,0.565303
1,0.289412
1,0.327521
1,0.634843
1,0.811843
1,0.347303
1,0.44545
1,0.581125
1,0.327796
1,0.758603
1,0.521872
1,0.680475
1,0.310897
1,0.312544
1,0.744164
1,0.395982
1,0.264239
1,0.492763
1,0.637985
1,0.573148
1,0.669831
1,0.441311
1,0.611484
1,0.444779
1,0.310636
1,0.53176
1,0.804056
1,0.207468
1,0.694579
1,0.51686
1,0.208262
1,0.812388
1,0.786206
1,0.517472
1,0.650695
1,0.735217
1,0.649588
1,0.507312
1,0.539657
1,0.788545
1,0.44014
1,0.615945
1,0.594074
1,0.210228
1,0.478004
1,0.581454
1,0.537567
1,0.376395
1,0.538584
1,0.776867
1,0.566584
1,0.571617
1,0.319522
1,0.540443
1,0.620748
1,0.604441
1,0.461419
1,0.349362
1,0.650264
1,0.182083
1,0.659753
1,0.292978
1,0.565
1,0.816793
1,0.854149
1,0.642159
1,0.65758
1,0.594274
1,0.260054
1,0.252276
1,0.555733
1,0.575636
1,0.525671
1,0.734214
1,0.745528
1,0.487719
1,0.327835
1,0.382981
1,0.796745
1,0.406087
1,0.423266
1,0.599522
1,0.808586
1,0.266911
1,0.511447
1,0.487842
1,0.417071
1,0.869953
1,0.316938
1,0.350609
1,0.228569
1,0.516178
1,0.557958
1,0.282308
1,0.194491
1,0.316854
1,0.526153
1,0.739277
1,0.908063
1,0.437428
1,0.585746
1,0.444961
1,0.533562
1,0.487533
1,0.551672
1,0.366467
1,0.373394
1,0.608824
1,0.574243
1,0.426208
1,0.077417
1,0.645009
1,0.746119
1,0.559337
1,0.292397
1,0.630199
1,0.171743
1,0.597242
1,0.569674
1,0.381233
1,0.710129
1,0.745146
1,0.807879
1,0.715562
1,0.796877
1,0.575757
1,0.733048
1,0.545927
1,0.608489
1,0.648295
1,0.557349
1,0.416223
1,0.366958
1,0.573406
1,0.260617
1,0.648662
1,0.875407
1,0.247488
1,0.405108
1,0.307194
1,0.565495
1,0.51394
1,0.397033
1,0.381816
1,0.691337
1,0.36486
1,0.452136
1,0.617542
1,0.350305
1,0.673049
1,0.272926
1,0.773631
1,0.281419
1,0.278999
1,0.445405
1,0.521716
1,0.500564
1,0.364939
1,0.532223
1,0.415225
1,0.445998
1,0.730554
1,0.272355
1,0.582095
1,0.307327
1,0.357955
1,0.497116
1,0.226048
1,0.649852
1,0.533111
1,0.234484
1,0.433692
1,0.638982
1,0.403505
1,0.494404
1,0.27457
1,0.284091
1,0.688365
1,0.62952
1,0.227936
1,0.440358
1,0.652767
1,0.380853
1,0.121072
1,0.382804
1,0.701051
1,0.411201
1,0.157274
1,0.546995
1,0.233069
1,0.666962
1,0.440304
1,0.493748
1,0.772857
1,0.534486
1,0.613565
1,0.667503
1,0.477854
1,0.361493
1,0.412906
1,0.458922
1,0.537528
1,0.61132
1,0.14201
1,0.53652
1,0.520833
1,0.656341
1,0.648545
1,0.608165
1,0.704607
1,0.595095
1,0.559826
1,0.47242
1,0.642851
1,0.45955
1,0.491313
1,0.57697
1,0.213282
1,0.676678
1,0.51333
1,0.303978
1,0.306394
1,0.41246
1,0.651802
1,0.581679
1,0.672229
1,0.452195
1,0.46239
1,0.222598
1,0.713958
1,0.521049
1,0.443682
1,0.554538
1,0.552999
1,0.604271
1,0.650633
1,0.465614
1,0.603618
1,0.663221
1,0.901695
1,0.478171
1,0.687609
1,0.494946
1,0.385576
1,0.755222
1,0.574368
1,0.521154
1,0.793982
1,0.388308
1,0.495795
1,0.495388
1,0.142121
1,0.237178
1,0.682904
1,0.174571
1,0.271019
1,0.647421
1,0.700603
1,0.447754
1,0.266918
1,0.520274
1,0.564397
1,0.268328
1,0.259169
1,0.833287
1,0.551585
1,0.320666
1,0.678962
1,0.586155
1,0.372344
1,0.568721
1,0.240195
1,0.715438
1,0.399946
1,0.440911
1,0.379729
1,0.14592
1,0.554623
1,0.495963
1,0.406679
1,0.232379
1,0.291886
1,0.636019
1,0.390273
1,0.330602
1,0.598996
1,0.409642
1,0.508822
1,0.674814
1,0.562869
1,0.489801
1,0.385521
1,0.283268
1,0.372029
1,0.403198
1,0.760049
1,0.427651
1,0.576573
1,0.404204
1,0.312786
1,0.615513
1,0.672897
1,0.398157
1,0.568839
1,0.591646
1,0.531409
1,0.39985
1,0.510205
1,0.295529
1,0.566087
1,0.833172
1,0.487472
1,0.661426
1,0.142105
1,0.51549
1,0.429277
1,0.40061
1,0.62409
1,0.175364
1,0.655838
1,0.40911
1,0.469306
1,0.324722
1,0.489202
1,0.530374
1,0.695731
1,0.589837
1,0.518685
1,0.349727
1,0.487167
1,0.621918
1,0.723358
1,0.596486
1,0.519671
1,0.540023
1,0.574411
1,0.634416
1,0.696026
1,0.836824
1,0.370544
1,0.247013
1,0.447897
1,0.44645
1,0.808967
1,0.480251
1,0.599694
1,0.477062
1,0.445552
1,0.560395
1,0.528743
1,0.589106
1,0.163137
1,0.514926
1,0.777885
1,0.482903
1,0.64235
1,0.608516
1,0.405497
1,0.464683
1,0.436615
1,0.845912
1,0.309062
1,0.59581
1,0.501833
1,0.282566
1,0.564397
1,0.301852
1,0.804002
1,0.603615
1,0.23005
1,0.753765
1,0.472102
1,0.434594
1,0.471279
1,0.635333
1,0.452736
1,0.400977
1,0.706989
1,0.525677
1,0.559026
1,0.095866
1,0.180855
1,0.560698
1,0.520307
1,0.343383
1,0.658327
1,0.638676
1,0.479211
1,0.488622
1,0.55491
1,0.56317
1,0.913391
1,0.646213
1,0.393855
1,0.639673
1,0.441415
1,0.88196
1,0.375462
1,0.70279
1,0.550082
1,0.468446
1,0.46279
1,0.650918
1,0.496834
1,0.452397
1,0.15172
1,0.578197
1,0.779709
1,0.508235
1,0.181729
1,0.234574
1,0.121039
1,0.37305
1,0.693519
1,0.664817
1,0.781191
1,0.560243
1,0.570453
1,0.541687
1,0.578687
1,0.101251
1,0.345801
1,0.836998
1,0.807393
1,0.152099
1,0.46426
1,0.741554
1,0.643731
1,0.739602
1,0.736128
1,0.617523
1,0.452964
1,0.546634
1,0.568506
1,0.594387
1,0.731071
1,0.573771
1,0.544194
1,0.433012
1,0.547116
1,0.760297
1,0.240439
1,0.391942
1,0.252797
1,0.403379
1,0.71013
1,0.271164
1,0.619056
1,0.579328
1,0.291028
1,0.405431
1,0.586005
1,0.304281
1,0.456844
1,0.217927
1,0.576465
1,0.576728
1,0.566513
1,0.75377
1,0.197518
1,0.441428
1,0.409652
1,0.553147
1,0.743838
1,0.219728
1,0.425094
1,0.488372
1,0.337388
1,0.439738
1,0.718071
1,0.633326
1,0.441559
1,0.824452
1,0.71342
1,0.590112
1,0.447991
1,0.50909
1,0.578807
1,0.5794
1,0.869712
1,0.621852
1,0.770023
1,0.479832
1,0.482319
1,0.592693
1,0.548447
1,0.601873
1,0.150289
1,0.619534
1,0.529664
1,0.414234
1,0.543712
1,0.780289
1,0.280892
1,0.613454
1,0.329343
1,0.745834
1,0.559912
1,0.590996
1,0.288028
1,0.530777
1,0.255457
1,0.242078
1,0.757241
1,0.619061
1,0.678896
1,0.669323
1,0.662139
1,0.322056
1,0.470942
1,0.551885
1,0.514399
1,0.767661
1,0.496318
1,0.364675
1,0.401003
1,0.404836
1,0.537162
1,0.210815
1,0.380251
1,0.403296
1,0.774875
1,0.631171
1,0.596347
1,0.543348
1,0.826159
1,0.565371
1,0.39609
1,0.659029
1,0.516914
1,0.487129
1,0.534628
1,0.543645
1,0.317077
1,0.835951
1,0.598122
1,0.439815
1,0.732407
1,0.393159
1,0.652037
1,0.417461
1,0.328942
1,0.569173
1,0.283226
1,0.425707
1,0.690355
1,0.331279
1,0.509904
1,0.734106
1,0.645239
1,0.612417
1,0.563937
1,0.514924
1,0.214701
1,0.717862
1,0.68298
1,0.560218
1,0.638985
1,0.560889
1,0.686666
1,0.566536
1,0.793176
1,0.642988
1,0.185244
1,0.678793
1,0.472493
1,0.715665
1,0.759974
1,0.475665
1,0.331365
1,0.766705
1,0.505206
1,0.685751
1,0.436995
1,0.518946
1,0.721407
1,0.430432
1,0.445122
1,0.631575
1,0.130597
1,0.651254
1,0.333579
1,0.486132
1,0.368572
1,0.591978
1,0.416832
1,0.281935
1,0.736021
1,0.783577
1,0.819148
1,0.294651
1,0.619056
1,0.463727
1,0.486567
1,0.377202
1,0.568889
1,0.334336
1,0.552333
1,0.704529
1,0.521036
1,0.4924
1,0.495004
1,0.804861
1,0.477075
1,0.636358
1,0.503858
1,0.547511
1,0.459128
1,0.558014
1,0.388409
1,0.793567
1,0.697797
1,0.826557
1,0.13691
1,0.060103
1,0.575218
1,0.589605
1,0.295329
1,0.473921
1,0.808648
1,0.737351
1,0.424049
1,0.339993
1,0.725713
1,0.300508
1,0.544745
1,0.705188
1,0.180052
1,0.600561
1,0.734471
1,0.75571
1,0.51882
1,0.332265
1,0.520509
1,0.292648
1,0.692039
1,0.435808
1,0.507932
1,0.646703
1,0.377069
1,0.29212
1,0.646635
1,0.8907
1,0.936701
1,0.789766
1,0.561672
1,0.372622
1,0.546788
1,0.527893
1,0.337951
1,0.392696
1,0.695677
1,0.527943
1,0.827045
1,0.525213
1,0.253616
1,0.51
1,0.355979
1,0.247207
1,0.771938
1,0.454922
1,0.64003
1,0.520412
1,0.234858
1,0.367604
1,0.889356
1,0.475142
1,0.402971
1,0.671507
1,0.92677
1,0.584574
1,0.379535
1,0.41361
1,0.25466
1,0.452882
1,0.435349
1,0.375972
1,0.52285
1,0.196844
1,0.543162
1,0.747239
1,0.691992
1,0.52546
1,0.576477
1,0.322096
1,0.33382
1,0.471919
1,0.641638
1,0.580983
1,0.511188
1,0.405802
1,0.627476
1,0.344796
1,0.408576
1,0.65156
1,0.281226
1,0.747638
1,0.520641
1,0.416722
1,0.545052
1,0.484451
1,0.427421
1,0.200528
1,0.505157
1,0.488902
1,0.402872
1,0.597538
1,0.555597
1,0.42415
1,0.574061
1,0.47261
1,0.436461
1,0.639555
1,0.401915
1,0.578182
1,0.19709
1,0.533492
1,0.449437
1,0.365589
1,0.516523
1,0.514802
1,0.182811
1,0.614646
1,0.121547
1,0.35844
1,0.375389
1,0.754723
1,0.558256
1,0.399452
1,0.291282
1,0.325838
1,0.409772
1,0.350176
1,0.474902
1,0.492179
1,0.663589
1,0.725544
1,0.585574
1,0.528589
1,0.528367
1,0.581121
1,0.707146
1,0.360765
1,0.656036
1,0.692841
1,0.330914
1,0.440012
1,0.688125
1,0.390167
1,0.685536
1,0.549274
1,0.72239
1,0.644006
1,0.499451
1,0.252296
1,0.141272
1,0.327017
1,0.629267
1,0.499052
1,0.583392
1,0.312037
1,0.59828
1,0.442348
1,0.356636
1,0.402732
1,0.386149
1,0.464351
1,0.410309
1,0.39616
1,0.531545
1,0.774028
1,0.760618
1,0.335657
1,0.445957
1,0.407632
1,0.622882
1,0.583726
1,0.497897
1,0.594465
1,0.674834
1,0.228706
1,0.741706
1,0.663369
1,0.774873
1,0.490997
1,0.302267
1,0.544105
1,0.35064
1,0.526847
1,0.734648
1,0.611827
1,0.466188
1,0.398643
1,0.265278
1,0.740134
1,0.803739
1,0.598023
1,0.550922
1,0.378029
1,0.508212
1,0.461194
1,0.228067
1,0.188657
1,0.761603
1,0.411562
1,0.355491
1,0.70155
1,0.566423
1,0.81241
1,0.496016
1,0.510611
1,0.587848
1,0.407473
1,0.435279
1,0.421723
1,0.397404
1,0.393679
1,0.824215
1,0.59581
1,0.357405
1,0.441949
1,0.491225
1,0.446956
1,0.700592
1,0.247985
1,0.72604
1,0.786709
1,0.386324
1,0.559246
1,0.769166
1,0.464445
1,0.804672
1,0.371161
1,0.517115
1,0.568465
1,0.867349
1,0.535532
1,0.596344
1,0.670596
1,0.398364
1,0.28782
1,0.529576
1,0.219038
1,0.305665
1,0.348951
1,0.758299
1,0.335995
1,0.688347
1,0.264479
1,0.408531
1,0.253347
1,0.412727
1,0.288621
1,0.502807
1,0.599131
1,0.56982
1,0.347884
1,0.309007
1,0.485451
1,0.610854
1,0.506052
1,0.579277
1,0.475011
1,0.502042
1,0.418396
1,0.650763
1,0.645082
1,0.805875
1,0.176391
1,0.512861
1,0.663026
1,0.247711
1,0.520148
1,0.514529
1,0.543465
1,0.653177
1,0.514547
1,0.398306
1,0.480709
1,0.666608
1,0.272944
1,0.800995
1,0.356367
1,0.553727
1,0.686208
1,0.399483
1,0.543658
1,0.255521
1,0.635512
1,0.364614
1,0.649747
1,0.733908
1,0.306778
1,0.749021
1,0.675285
1,0.416567
1,0.409953
1,0.682193
1,0.639231
1,0.351071
1,0.285924
1,0.703688
1,0.554645
1,0.418027
1,0.496426
1,0.526695
1,0.515247
1,0.371734
1,0.420569
1,0.318946
1,0.655472
1,0.423156
1,0.528889
1,0.61227
1,0.595728
1,0.605819
1,0.370369
1,0.219167
1,0.651956
1,0.638268
1,0.669007
1,0.596428
1,0.356515
1,0.331846
1,0.177117
1,0.659536
1,0.401605
1,0.510842
1,0.735836
1,0.844495
1,0.427157
1,0.450507
1,0.768975
1,0.351874
1,0.480204
1,0.091278
1,0.884355
1,0.332245
1,0.521844
1,0.658333
1,0.492943
1,0.303021
1,0.75179
1,0.221855
1,0.52418
1,0.395236
1,0.513061
1,0.362283
1,0.124351
1,0.257989
1,0.690659
1,0.469178
1,0.190424
1,0.544416
1,0.676842
1,0.577074
1,0.70491
1,0.356675
1,0.635767
1,0.510727
1,0.359761
1,0.663418
1,0.415079
1,0.684985
1,0.520485
1,0.340888
1,0.265085
1,0.559884
1,0.541964
1,0.675539
1,0.404091
1,0.93065
1,0.418674
1,0.171847
1,0.48317
1,0.552206
1,0.287886
1,0.529976
1,0.886401
1,0.498188
1,0.598687
1,0.677306
1,0.711162
1,0.535513
1,0.452362
1,0.657625
1,0.522936
1,0.471766
1,0.771858
1,0.33296
1,0.371745
1,0.503503
1,0.416481
1,0.451952
1,0.374492
1,0.378552
1,0.501292
1,0.641274
1,0.576594
1,0.523914
1,0.518927
1,0.429492
1,0.322585
1,0.70228
1,0.500033
1,0.626335
1,0.617037
1,0.477608
1,0.537685
1,0.482556
1,0.516745
1,0.441973
1,0.749106
1,0.646931
1,0.615725
1,0.427689
1,0.429866
1,0.536156
1,0.169376
1,0.335999
1,0.426998
1,0.449405
1,0.633103
1,0.530068
1,0.603678
1,0.646247
1,0.420316
1,0.350887
1,0.388024
1,0.49656
1,0.776128
1,0.320843
1,0.619568
1,0.344789
1,0.597522
1,0.499639
1,0.252382
1,0.591793
1,0.687544
1,0.481293
1,0.564455
1,0.481141
1,0.381173
1,0.731985
1,0.234781
1,0.358248
1,0.3675
1,0.629907
1,0.587023
1,0.60644
1,0.76773
1,0.289071
1,0.825249
1,0.596607
1,0.528587
1,0.495892
1,0.43059
1,0.269407
1,0.590741
1,0.552853
1,0.349948
1,0.599884
1,0.331491
1,0.589102
1,0.3233
1,0.462571
1,0.631206
1,0.23706
1,0.478804
1,0.693805
1,0.538468
1,0.814796
1,0.512487
1,0.416935
1,0.123504
1,0.351422
1,0.559971
1,0.446953
1,0.518249
1,0.572668
1,0.743877
1,0.490068
1,0.105522
1,0.435306
1,0.567563
1,0.594007
1,0.654087
1,0.413045
1,0.52375
1,0.338898
1,0.402089
1,0.646579
1,0.77084
1,0.565927
1,0.309512
1,0.387136
1,0.47779
1,0.854628
1,0.376628
1,0.415183
1,0.595626
1,0.139109
1,0.614512
1,0.738503
1,0.687909
1,0.50807
1,0.282404
1,0.490444
1,0.737704
1,0.371966
1,0.293365
1,0.694111
1,0.298048
1,0.530412
1,0.313576
1,0.791444
1,0.783692
1,0.479781
1,0.526039
1,0.424453
1,0.400309
1,0.290442
1,0.670584
1,0.278797
1,0.648569
1,0.586409
1,0.532298
1,0.486908
1,0.745317
1,0.697725
1,0.635109
1,0.699617
1,0.220525
1,0.316211
1,0.564808
1,0.760999
1,0.196693
1,0.450219
1,0.517741
1,0.599303
1,0.65955
1,0.492912
1,0.275501
1,0.723062
1,0.567445
1,0.671033
1,0.483173
1,0.654069
1,0.300809
1,0.426526
1,0.562874
1,0.620047
1,0.534103
1,0.492502
1,0.204535
1,0.224841
1,0.418361
1,0.643617
1,0.699906
1,0.640457
1,0.505004
1,0.6722
1,0.580366
1,0.643268
1,0.323377
1,0.466935
1,0.295535
1,0.914923
1,0.075342
1,0.42639
1,0.483405
1,0.539512
1,0.394494
1,0.330667
1,0.359039
1,0.478831
1,0.613666
1,0.469111
1,0.373143
1,0.351767
1,0.530036
1,0.443144
1,0.66471
1,0.834332
1,0.341632
1,0.494318
1,0.656365
1,0.530265
1,0.49815
1,0.488691
1,0.239401
1,0.712998
1,0.456076
1,0.476842
1,0.529794
1,0.602172
1,0.659932
1,0.682501
1,0.81769
1,0.488779
1,0.803349
1,0.342811
1,0.346416
1,0.470479
1,0.634212
1,0.547905
1,0.617977
1,0.333378
1,0.332613
1,0.5145
1,0.405281
1,0.697354
1,0.428752
1,0.302359
1,0.666636
1,0.454717
1,0.516017
1,0.451303
1,0.648237
1,0.22729
1,0.460849
1,0.536997
1,0.419837
1,0.278975
1,0.628908
1,0.30308
1,0.30923
1,0.159465
1,0.657893
1,0.645576
1,0.510139
1,0.690213
1,0.777934
1,0.456346
1,0.502276
1,0.247151
1,0.454943
1,0.381049
1,0.194452
1,0.498106
1,0.776182
1,0.651595
1,0.764625
1,0.445441
1,0.554592
1,0.653448
1,0.651878
1,0.187284
1,0.310743
1,0.201747
1,0.453954
1,0.502471
1,0.500363
1,0.389289
1,0.336228
1,0.58558
1,0.364789
1,0.371267
1,0.678949
1,0.215232
1,0.68329
1,0.787837
1,0.385818
1,0.296859
1,0.713176
1,0.461188
1,0.442418
1,0.769253
1,0.443458
1,0.66639
1,0.264525
1,0.814882
1,0.49718
1,0.616165
1,0.627497
1,0.90147
1,0.753502
1,0.54631
1,0.521716
1,0.633896
1,0.262761
1,0.511327
1,0.317753
1,0.470705
1,0.283541
1,0.264075
1,0.505636
1,0.2524
1,0.620656
1,0.523229
1,0.586561
1,0.762905
1,0.577405
1,0.455374
1,0.729605
1,0.497091
1,0.258794
1,0.178171
1,0.318385
1,0.47705
1,0.204181
1,0.770909
1,0.584781
1,0.464109
1,0.447602
1,0.33643
1,0.792219
1,0.901706
1,0.452116
1,0.730476
1,0.169351
1,0.586302
1,0.578505
1,0.196551
1,0.499247
1,0.530708
1,0.896752
1,0.380082
1,0.361953
1,0.318053
1,0.131533
1,0.610108
1,0.290127
1,0.610346
1,0.448832
1,0.540512
1,0.399097
1,0.445756
1,0.569539
1,0.323763
1,0.335197
1,0.652379
1,0.318739
1,0.507729
1,0.615879
1,0.620348
1,0.306738
1,0.49507
1,0.368098
1,0.466373
1,0.472239
1,0.588732
1,0.210375
1,0.737775
1,0.680098
1,0.54176
1,0.412786
1,0.639273
1,0.672272
1,0.720468
1,0.272038
1,0.446645
1,0.620315
1,0.684078
1,0.6332
1,0.608641
1,0.477474
1,0.513567
1,0.549162
1,0.800176
1,0.402253
1,0.859002
1,0.636435
1,0.494908
1,0.465578
1,0.585747
1,0.743244
1,0.539668
1,0.387054
1,0.498466
1,0.344127
1,0.812892
1,0.716631
1,0.526064
1,0.731489
1,0.757461
1,0.411648
1,0.318623
1,0.713865
1,0.446402
1,0.453809
1,0.28428
1,0.268385
1,0.350631
1,0.64699
1,0.362138
1,0.575687
1,0.363982
1,0.298503
1,0.233385
1,0.598315
1,0.404434
1,0.701774
1,0.559893
1,0.979484
1,0.460573
1,0.176421
1,0.665894
1,0.321968
1,0.378566
1,0.3225
1,0.78236
1,0.479446
1,0.448425
1,0.250672
1,0.62666
1,0.407247
1,0.578782
1,0.7663
1,0.52862
1,0.4648
1,0.348443
1,0.680123
1,0.435982
1,0.532281
1,0.709353
1,0.696259
1,0.497136
1,0.373053
1,0.555403
1,0.413829
1,0.912904
1,0.373237
1,0.524689
1,0.516379
1,0.481709
1,0.784585
1,0.238644
1,0.710972
1,0.777029
1,0.553917
1,0.45729
1,0.25766
1,0.469856
1,0.201399
1,0.167726
1,0.467577
1,0.724948
1,0.406358
1,0.270119
1,0.552065
1,0.195299
1,0.455161
1,0.328255
1,0.404626
1,0.573304
1,0.744845
1,0.515281
1,0.595211
1,0.504853
1,0.727991
1,0.475163
1,0.578299
1,0.782878
1,0.310744
1,0.675888
1,0.319023
1,0.230938
1,0.703341
1,0.261958
1,0.24134
1,0.74925
1,0.471263
1,0.444395
1,0.167165
1,0.498705
1,0.480489
1,0.747414
1,0.706363
1,0.63249
1,0.525039
1,0.85711
1,0.319065
1,0.180256
1,0.479405
1,0.824741
1,0.49048
1,0.100792
1,0.42559
1,0.662783
1,0.21248
1,0.428715
1,0.641244
1,0.156672
1,0.478962
1,0.470562
1,0.812584
1,0.621172
1,0.425731
1,0.743279
1,0.751595
1,0.406951
1,0.693906
1,0.658953
1,0.280599
1,0.111844
1,0.516811
1,0.307637
1,0.810635
1,0.378009
1,0.515956
1,0.610295
1,0.45821
1,0.146423
1,0.470674
1,0.538591
1,0.763099
1,0.618931
1,0.495724
1,0.469308
1,0.477655
1,0.66559
1,0.363339
1,0.323329
1,0.411654
1,0.322499
1,0.652532
1,0.466093
1,0.683482
1,0.589014
1,0.773283
1,0.542289
1,0.646524
1,0.359654
1,0.369945
1,0.383578
1,0.666766
1,0.674003
1,0.369086
1,0.360639
1,0.265938
1,0.822552
1,0.232567
1,0.15381
1,0.63423
1,0.451292
1,0.416001
1,0.550687
1,0.452414
1,0.682024
1,0.416325
1,0.698903
1,0.744515
1,0.319697
1,0.788582
1,0.410821
1,0.493842
1,0.326516
1,0.253545
1,0.592362
1,0.237074
1,0.818244
1,0.424211
1,0.890265
1,0.862434
1,0.367748
1,0.434659
1,0.471963
1,0.686853
1,0.736165
1,0.819648
1,0.340003
1,0.596083
1,0.308866
1,0.576121
1,0.519388
1,0.735283
1,0.288901
1,0.217435
1,0.39029
1,0.451408
1,0.522992
1,0.410466
1,0.563169
1,0.509232
1,0.438603
1,0.453498
1,0.484062
1,0.393923
1,0.584857
1,0.511341
1,0.290738
1,0.863511
1,0.748495
1,0.666035
1,0.507944
1,0.35485
1,0.313539
1,0.48774
1,0.677906
1,0.776467
1,0.297806
1,0.57958
1,0.8771
1,0.147338
1,0.706767
1,0.7232
1,0.729283
1,0.544481
1,0.554824
1,0.533039
1,0.459985
1,0.40879
1,0.273611
1,0.3699
1,0.763709
1,0.514447
1,0.686258
1,0.517825
1,0.452976
1,0.452918
1,0.219801
1,0.556161
1,0.721649
1,0.327215
1,0.71513
1,0.42891
1,0.416619
1,0.548353
1,0.433173
1,0.681308
1,0.420399
1,0.709336
1,0.561527
1,0.381379
1,0.446136
1,0.727271
1,0.504461
1,0.389929
1,0.612822
1,0.734862
1,0.423421
1,0.388876
1,0.744733
1,0.311444
1,0.70802
1,0.653037
1,0.757026
1,0.249176
1,0.500481
1,0.44456
1,0.558474
1,0.337301
1,0.535159
1,0.360979
1,0.499239
1,0.552888
1,0.660299
1,0.504573
1,0.640867
1,0.752638
1,0.267115
1,0.753114
1,0.489647
1,0.563339
1,0.310149
1,0.631814
1,0.520783
1,0.538006
1,0.662815
1,0.49401
1,0.333707
1,0.515076
1,0.381513
1,0.447997
1,0.814049
1,0.736069
1,0.74398
1,0.217361
1,0.743253
1,0.260684
1,0.419464
1,0.505956
1,0.395516
1,0.619735
1,0.457714
1,0.542959
1,0.585909
1,0.629413
1,0.749709
1,0.778078
1,0.77878
1,0.349444
1,0.8352
1,0.295198
1,0.388555
1,0.77271
1,0.579431
1,0.718111
1,0.470699
1,0.79418
1,0.660925
1,0.642045
1,0.46804
1,0.552396
1,0.553595
1,0.450665
1,0.805296
1,0.451334
1,0.46977
1,0.380358
1,0.263503
1,0.378496
1,0.568906
1,0.36653
1,0.421548
1,0.305961
1,0.561615
1,0.789936
1,0.475681
1,0.647978
1,0.46685
1,0.409621
1,0.75285
1,0.634381
1,0.7503
1,0.58212
1,0.707456
1,0.522708
1,0.750331
1,0.292608
1,0.733269
1,0.436197
1,0.437003
1,0.438192
1,0.302671
1,0.600318
1,0.586935
1,0.416265
1,0.661411
1,0.509252
1,0.394287
1,0.691644
1,0.534733
1,0.401388
1,0.291286
1,0.25421
1,0.498364
1,0.235461
1,0.131688
1,0.187115
1,0.476388
1,0.553098
1,0.827329
1,0.290057
1,0.715297
1,0.461583
1,0.614536
1,0.396842
1,0.133369
1,0.670952
1,0.420792
1,0.379347
1,0.366067
1,0.352045
1,0.480104
1,0.690553
1,0.776249
1,0.594172
1,0.51189
1,0.468924
1,0.651583
1,0.477128
1,0.642124
1,0.615415
1,0.513244
1,0.442963
1,0.587724
1,0.491995
1,0.295594
1,0.586735
1,0.754317
1,0.225095
1,0.398395
1,0.43332
1,0.344998
1,0.831293
1,0.229012
1,0.472769
1,0.349567
1,0.193409
1,0.543502
1,0.122036
1,0.506768
1,0.256556
1,0.549548
1,0.409582
1,0.457895
1,0.464054
1,0.585171
1,0.448938
1,0.141705
1,0.409875
1,0.555221
1,0.701193
1,0.660558
1,0.705032
1,0.61769
1,0.241702
1,0.588894
1,0.568422
1,0.365996
1,0.367625
1,0.76231
1,0.655671
1,0.510588
1,0.656139
1,0.464232
1,0.446662
1,0.357582
1,0.272413
1,0.389786
1,0.514663
1,0.494459
1,0.26758
1,0.480609
1,0.350974
1,0.502406
1,0.646239
1,0.309711
1,0.496101
1,0.475028
1,0.264983
1,0.411535
1,0.754141
1,0.318971
1,0.364489
1,0.468113
1,0.203625
1,0.519381
1,0.562315
1,0.244658
1,0.235183
1,0.795783
1,0.307464
1,0.51934
1,0.387797
1,0.331771
1,0.499446
1,0.565892
1,0.259777
1,0.684104
1,0.522999
1,0.429549
1,0.485557
1,0.528226
1,0.465961
1,0.422413
1,0.254522
1,0.277758
1,0.626108
1,0.459581
1,0.569854
1,0.395074
1,0.572634
1,0.684505
1,0.274419
1,0.624313
1,0.487274
1,0.596455
1,0.448356
1,0.755254
1,0.487671
1,0.361977
1,0.333183
1,0.490184
1,0.664498
1,0.346226
1,0.431413
1,0.562811
1,0.1453
1,0.771852
1,0.723696
1,0.592582
1,0.403512
1,0.744855
1,0.490796
1,0.556764
1,0.660581
1,0.234958
1,0.19484
1,0.352581
1,0.368898
1,0.492148
1,0.665038
1,0.53614
1,0.500354
1,0.264621
1,0.508869
1,0.511867
1,0.497764
1,0.543815
1,0.556884
1,0.43081
1,0.785313
1,0.286869
1,0.542202
1,0.814241
1,0.642355
1,0.473439
1,0.395299
1,0.148225
1,0.517684
1,0.721744
1,0.40895
1,0.773457
1,0.329657
1,0.593273
1,0.124828
1,0.369235
1,0.530485
1,0.494168
1,0.366493
1,0.767553
1,0.137804
1,0.470758
1,0.645186
1,0.565062
1,0.717118
1,0.541774
1,0.548748
1,0.371236
1,0.491049
1,0.315192
1,0.289365
1,0.527081
1,0.812184
1,0.553179
1,0.743289
1,0.333628
1,0.496447
1,0.595444
1,0.562081
1,0.538931
1,0.705515
1,0.314306
1,0.459499
1,0.513092
1,0.407978
1,0.791811
1,0.507434
1,0.561469
1,0.467061
1,0.525796
1,0.721389
1,0.37441
1,0.312571
1,0.513106
1,0.706738
1,0.484738
1,0.597385
1,0.646975
1,0.346602
1,0.630684
1,0.367949
1,0.794904
1,0.401095
1,0.498437
1,0.292749
1,0.535299
1,0.326292
1,0.680114
1,0.346927
1,0.576108
1,0.607141
1,0.673727
1,0.598205
1,0.575769
1,0.634553
1,0.439335
1,0.327433
1,0.803384
1,0.705601
1,0.381113
1,0.670521
1,0.16004
1,0.359221
1,0.729286
1,0.543435
1,0.543745
1,0.566727
1,0.66227
1,0.28583
1,0.200121
1,0.501905
1,0.331051
1,0.677223
1,0.623913
1,0.451453
1,0.766406
1,0.330216
1,0.603336
1,0.709997
1,0.28562
1,0.403628
1,0.268372
1,0.285703
1,0.663124
1,0.249325
1,0.470233
1,0.482537
1,0.343262
1,0.470683
1,0.672082
1,0.599657
1,0.548054
1,0.495099
1,0.729839
1,0.271046
1,0.490185
1,0.168968
1,0.658541
1,0.733457
1,0.373245
1,0.760394
1,0.373888
1,0.654301
1,0.38931
1,0.530885
1,0.344079
1,0.685632
1,0.431213
1,0.258901
1,0.346395
1,0.705773
1,0.538835
1,0.375998
1,0.697019
1,0.581715
1,0.355336
1,0.47465
1,0.649162
1,0.47265
1,0.603489
1,0.533169
1,0.645597
1,0.788071
1,0.783172
1,0.546749
1,0.45374
1,0.499443
1,0.647136
1,0.415343
1,0.35447
1,0.367208
1,0.549937
1,0.37832
1,0.731976
1,0.550248
1,0.516093
1,0.515149
1,0.707368
1,0.405507
1,0.532449
1,0.415893
1,0.263698
1,0.630646
1,0.374706
1,0.316541
1,0.737972
1,0.214235
1,0.499529
1,0.552006
1,0.273497
1,0.550974
1,0.363054
1,0.814723
1,0.527663
1,0.810642
1,0.22258
1,0.644667
1,0.512136
1,0.763463
1,0.551677
1,0.319353
1,0.63989
1,0.659749
1,0.777938
1,0.56998
1,0.464905
1,0.479336
1,0.605054
1,0.556498
1,0.259574
1,0.433527
1,0.774541
1,0.719774
1,0.356113
1,0.84171
1,0.531384
1,0.678407
1,0.829289
1,0.209999
1,0.699463
1,0.534452
1,0.66371
1,0.376267
1,0.788318
1,0.61993
1,0.658185
1,0.459447
1,0.638426
1,0.17885
1,0.715835
1,0.776555
1,0.632033
1,0.685466
1,0.625859
1,0.370932
1,0.680352
1,0.909597
1,0.504623
1,0.459814
1,0.427647
1,0.394272
1,0.719743
1,0.284841
1,0.811911
1,0.676516
1,0.467119
1,0.429372
1,0.735231
1,0.505917
1,0.487209
1,0.204484
1,0.414404
1,0.528721
1,0.440481
1,0.345673
1,0.217984
1,0.301647
1,0.36178
1,0.590484
1,0.547868
1,0.619078
1,0.719664
1,0.228216
1,0.475101
1,0.534752
1,0.842792
1,0.66351
1,0.397469
1,0.425796
1,0.661853
1,0.381088
1,0.451291
1,0.258798
1,0.683172
1,0.38816
1,0.393144
1,0.678123
1,0.572282
1,0.558125
1,0.28534
1,0.25634
1,0.465499
1,0.541432
1,0.648376
1,0.380919
1,0.298162
1,0.703787
1,0.214925
1,0.489247
1,0.671719
1,0.569833
1,0.671476
1,0.302128
1,0.317609
1,0.417379
1,0.274617
1,0.609084
1,0.54399
1,0.388231
1,0.389031
1,0.629305
1,0.635239
1,0.370706
1,0.389842
1,0.573076
1,0.65654
1,0.818014
1,0.649025
1,0.592148
1,0.719499
1,0.304245
1,0.577615
1,0.500008
1,0.336019
1,0.327017
1,0.402412
1,0.286062
1,0.664473
1,0.639001
1,0.806598
1,0.497179
1,0.394701
1,0.807246
1,0.826606
1,0.352324
1,0.716318
1,0.526008
1,0.152483
1,0.505281
1,0.348218
1,0.665178
1,0.604502
1,0.487149
1,0.602203
1,0.803799
1,0.640089
1,0.398026
1,0.748926
1,0.360075
1,0.594262
1,0.374761
1,0.876557
1,0.726184
1,0.330164
1,0.387837
1,0.224117
1,0.304755
1,0.26152
1,0.215877
1,0.701069
1,0.59466
1,0.788929
1,0.316149
1,0.275387
1,0.250364
1,0.339721
1,0.546537
1,0.266091
1,0.652029
1,0.797522
1,0.456978
1,0.411473
1,0.844071
1,0.795702
1,0.284839
1,0.599205
1,0.817696
1,0.505697
1,0.375866
1,0.324332
1,0.389537
1,0.51272
1,0.673808
1,0.357822
1,0.494601
1,0.480127
1,0.325171
1,0.416509
1,0.656002
1,0.706782
1,0.410426
1,0.537327
1,0.606309
1,0.446483
1,0.513326
1,0.750133
1,0.220242
1,0.579934
1,0.300487
1,0.846847
1,0.244065
1,0.645428
1,0.618813
1,0.397359
1,0.218102
1,0.44295
1,0.543767
1,0.181821
1,0.221507
1,0.596807
1,0.319841
1,0.317221
1,0.367657
1,0.76223
1,0.522277
1,0.41524
1,0.394286
1,0.840069
1,0.483486
1,0.400422
1,0.831907
1,0.331678
1,0.198463
1,0.838857
1,0.697732
1,0.575551
1,0.701062
1,0.258449
1,0.215693
1,0.579046
1,0.360908
1,0.772682
1,0.511901
1,0.556821
1,0.528263
1,0.148022
1,0.620378
1,0.676243
1,0.297192
1,0.191957
1,0.623463
1,0.294376
1,0.134742
1,0.317083
1,0.38547
1,0.499335
1,0.446137
1,0.330113
1,0.56004
1,0.23912
1,0.351404
1,0.435553
1,0.4253
1,0.72922
1,0.458804
1,0.400359
1,0.249318
1,0.833224
1,0.174732
1,0.469044
1,0.304832
1,0.371223
1,0.508635
1,0.377958
1,0.673255
1,0.431285
1,0.581306
1,0.561952
1,0.807727
1,0.750121
1,0.485744
1,0.255323
1,0.16429
1,0.506094
1,0.435537
1,0.340202
1,0.339732
1,0.681431
1,0.561569
1,0.558996
1,0.413562
1,0.464654
1,0.642752
1,0.40296
1,0.348456
1,0.246448
1,0.395856
1,0.571855
1,0.671606
1,0.623532
1,0.288464
1,0.188309
1,0.686037
1,0.340021
1,0.611512
1,0.197137
1,0.374249
1,0.453144
1,0.559006
1,0.467432
1,0.215732
1,0.213507
1,0.676795
1,0.214236
1,0.078747
1,0.28178
1,0.616686
1,0.767384
1,0.377156
1,0.327073
1,0.240227
1,0.575523
1,0.737174
1,0.403282
1,0.42662
1,0.419406
1,0.549633
1,0.358343
1,0.765722
1,0.662869
1,0.551981
1,0.803998
1,0.361259
1,0.342343
1,0.56858
1,0.84794
1,0.752636
1,0.909076
1,0.494479
1,0.285941
1,0.520338
1,0.405844
1,0.625231
1,0.682282
1,0.626672
1,0.44856
1,0.395911
1,0.619267
1,0.437127
1,0.351281
1,0.21887
1,0.535506
1,0.539128
1,0.323464
1,0.739027
1,0.636835
1,0.271889
1,0.253402
1,0.676487
1,0.559768
1,0.350648
1,0.166682
1,0.458977
1,0.582524
1,0.235216
1,0.291663
1,0.769745
1,0.661968
1,0.684089
1,0.54451
1,0.352363
1,0.531861
1,0.213576
1,0.633082
1,0.662569
1,0.571645
1,0.129619
1,0.500125
1,0.787333
1,0.430953
1,0.326746
1,0.264912
1,0.786574
1,0.54115
1,0.701293
1,0.461884
1,0.379899
1,0.570145
1,0.696265
1,0.619934
1,0.42717
1,0.32199
1,0.423136
1,0.4018
1,0.630583
1,0.737008
1,0.746722
1,0.336486
1,0.451715
1,0.536624
1,0.417267
1,0.427495
1,0.464106
1,0.58306
1,0.441287
1,0.443094
1,0.562301
1,0.160283
1,0.527544
1,0.231601
1,0.60292
1,0.293503
1,0.60486
1,0.540034
1,0.824883
1,0.173617
1,0.441771
1,0.177894
1,0.389919
1,0.725123
1,0.508685
1,0.717726
1,0.763248
1,0.504591
1,0.437196
1,0.704587
1,0.546123
1,0.50025
1,0.559142
1,0.159949
1,0.491648
1,0.552711
1,0.671345
1,0.687229
1,0.426826
1,0.270198
1,0.491923
1,0.293774
1,0.621058
1,0.442617
1,0.3923
1,0.54334
1,0.695786
1,0.694995
1,0.438426
1,0.332234
1,0.403077
1,0.354056
1,0.23025
1,0.68097
1,0.821141
1,0.602496
1,0.393409
1,0.401038
1,0.150707
1,0.299564
1,0.664524
1,0.478726
1,0.333869
1,0.275183
1,0.560814
1,0.549208
1,0.599464
1,0.304169
1,0.720421
1,0.352575
1,0.47352
1,0.231026
1,0.147519
1,0.460339
1,0.627229
1,0.290562
1,0.192876
1,0.605074
1,0.372924
1,0.543172
1,0.610779
1,0.182222
1,0.470803
1,0.557778
1,0.438521
1,0.552803
1,0.648819
1,0.611002
1,0.681616
1,0.290713
1,0.380039
1,0.691597
1,0.639185
1,0.355205
1,0.607027
1,0.528254
1,0.394804
1,0.616259
1,0.537891
1,0.407285
1,0.413989
1,0.488348
1,0.190678
1,0.467752
1,0.818275
1,0.380897
1,0.76438
1,0.375903
1,0.746223
1,0.386357
1,0.36641
1,0.415644
1,0.249656
1,0.516025
1,0.448297
1,0.210616
1,0.457037
1,0.603666
1,0.395983
1,0.502669
1,0.422104
1,0.452984
1,0.345592
1,0.445223
1,0.628714
1,0.172111
1,0.7006
1,0.226317
1,0.339604
1,0.551189
1,0.373366
1,0.454231
1,0.826068
1,0.163069
1,0.399215
1,0.393493
1,0.521843
1,0.757646
1,0.417081
1,0.676872
1,0.676649
1,0.772389
1,0.571733
1,0.394189
1,0.575551
1,0.724189
1,0.486304
1,0.356318
1,0.558169
1,0.54272
1,0.434244
1,0.387743
1,0.288333
1,0.452911
1,0.870368
1,0.2983
1,0.620283
1,0.754974
1,0.47996
1,0.605823
1,0.438146
1,0.58567
1,0.145198
1,0.521042
1,0.482235
1,0.596386
1,0.434964
1,0.400729
1,0.562547
1,0.435864
1,0.477838
1,0.849001
1,0.610119
1,0.461135
1,0.478338
1,0.508137
1,0.192816
1,0.448347
1,0.744079
1,0.442964
1,0.442812
1,0.639189
1,0.302746
1,0.175749
1,0.369702
1,0.506909
1,0.635767
1,0.51533
1,0.682608
1,0.60034
1,0.22446
1,0.647486
1,0.767172
1,0.533884
1,0.617396
1,0.2672
1,0.549251
1,0.236897
1,0.661165
1,0.19506
1,0.441484
1,0.695944
1,0.895994
1,0.351301
1,0.884149
1,0.793168
1,0.568654
1,0.543471
1,0.603829
1,0.204144
1,0.521088
1,0.443153
1,0.382926
1,0.159308
1,0.601252
1,0.801844
1,0.628333
1,0.540496
1,0.363594
1,0.674675
1,0.402257
1,0.354429
1,0.544014
1,0.514967
1,0.591872
1,0.373807
1,0.430531
1,0.500287
1,0.184215
1,0.394169
1,0.729515
1,0.349769
1,0.415041
1,0.30669
1,0.199712
1,0.656927
1,0.362439
1,0.713102
1,0.632699
1,0.516893
1,0.786555
1,0.357205
1,0.427986
1,0.59669
1,0.561155
1,0.261539
1,0.352758
1,0.419083
1,0.469009
1,0.436695
1,0.651713
1,0.675111
1,0.374462
1,0.528503
1,0.374558
1,0.38863
1,0.398021
1,0.316142
1,0.512377
1,0.326948
1,0.536284
1,0.562292
1,0.491427
1,0.407575
1,0.372442
1,0.809684
1,0.391125
1,0.304078
1,0.155464
1,0.555762
1,0.530276
1,0.452329
1,0.311478
1,0.241175
1,0.841079
1,0.207254
1,0.562437
1,0.516972
1,0.373941
1,0.586994
1,0.684787
1,0.459668
1,0.449481
1,0.487139
1,0.415512
1,0.234416
1,0.239664
1,0.329912
1,0.289166
1,0.671368
1,0.291665
1,0.253639
1,0.119655
1,0.404586
1,0.669713
1,0.53598
1,0.590456
1,0.491983
1,0.295527
1,0.658584
1,0.69369
1,0.611384
1,0.222928
1,0.447315
1,0.532793
1,0.508111
1,0.395864
1,0.428654
1,0.256468
1,0.483418
1,0.552255
1,0.352707
1,0.605854
1,0.759567
1,0.277018
1,0.177733
1,0.225667
1,0.312931
1,0.129062
1,0.208725
1,0.54878
1,0.739656
1,0.579238
1,0.308596
1,0.440202
1,0.636071
1,0.311016
1,0.597474
1,0.697534
1,0.297826
1,0.519183
1,0.383922
1,0.745167
1,0.781189
1,0.698071
1,0.681704
1,0.351429
1,0.45301
1,0.751191
1,0.481374
1,0.593258
1,0.602695
1,0.669844
1,0.423913
1,0.482286
1,0.377585
1,0.359629
1,0.247091
1,0.335594
1,0.567427
1,0.374739
1,0.648557
1,0.340154
1,0.590045
1,0.729993
1,0.432768
1,0.465406
1,0.552264
1,0.598632
1,0.26549
1,0.705791
1,0.483144
1,0.466535
1,0.602168
1,0.552178
1,0.472937
1,0.682437
1,0.409216
1,0.511275
1,0.408612
1,0.555937
1,0.378147
1,0.609965
1,0.649766
1,0.634458
1,0.57759
1,0.696971
1,0.619416
1,0.650155
1,0.569325
1,0.31235
1,0.570547
1,0.520951
1,0.292389
1,0.701647
1,0.561266
1,0.615199
1,0.709088
1,0.299573
1,0.546264
1,0.166056
1,0.84039
1,0.251075
1,0.493655
1,0.782379
1,0.344207
1,0.641614
1,0.814718
1,0.176116
1,0.232194
1,0.692572
1,0.313231
1,0.413213
1,0.48344
1,0.341464
1,0.771614
1,0.330758
1,0.505748
1,0.767703
1,0.846939
1,0.634141
1,0.669443
1,0.2731
1,0.467158
1,0.626964
1,0.465824
1,0.354866
1,0.750966
1,0.456623
1,0.347864
1,0.369339
1,0.38504
1,0.375979
1,0.217341
1,0.283075
1,0.568106
1,0.643184
1,0.612514
1,0.751644
1,0.154801
1,0.417446
1,0.411977
1,0.440737
1,0.366487
1,0.145087
1,0.1757
1,0.452147
1,0.409349
1,0.66689
1,0.492916
1,0.511689
1,0.25651
1,0.36164
1,0.427114
1,0.392784
1,0.510003
1,0.367804
1,0.901582
1,0.828384
1,0.765993
1,0.341626
1,0.620391
1,0.605111
1,0.250675
1,0.491015
1,0.848193
1,0.504858
1,0.591947
1,0.724904
1,0.590824
1,0.582534
1,0.45617
1,0.249268
1,0.280108
1,0.157288
1,0.612379
1,0.747427
1,0.481995
1,0.557652
1,0.418821
1,0.604259
1,0.375513
1,0.828397
1,0.558149
1,0.107567
1,0.499713
1,0.459125
1,0.649884
1,0.236285
1,0.417909
1,0.546685
1,0.46803
1,0.289311
1,0.207021
1,0.201636
1,0.364753
1,0.632429
1,0.623597
1,0.36572
1,0.792145
1,0.759667
1,0.562803
1,0.298233
1,0.523441
1,0.548794
1,0.79007
1,0.357989
1,0.627118
1,0.456597
1,0.49914
1,0.336933
1,0.690391
1,0.595929
1,0.455035
1,0.741689
1,0.370909
1,0.29094
1,0.809273
1,0.254644
1,0.501209
1,0.64396
1,0.718144
1,0.622832
1,0.30036
1,0.544861
1,0.452008
1,0.765332
1,0.365462
1,0.696498
1,0.290407
1,0.637321
1,0.839231
1,0.630854
1,0.636851
1,0.46723
1,0.382721
1,0.528464
1,0.719907
1,0.912624
1,0.31892
1,0.496925
1,0.18829
1,0.393849
1,0.655817
1,0.413441
1,0.595189
1,0.511138
1,0.36834
1,0.553969
1,0.652264
1,0.774496
1,0.605605
1,0.633943
1,0.498855
1,0.608508
1,0.32721
1,0.748024
1,0.756961
1,0.697418
1,0.526152
1,0.625675
1,0.453015
1,0.523657
1,0.624326
1,0.823124
1,0.405866
1,0.401093
1,0.584778
1,0.518819
1,0.534889
1,0.31786
1,0.181765
1,0.392332
1,0.312821
1,0.392479
1,0.491947
1,0.550039
1,0.304752
1,0.526042
1,0.347365
1,0.268264
1,0.699524
1,0.659925
1,0.167265
1,0.797772
1,0.699952
1,0.205057
1,0.38162
1,0.618315
1,0.5925
1,0.709061
1,0.588221
1,0.545435
1,0.571515
1,0.654261
1,0.685228
1,0.612965
1,0.383836
1,0.849588
1,0.373039
1,0.482331
1,0.662487
1,0.349949
1,0.538661
1,0.157662
1,0.491881
1,0.767491
1,0.694208
1,0.267777
1,0.406398
1,0.410243
1,0.473576
1,0.704989
1,0.402159
1,0.587707
1,0.533222
1,0.649296
1,0.106819
1,0.318121
1,0.404348
1,0.724125
1,0.534475
1,0.791896
1,0.680632
1,0.853542
1,0.436394
1,0.388885
1,0.704131
1,0.632638
1,0.248089
1,0.463592
1,0.576963
1,0.650794
1,0.793927
1,0.421161
1,0.234973
1,0.669583
1,0.591327
1,0.376689
1,0.589985
1,0.810711
1,0.407315
1,0.505765
1,0.538052
1,0.588365
1,0.245772
1,0.451277
1,0.342311
1,0.76998
1,0.689586
1,0.784217
1,0.452778
1,0.299233
1,0.506744
1,0.828615
1,0.461944
1,0.398216
1,0.344353
1,0.408357
1,0.316388
1,0.589777
1,0.78765
1,0.5071
1,0.255108
1,0.531408
1,0.538697
1,0.238051
1,0.716482
1,0.595771
1,0.279429
1,0.735671
1,0.711065
1,0.4614
1,0.606436
1,0.413969
1,0.515968
1,0.639895
1,0.582255
1,0.860667
1,0.166069
1,0.807203
1,0.562313
1,0.398244
1,0.4857
1,0.443127
1,0.224801
1,0.428239
1,0.242578
1,0.406894
1,0.542226
1,0.289383
1,0.37827
1,0.580981
1,0.477415
1,0.207508
1,0.629919
1,0.656554
1,0.352307
1,0.524683
1,0.41522
1,0.240371
1,0.379892
1,0.551721
1,0.356037
1,0.437141
1,0.51244
1,0.31464
1,0.828344
1,0.476027
1,0.48255
1,0.709064
1,0.733007
1,0.507004
1,0.632331
1,0.885554
1,0.709854
1,0.238231
1,0.773001
1,0.462189
1,0.596512
1,0.520393
1,0.264868
1,0.54569
1,0.578267
1,0.458017
1,0.717852
1,0.740668
1,0.659386
1,0.822986
1,0.595149
1,0.432373
1,0.622752
1,0.626977
1,0.489279
1,0.723316
1,0.622541
1,0.433289
1,0.424941
1,0.354741
1,0.503403
1,0.413973
1,0.131358
1,0.380819
1,0.233669
1,0.478508
1,0.290109
1,0.885348
1,0.745057
1,0.651283
1,0.367537
1,0.460279
1,0.624739
1,0.613492
1,0.404711
1,0.371374
1,0.537633
1,0.649222
1,0.131904
1,0.205587
1,0.332931
1,0.738219
1,0.305776
1,0.363909
1,0.457558
1,0.437208
1,0.351028
1,0.451969
1,0.725441
1,0.519146
1,0.295549
1,0.48469
1,0.481934
1,0.450373
1,0.833303
1,0.35822
1,0.666884
1,0.308423
1,0.621887
1,0.354514
1,0.346268
1,0.513549
1,0.529167
1,0.5044
1,0.771959
1,0.825538
1,0.812902
1,0.655058
1,0.826294
1,0.233372
1,0.764999
1,0.309452
1,0.448851
1,0.545878
1,0.270728
1,0.708528
1,0.598171
1,0.20117
1,0.798156
1,0.529515
1,0.846499
1,0.509609
1,0.386453
1,0.666867
1,0.563775
1,0.286358
1,0.264846
1,0.589467
1,0.617031
1,0.453671
1,0.550024
1,0.294083
1,0.503244
1,0.692159
1,0.617525
1,0.517233
1,0.226574
1,0.382825
1,0.450676
1,0.56899
1,0.841894
1,0.567571
1,0.272178
1,0.646883
1,0.393249
1,0.644106
1,0.195976
1,0.571974
1,0.876529
1,0.521546
1,0.765293
1,0.697579
1,0.397151
1,0.456159
1,0.429378
1,0.703634
1,0.47147
1,0.255415
1,0.198647
1,0.784052
1,0.610708
1,0.567263
1,0.390906
1,0.680709
1,0.614325
1,0.61853
1,0.082528
1,0.526339
1,0.246535
1,0.501516
1,0.618901
1,0.571864
1,0.42648
1,0.560382
1,0.657954
1,0.423965
1,0.44379
1,0.542074
1,0.280065
1,0.302227
1,0.336037
1,0.454655
1,0.303539
1,0.364924
1,0.345515
1,0.426945
1,0.488028
1,0.390615
1,0.440349
1,0.269711
1,0.392392
1,0.54798
1,0.393741
1,0.488537
1,0.332401
1,0.823143
1,0.604633
1,0.376114
1,0.613505
1,0.439389
1,0.671251
1,0.487397
1,0.734215
1,0.767203
1,0.574768
1,0.474562
1,0.430269
1,0.468226
1,0.230399
1,0.546711
1,0.197854
1,0.691265
1,0.691314
1,0.28793
1,0.787874
1,0.536753
1,0.790114
1,0.634123
1,0.46928
1,0.49041
1,0.585534
1,0.389203
1,0.310126
1,0.541043
1,0.493859
1,0.356745
1,0.617721
1,0.321093
1,0.286272
1,0.675534
1,0.500718
1,0.097394
1,0.51318
1,0.65372
1,0.399445
1,0.630739
1,0.697512
1,0.338856
1,0.527543
1,0.376598
1,0.344155
1,0.461705
1,0.288638
1,0.569959
1,0.239995
1,0.420843
1,0.503828
1,0.62794
1,0.53918
1,0.538925
1,0.499166
1,0.791844
1,0.362784
1,0.654126
1,0.634835
1,0.592782
1,0.524983
1,0.613186
1,0.68506
1,0.548224
1,0.572675
1,0.555149
1,0.665347
1,0.275897
1,0.372578
1,0.510274
1,0.578045
1,0.68704
1,0.595421
1,0.237504
1,0.642317
1,0.526537
1,0.329625
1,0.695008
1,0.908344
1,0.746583
1,0.297334
1,0.630635
1,0.268934
1,0.338359
1,0.697374
1,0.347255
1,0.710531
1,0.491632
1,0.179853
1,0.372694
1,0.599498
1,0.768153
1,0.337043
1,0.881717
1,0.540428
1,0.385034
1,0.357199
1,0.453575
1,0.331462
1,0.730653
1,0.441824
1,0.661246
1,0.370948
1,0.627268
1,0.496917
1,0.477361
1,0.274797
1,0.474738
1,0.275624
1,0.507926
1,0.614912
1,0.471931
1,0.583634
1,0.635766
1,0.469321
1,0.263412
1,0.337248
1,0.394367
1,0.653636
1,0.726465
1,0.596513
1,0.419957
1,0.377263
1,0.309299
1,0.620578
1,0.564332
1,0.208543
1,0.300769
1,0.57376
1,0.389676
1,0.74108
1,0.601938
1,0.822835
1,0.228434
1,0.757468
1,0.451924
1,0.465509
1,0.524717
1,0.458861
1,0.413535
1,0.245089
1,0.437698
1,0.597845
1,0.870809
1,0.426678
1,0.638911
1,0.71081
1,0.668089
1,0.417019
1,0.326715
1,0.575286
1,0.710107
1,0.448226
1,0.347444
1,0.588108
1,0.399674
1,0.806245
1,0.309244
1,0.575326
1,0.227213
1,0.401908
1,0.772828
1,0.330343
1,0.559943
1,0.62139
1,0.50904
1,0.653446
1,0.687539
1,0.82552
1,0.223971
1,0.604991
1,0.36975
1,0.647776
1,0.398864
1,0.2447
1,0.755033
1,0.621632
1,0.601704
1,0.468597
1,0.69616
1,0.350118
1,0.744265
1,0.319241
1,0.442211
1,0.405826
1,0.583527
1,0.50316
1,0.645024
1,0.58477
1,0.541179
1,0.641471
1,0.49339
1,0.36178
1,0.32207
1,0.734441
1,0.321046
1,0.38827
1,0.56726
1,0.516401
1,0.318248
1,0.426833
1,0.452329
1,0.74238
1,0.661344
1,0.477267
1,0.529003
1,0.522236
1,0.455767
1,0.341057
1,0.68189
1,0.52723
1,0.196523
1,0.476372
1,0.563347
1,0.734245
1,0.496096
1,0.547916
1,0.174295
1,0.693313
1,0.290984
1,0.732806
1,0.360779
1,0.322784
1,0.76425
1,0.621424
1,0.78628
1,0.570505
1,0.766004
1,0.417386
1,0.564043
1,0.504669
1,0.67234
1,0.339138
1,0.375287
1,0.301237
1,0.212005
1,0.530831
1,0.544391
1,0.545226
1,0.303437
1,0.431013
1,0.560164
1,0.595842
1,0.418211
1,0.671423
1,0.280131
1,0.409935
1,0.540298
1,0.526591
1,0.327641
1,0.522789
1,0.560984
1,0.559353
1,0.576976
1,0.426246
1,0.424947
1,0.240153
1,0.451404
1,0.378885
1,0.289049
1,0.597453
1,0.497952
1,0.51369
1,0.69175
1,0.241167
1,0.429454
1,0.406424
1,0.529108
1,0.547508
1,0.396834
1,0.534785
1,0.622687
1,0.410326
1,0.477772
1,0.544794
1,0.487089
1,0.616317
1,0.793649
1,0.73366
1,0.57322
1,0.192198
1,0.326609
1,0.717439
1,0.594797
1,0.245513
1,0.795816
1,0.684351
1,0.292044
1,0.664633
1,0.346277
1,0.326406
1,0.558643
1,0.350875
1,0.680272
1,0.338113
1,0.460065
1,0.740068
1,0.468693
1,0.832994
1,0.176789
1,0.614931
1,0.386496
1,0.416841
1,0.733675
1,0.268137
1,0.606297
1,0.506475
1,0.255568
1,0.348067
1,0.481428
1,0.334804
1,0.476515
1,0.750283
1,0.529449
1,0.308116
1,0.412469
1,0.549862
1,0.32736
1,0.867004
1,0.567284
1,0.352332
1,0.407918
1,0.320077
1,0.398335
1,0.601712
1,0.444193
1,0.593147
1,0.300898
1,0.21071
1,0.607306
1,0.759339
1,0.581502
1,0.466436
1,0.54231
1,0.414088
1,0.529612
1,0.471777
1,0.569357
1,0.336455
1,0.47988
1,0.532761
1,0.515428
1,0.596394
1,0.574058
1,0.856522
1,0.432813
1,0.378256
1,0.529785
1,0.448191
1,0.587812
1,0.407943
1,0.646513
1,0.561699
1,0.265303
1,0.630535
1,0.622047
1,0.517674
1,0.599792
1,0.416191
1,0.287183
1,0.805217
1,0.382809
1,0.656328
1,0.491817
1,0.474249
1,0.705084
1,0.874733
1,0.537711
1,0.414308
1,0.64458
1,0.268807
1,0.115012
1,0.695438
1,0.172418
1,0.438077
1,0.25959
1,0.858881
1,0.627486
1,0.429347
1,0.749178
1,0.507961
1,0.522791
1,0.536947
1,0.693192
1,0.193037
1,0.56464
1,0.481657
1,0.425759
1,0.666928
1,0.390857
1,0.435911
1,0.727012
1,0.517688
1,0.498869
1,0.514274
1,0.812057
1,0.666263
1,0.73272
1,0.671626
1,0.647512
1,0.444236
1,0.380797
1,0.575888
1,0.852244
1,0.463061
1,0.432642
1,0.42508
1,0.439454
1,0.453808
1,0.49255
1,0.47175
1,0.328185
1,0.520564
1,0.782548
1,0.523245
1,0.407471
1,0.134925
1,0.656163
1,0.798713
1,0.289519
1,0.283014
1,0.520628
1,0.226355
1,0.701946
1,0.5577
1,0.083554
1,0.511487
1,0.48515
1,0.410491
1,0.464752
1,0.451945
1,0.326896
1,0.446144
1,0.673303
1,0.532958
1,0.161914
1,0.422464
1,0.546467
1,0.635625
1,0.34616
1,0.633801
1,0.233781
1,0.59394
1,0.20987
1,0.429648
1,0.313265
1,0.376174
1,0.54392
1,0.580335
1,0.37875
1,0.635185
1,0.913105
1,0.319439
1,0.536286
1,0.368512
1,0.479767
1,0.822539
1,0.515253
1,0.619761
1,0.344559
1,0.727998
1,0.396961
1,0.359151
1,0.775681
1,0.695705
1,0.405638
1,0.666949
1,0.655567
1,0.63065
1,0.299062
1,0.516644
1,0.62374
1,0.695508
1,0.557869
1,0.67303
1,0.651993
1,0.42248
1,0.469736
1,0.383143
1,0.715897
1,0.373404
1,0.6385
1,0.404805
1,0.55838
1,0.563273
1,0.554912
1,0.718216
1,0.243628
1,0.253991
1,0.599608
1,0.548955
1,0.398346
1,0.406784
1,0.409365
1,0.63519
1,0.559328
1,0.52677
1,0.148744
1,0.390202
1,0.524852
1,0.429698
1,0.517442
1,0.564871
1,0.491156
1,0.53963
1,0.438481
1,0.535344
1,0.620079
1,0.226528
1,0.49427
1,0.772375
1,0.653544
1,0.498472
1,0.504852
1,0.382089
1,0.341593
1,0.247619
1,0.620459
1,0.472699
1,0.479413
1,0.827504
1,0.624639
1,0.607481
1,0.568641
1,0.21642
1,0.205285
1,0.682183
1,0.390257
1,0.650417
1,0.256447
1,0.447893
1,0.623741
1,0.78115
1,0.445695
1,0.538202
1,0.68232
1,0.395927
1,0.747722
1,0.64828
1,0.495519
1,0.338674
1,0.706886
1,0.418776
1,0.650043
1,0.580073
1,0.31351
1,0.419305
1,0.476286
1,0.443557
1,0.461247
1,0.623992
1,0.35905
1,0.523424
1,0.362689
1,0.531008
1,0.548915
1,0.364943
1,0.308882
1,0.315794
1,0.249557
1,0.595233
1,0.22644
1,0.826472
1,0.728062
1,0.577458
1,0.583368
1,0.614692
1,0.291849
1,0.407526
1,0.276057
1,0.271869
1,0.527188
1,0.404059
1,0.532326
1,0.114622
1,0.612262
1,0.543659
1,0.597614
1,0.590376
1,0.688719
1,0.789291
1,0.419832
1,0.326873
1,0.200984
1,0.592385
1,0.764365
1,0.193904
1,0.557867
1,0.507069
1,0.442299
1,0.320853
1,0.27203
1,0.434112
1,0.815548
1,0.79841
1,0.125546
1,0.627784
1,0.535496
1,0.350108
1,0.348055
1,0.551203
1,0.526542
1,0.526975
1,0.567852
1,0.579655
1,0.624909
1,0.309537
1,0.465472
1,0.345687
1,0.447639
1,0.646724
1,0.835881
1,0.533591
1,0.364398
1,0.335584
1,0.595081
1,0.785367
1,0.707091
1,0.329934
1,0.66207
1,0.317348
1,0.237423
1,0.19566
1,0.460673
1,0.600609
1,0.793813
1,0.595412
1,0.710722
1,0.493169
1,0.531947
1,0.205705
1,0.485382
1,0.442409
1,0.657736
1,0.809516
1,0.139729
1,0.594286
1,0.345496
1,0.509299
1,0.354433
1,0.448404
1,0.42001
1,0.635878
1,0.643454
1,0.46368
1,0.689058
1,0.699313
1,0.293115
1,0.227312
1,0.576051
1,0.455586
1,0.465281
1,0.903273
1,0.328067
1,0.644011
1,0.296021
1,0.765069
1,0.315309
1,0.716431
1,0.750509
1,0.609763
1,0.565151
1,0.500845
1,0.258164
1,0.557879
1,0.373399
1,0.60601
1,0.766339
1,0.36469
1,0.706007
1,0.234074
1,0.592837
1,0.416035
1,0.737533
1,0.666044
1,0.358439
1,0.307046
1,0.251473
1,0.549568
1,0.753601
1,0.398728
1,0.661307
1,0.470249
1,0.657072
1,0.264169
1,0.529728
1,0.57924
1,0.291236
1,0.662625
1,0.447433
1,0.486878
1,0.54067
1,0.377398
1,0.344383
1,0.162545
1,0.886273
1,0.51512
1,0.573478
1,0.517979
1,0.315957
1,0.48455
1,0.404078
1,0.426088
1,0.634303
1,0.733854
1,0.605331
1,0.595626
1,0.642977
1,0.509786
1,0.610428
1,0.708234
1,0.283218
1,0.524558
1,0.482753
1,0.281462
1,0.237971
1,0.833597
1,0.269527
1,0.285648
1,0.569814
1,0.288512
1,0.598265
1,0.202195
1,0.719968
1,0.724129
1,0.50894
1,0.72136
1,0.75596
1,0.255709
1,0.501587
1,0.675975
1,0.49996
1,0.497557
1,0.577771
1,0.483236
1,0.402951
1,0.595503
1,0.568943
1,0.611193
1,0.325999
1,0.545193
1,0.649455
1,0.551178
1,0.403919
1,0.850218
1,0.064195
1,0.559842
1,0.493626
1,0.131039
1,0.359546
1,0.323962
1,0.447479
1,0.761051
1,0.64823
1,0.069013
1,0.70328
1,0.29043
1,0.548426
1,0.489529
1,0.491731
1,0.205042
1,0.311358
1,0.778838
1,0.422585
1,0.816638
1,0.387343
1,0.500086
1,0.421835
1,0.567491
1,0.643436
1,0.495318
1,0.662614
1,0.528116
1,0.839044
1,0.510098
1,0.586714
1,0.19411
1,0.683655
1,0.440467
1,0.667447
1,0.384974
1,0.36183
1,0.759172
1,0.430619
1,0.525952
1,0.444062
1,0.457747
1,0.766131
1,0.408371
1,0.481067
1,0.399787
1,0.22685
1,0.512223
1,0.179466
1,0.447674
1,0.452776
1,0.172466
1,0.636831
1,0.640415
1,0.687796
1,0.517697
1,0.588961
1,0.369142
1,0.487924
1,0.610476
1,0.703343
1,0.380922
1,0.680986
1,0.494662
1,0.463503
1,0.785168
1,0.377503
1,0.721627
1,0.582361
1,0.662655
1,0.513707
1,0.474473
1,0.296087
1,0.423858
1,0.744727
1,0.505437
1,0.540475
1,0.872361
1,0.372071
1,0.405813
1,0.490721
1,0.569301
1,0.693289
1,0.316345
1,0.691259
1,0.542877
1,0.447753
1,0.631936
1,0.598785
1,0.660037
1,0.742004
1,0.402181
1,0.35045
1,0.846601
1,0.607593
1,0.311909
1,0.355445
1,0.5883
1,0.455849
1,0.699823
1,0.312647
1,0.752008
1,0.532713
1,0.565476
1,0.449904
1,0.454201
1,0.242843
1,0.637854
1,0.63158
1,0.555447
1,0.548055
1,0.657209
1,0.563242
1,0.373852
1,0.4631
1,0.294266
1,0.610865
1,0.732214
1,0.49454
1,0.55907
1,0.452703
1,0.567628
1,0.422246
1,0.249992
1,0.598727
1,0.563369
1,0.736956
1,0.578998
1,0.435474
1,0.457078
1,0.488945
1,0.119482
1,0.729423
1,0.440198
1,0.794933
1,0.256381
1,0.5969
1,0.301416
1,0.516702
1,0.662799
1,0.509858
1,0.621506
1,0.562161
1,0.588743
1,0.48912
1,0.454522
1,0.502962
1,0.754861
1,0.625912
1,0.613541
1,0.236339
1,0.466965
1,0.555332
1,0.48161
1,0.764785
1,0.586472
1,0.542204
1,0.42507
1,0.507763
1,0.571118
1,0.642211
1,0.939836
1,0.907652
1,0.48432
1,0.703461
1,0.400373
1,0.489087
1,0.314384
1,0.488108
1,0.175565
1,0.222462
1,0.569159
1,0.317339
1,0.290409
1,0.566119
1,0.198066
1,0.583455
1,0.487968
1,0.319577
1,0.519341
1,0.6082
1,0.825878
1,0.503731
1,0.616897
1,0.886243
1,0.455461
1,0.747899
1,0.807421
1,0.498792
1,0.512252
1,0.694073
1,0.153153
1,0.463204
1,0.187174
1,0.747581
1,0.835871
1,0.612099
1,0.715136
1,0.163505
1,0.176044
1,0.70771
1,0.319397
1,0.814106
1,0.585274
1,0.273125
1,0.608744
1,0.621947
1,0.648822
1,0.464298
1,0.478244
1,0.283234
1,0.887687
1,0.319959
1,0.559479
1,0.508391
1,0.417638
1,0.631901
1,0.253048
1,0.354391
1,0.658561
1,0.425729
1,0.42794
1,0.671084
1,0.610783
1,0.820315
1,0.417744
1,0.304687
1,0.426561
1,0.808868
1,0.415915
1,0.830972
1,0.75272
1,0.497617
1,0.718158
1,0.578837
1,0.562204
1,0.54549
1,0.565498
1,0.824221
1,0.900241
1,0.658812
1,0.493044
1,0.81313
1,0.811206
1,0.515184
1,0.148236
1,0.24575
1,0.788816
1,0.675238
1,0.780685
1,0.294469
1,0.666662
1,0.381122
1,0.45276
1,0.590643
1,0.288179
1,0.807229
1,0.326658
1,0.724126
1,0.44762
1,0.538226
1,0.538596
1,0.549953
1,0.397855
1,0.705547
1,0.307788
1,0.750501
1,0.52689
1,0.547015
1,0.459377
1,0.369882
1,0.655645
1,0.753542
1,0.686723
1,0.330172
1,0.081607
1,0.505964
1,0.592171
1,0.449903
1,0.585587
1,0.546377
1,0.686045
1,0.637231
1,0.407488
1,0.329621
1,0.456205
1,0.532927
1,0.617197
1,0.429298
1,0.340367
1,0.565741
1,0.259504
1,0.694279
1,0.452141
1,0.7123
1,0.635813
1,0.57242
1,0.478138
1,0.167618
1,0.62524
1,0.442014
1,0.874961
1,0.711287
1,0.250581
1,0.66955
1,0.635015
1,0.586753
1,0.338821
1,0.639049
1,0.480392
1,0.739322
1,0.504307
1,0.194431
1,0.326107
1,0.835571
1,0.334454
1,0.631248
1,0.304601
1,0.556274
1,0.67202
1,0.461209
1,0.472891
1,0.928211
1,0.302582
1,0.804049
1,0.81652
1,0.564047
1,0.448871
1,0.262796
1,0.565409
1,0.542816
1,0.620208
1,0.094631
1,0.826282
1,0.409948
1,0.347452
1,0.861597
1,0.820139
1,0.479875
1,0.310465
1,0.678987
1,0.206331
1,0.329773
1,0.473684
1,0.425203
1,0.670442
1,0.537007
1,0.448081
1,0.368705
1,0.837444
1,0.333729
1,0.754827
1,0.655038
1,0.729075
1,0.541378
1,0.253798
1,0.436228
1,0.488504
1,0.684348
1,0.34466
1,0.564466
1,0.49004
1,0.172289
1,0.550714
1,0.2493
1,0.686507
1,0.592717
1,0.641582
1,0.532141
1,0.231069
1,0.166079
1,0.496992
1,0.308698
1,0.64594
1,0.614188
1,0.35561
1,0.741469
1,0.760847
1,0.625361
1,0.507554
1,0.567638
1,0.59443
1,0.420678
1,0.462008
1,0.554255
1,0.445664
1,0.251322
1,0.695592
1,0.384528
1,0.492183
1,0.624564
1,0.566828
1,0.67154
1,0.593901
1,0.461499
1,0.232168
1,0.670523
1,0.452883
1,0.137398
1,0.396519
1,0.234919
1,0.62736
1,0.453078
1,0.622869
1,0.32324
1,0.277242
1,0.433521
1,0.400351
1,0.74068
1,0.403196
1,0.677699
1,0.839605
1,0.381574
1,0.473834
1,0.420652
1,0.648514
1,0.383165
1,0.692481
1,0.505552
1,0.392412
1,0.399487
1,0.549158
1,0.517921
1,0.329262
1,0.466972
1,0.584253
1,0.20047
1,0.242462
1,0.296799
1,0.470535
1,0.433017
1,0.528256
1,0.70848
1,0.535933
1,0.430283
1,0.779082
1,0.502757
1,0.492921
1,0.404913
1,0.756182
1,0.504249
1,0.542345
1,0.281706
1,0.522533
1,0.464952
1,0.532486
1,0.49098
1,0.437063
1,0.583713
1,0.493948
1,0.799462
1,0.3046
1,0.374051
1,0.188747
1,0.718145
1,0.381925
1,0.242698
1,0.586049
1,0.567405
1,0.679399
1,0.606516
1,0.414812
1,0.696432
1,0.617095
1,0.803597
1,0.431485
1,0.475237
1,0.538374
1,0.432158
1,0.754823
1,0.259403
1,0.483257
1,0.545138
1,0.522128
1,0.365451
1,0.457965
1,0.329798
1,0.577523
1,0.430941
1,0.34904
1,0.289815
1,0.274596
1,0.21703
1,0.376741
1,0.526916
1,0.577033
1,0.348742
1,0.589376
1,0.465527
1,0.551137
1,0.612433
1,0.633146
1,0.399415
1,0.466577
1,0.500342
1,0.57012
1,0.360818
1,0.620475
1,0.332847
1,0.536793
1,0.726587
1,0.648825
1,0.362813
1,0.58904
1,0.833194
1,0.430273
1,0.544204
1,0.666033
1,0.672721
1,0.332314
1,0.720042
1,0.48689
1,0.479874
1,0.559567
1,0.585795
1,0.299811
1,0.451941
1,0.810602
1,0.323979
1,0.511604
1,0.551691
1,0.53771
1,0.351503
1,0.462568
1,0.212761
1,0.47704
1,0.653739
1,0.357834
1,0.377801
1,0.605149
1,0.716484
1,0.795001
1,0.696016
1,0.766726
1,0.643699
1,0.53392
1,0.455481
1,0.723642
1,0.092736
1,0.410954
1,0.625209
1,0.280374
1,0.307655
1,0.604278
1,0.683055
1,0.600152
1,0.593171
1,0.196095
1,0.303636
1,0.302791
1,0.710132
1,0.682936
1,0.579405
1,0.570957
1,0.607662
1,0.523383
1,0.600861
1,0.542247
1,0.503985
1,0.363508
1,0.385387
1,0.423619
1,0.469777
1,0.415
1,0.428607
1,0.384293
1,0.385594
1,0.45816
1,0.402975
1,0.670023
1,0.772113
1,0.672035
1,0.743703
1,0.369835
1,0.210351
1,0.488366
1,0.296317
1,0.391021
1,0.296369
1,0.389128
1,0.437574
1,0.625367
1,0.702529
1,0.484707
1,0.512493
1,0.547329
1,0.703966
1,0.810965
1,0.286647
1,0.48732
1,0.227196
1,0.293503
1,0.453509
1,0.349739
1,0.625765
1,0.474976
1,0.371766
1,0.405738
1,0.243599
1,0.344271
1,0.411446
1,0.593646
1,0.610473
1,0.499759
1,0.596323
1,0.867252
1,0.435147
1,0.403881
1,0.536035
1,0.742951
1,0.497334
1,0.587141
1,0.567069
1,0.521897
1,0.458325
1,0.278989
1,0.192036
1,0.694658
1,0.445344
1,0.346048
1,0.36795
1,0.276915
1,0.173931
1,0.797297
1,0.370295
1,0.316647
1,0.135337
1,0.644173
1,0.570902
1,0.388602
1,0.437707
1,0.398212
1,0.429403
1,0.403209
1,0.612243
1,0.380509
1,0.499423
1,0.583782
1,0.489807
1,0.459409
1,0.77019
1,0.760233
1,0.392674
1,0.39913
1,0.403737
1,0.506469
1,0.475694
1,0.672768
1,0.422267
1,0.878786
1,0.456456
1,0.5237
1,0.53581
1,0.494116
1,0.637764
1,0.732658
1,0.516802
1,0.433236
1,0.827353
1,0.424328
1,0.685715
1,0.681916
1,0.85018
1,0.358174
1,0.263665
1,0.133621
1,0.23247
1,0.276074
1,0.736195
1,0.646962
1,0.681957
1,0.673444
1,0.774687
1,0.346125
1,0.443357
1,0.784858
1,0.316901
1,0.521179
1,0.736661
1,0.705047
1,0.430489
1,0.560321
1,0.610533
1,0.671483
1,0.288942
1,0.595343
1,0.762133
1,0.334435
1,0.45477
1,0.571493
1,0.564037
1,0.6986
1,0.490634
1,0.829503
1,0.497073
1,0.369476
1,0.686602
1,0.500209
1,0.437721
1,0.606803
1,0.762898
1,0.488191
1,0.826105
1,0.687117
1,0.519807
1,0.811168
1,0.294973
1,0.615232
1,0.373021
1,0.567239
1,0.232046
1,0.380997
1,0.799367
1,0.674681
1,0.305534
1,0.627963
1,0.564242
1,0.259608
1,0.933016
1,0.718268
1,0.479051
1,0.84552
1,0.49568
1,0.576954
1,0.685369
1,0.195843
1,0.246047
1,0.76307
1,0.315544
1,0.623061
1,0.693578
1,0.358994
1,0.522281
1,0.285585
1,0.66016
1,0.428181
1,0.590232
1,0.302899
1,0.389307
1,0.556538
1,0.654665
1,0.461178
1,0.279035
1,0.569805
1,0.571704
1,0.743977
1,0.380852
1,0.463638
1,0.60013
1,0.580577
1,0.45379
1,0.551552
1,0.797759
1,0.646103
1,0.52303
1,0.764807
1,0.467268
1,0.514882
1,0.365081
1,0.473436
1,0.408326
1,0.448267
1,0.503996
1,0.26838
1,0.35915
1,0.631575
1,0.716508
1,0.597315
1,0.439765
1,0.706056
1,0.772565
1,0.45086
1,0.868771
1,0.725196
1,0.76058
1,0.282229
1,0.472327
1,0.108044
1,0.877277
1,0.266668
1,0.547763
1,0.777129
1,0.737969
1,0.516795
1,0.580092
1,0.31086
1,0.744797
1,0.213107
1,0.625579
1,0.525321
1,0.729791
1,0.634361
1,0.480677
1,0.822067
1,0.172763
1,0.471471
1,0.350051
1,0.736859
1,0.406249
1,0.348427
1,0.484731
1,0.549705
1,0.397229
1,0.399776
1,0.684723
1,0.491252
1,0.777571
1,0.527848
1,0.294882
1,0.548036
1,0.249777
1,0.631747
1,0.59378
1,0.383561
1,0.606727
1,0.786214
1,0.572858
1,0.45723
1,0.496829
1,0.595922
1,0.246588
1,0.753613
1,0.521464
1,0.476011
1,0.488944
1,0.873998
1,0.334637
1,0.719909
1,0.592161
1,0.588447
1,0.272612
1,0.777295
1,0.542143
1,0.156948
1,0.740869
1,0.36409
1,0.859379
1,0.699832
1,0.578443
1,0.28045
1,0.347567
1,0.741688
1,0.242714
1,0.308844
1,0.55472
1,0.544131
1,0.74294
1,0.422081
1,0.67992
1,0.334591
1,0.643201
1,0.503943
1,0.74708
1,0.402626
1,0.802743
1,0.366937
1,0.272013
1,0.501857
1,0.464631
1,0.780417
1,0.433853
1,0.233597
1,0.4493
1,0.784416
1,0.24928
1,0.549566
1,0.385396
1,0.424097
1,0.498214
1,0.503556
1,0.235326
1,0.618221
1,0.606845
1,0.636249
1,0.446259
1,0.516139
1,0.748736
1,0.569045
1,0.657127
1,0.068835
1,0.403105
1,0.478499
1,0.445321
1,0.415593
1,0.620178
1,0.186173
1,0.379931
1,0.46168
1,0.759144
1,0.599556
1,0.434173
1,0.348123
1,0.604155
1,0.382894
1,0.462673
1,0.398306
1,0.362315
1,0.414198
1,0.718295
1,0.740774
1,0.20896
1,0.717689
1,0.642014
1,0.542042
1,0.861283
1,0.687287
1,0.62788
1,0.339321
1,0.568991
1,0.777326
1,0.296517
1,0.600378
1,0.420154
1,0.476115
1,0.433619
1,0.55857
1,0.672705
1,0.573592
1,0.456121
1,0.239706
1,0.392531
1,0.618035
1,0.277014
1,0.546119
1,0.438632
1,0.197971
1,0.269515
1,0.396422
1,0.674875
1,0.308248
1,0.750436
1,0.272814
1,0.434195
1,0.752336
1,0.743451
1,0.226379
1,0.513756
1,0.779114
1,0.645991
1,0.561741
1,0.312818
1,0.739633
1,0.423282
1,0.636994
1,0.465438
1,0.455696
1,0.642749
1,0.665534
1,0.423614
1,0.403952
1,0.28533
1,0.666747
1,0.164548
1,0.303653
1,0.489789
1,0.704085
1,0.738521
1,0.311342
1,0.418514
1,0.39793
1,0.742126
1,0.778934
1,0.621232
1,0.4523
1,0.90115
1,0.319104
1,0.584755
1,0.659824
1,0.42018
1,0.635786
1,0.821461
1,0.359055
1,0.362233
1,0.54129
1,0.464441
1,0.201187
1,0.097664
1,0.786646
1,0.478731
1,0.402877
1,0.195624
1,0.499496
1,0.755771
1,0.640398
1,0.739754
1,0.184641
1,0.477033
1,0.358487
1,0.56482
1,0.843118
1,0.633717
1,0.359986
1,0.5649
1,0.438391
1,0.458372
1,0.81667
1,0.233853
1,0.595916
1,0.713804
1,0.820515
1,0.547004
1,0.54975
1,0.586629
1,0.168958
1,0.33008
1,0.541406
1,0.682026
1,0.601048
1,0.610535
1,0.863373
1,0.58536
1,0.515223
1,0.364484
1,0.308631
1,0.650465
1,0.432226
1,0.317278
1,0.448736
1,0.430439
1,0.477543
1,0.459645
1,0.551085
1,0.659059
1,0.431942
1,0.572097
1,0.259971
1,0.80431
1,0.558494
1,0.253924
1,0.755494
1,0.432752
1,0.586916
1,0.439091
1,0.410246
1,0.804435
1,0.442909
1,0.386123
1,0.066869
1,0.753584
1,0.335274
1,0.398312
1,0.8106
1,0.54237
1,0.774273
1,0.665961
1,0.498312
1,0.377961
1,0.540586
1,0.616272
1,0.555327
1,0.517939
1,0.516674
1,0.378107
1,0.636109
1,0.565284
1,0.562406
1,0.412173
1,0.328388
1,0.592498
1,0.522797
1,0.465622
1,0.745735
1,0.408145
1,0.223474
1,0.804239
1,0.619758
1,0.52669
1,0.402852
1,0.379094
1,0.630031
1,0.514162
1,0.520187
1,0.446235
1,0.421258
1,0.343141
1,0.39271
1,0.167754
1,0.461093
1,0.727443
1,0.408356
1,0.645692
1,0.599572
1,0.470988
1,0.461574
1,0.471103
1,0.235872
1,0.861134
1,0.469361
1,0.831951
1,0.73585
1,0.917667
1,0.369733
1,0.793437
1,0.629919
1,0.42556
1,0.441463
1,0.461508
1,0.496618
1,0.551068
1,0.528895
1,0.57311
1,0.680704
1,0.569677
1,0.722352
1,0.490836
1,0.477349
1,0.287717
1,0.424111
1,0.479155
1,0.627006
1,0.429222
1,0.908149
1,0.614063
1,0.501352
1,0.654458
1,0.884367
1,0.66132
1,0.135664
1,0.774977
1,0.425666
1,0.631083
1,0.627144
1,0.269302
1,0.427581
1,0.332817
1,0.467509
1,0.34947
1,0.72638
1,0.660102
1,0.349034
1,0.590085
1,0.585226
1,0.451188
1,0.758778
1,0.672848
1,0.624537
1,0.606901
1,0.605273
1,0.453918
1,0.547257
1,0.592076
1,0.38348
1,0.757306
1,0.293817
1,0.532422
1,0.640491
1,0.536507
1,0.758099
1,0.659332
1,0.475506
1,0.602918
1,0.616984
1,0.419042
1,0.265083
1,0.398898
1,0.221401
1,0.692123
1,0.652503
1,0.224125
1,0.564478
1,0.841797
1,0.49085
1,0.583861
1,0.130649
1,0.559733
1,0.90136
1,0.439178
1,0.574467
1,0.651981
1,0.390441
1,0.647342
1,0.342376
1,0.288073
1,0.730276
1,0.244052
1,0.347077
1,0.788441
1,0.207857
1,0.56229
1,0.695648
1,0.363217
1,0.428496
1,0.461782
1,0.505531
1,0.552528
1,0.273495
1,0.596276
1,0.503137
1,0.623432
1,0.825265
1,0.260777
1,0.297374
1,0.611731
1,0.490251
1,0.341568
1,0.174765
1,0.606273
1,0.366095
1,0.740303
1,0.598131
1,0.708122
1,0.512015
1,0.321605
1,0.470268
1,0.498871
1,0.773069
1,0.505334
1,0.73922
1,0.454028
1,0.778558
1,0.376345
1,0.350097
1,0.546906
1,0.707041
1,0.693453
1,0.313884
1,0.548341
1,0.590279
1,0.29982
1,0.523864
1,0.297419
1,0.174417
1,0.628872
1,0.563342
1,0.300613
1,0.407804
1,0.430829
1,0.629296
1,0.413042
1,0.513914
1,0.395761
1,0.738679
1,0.375693
1,0.621094
1,0.816012
1,0.316905
1,0.455055
1,0.253571
1,0.376731
1,0.300838
1,0.648926
1,0.607463
1,0.64488
1,0.7131
1,0.417591
1,0.592429
1,0.675166
1,0.42668
1,0.605738
1,0.524068
1,0.661901
1,0.473262
1,0.373241
1,0.827389
1,0.434367
1,0.35941
1,0.184427
1,0.500636
1,0.432939
1,0.660234
1,0.5391
1,0.298694
1,0.489915
1,0.494095
1,0.761111
1,0.723729
1,0.288754
1,0.450404
1,0.563473
1,0.853904
1,0.900958
1,0.327562
1,0.887893
1,0.521062
1,0.43766
1,0.640905
1,0.743811
1,0.551875
1,0.672373
1,0.459206
1,0.442699
1,0.481773
1,0.827804
1,0.419901
1,0.440294
1,0.413223
1,0.455995
1,0.432386
1,0.669219
1,0.725403
1,0.124275
1,0.310968
1,0.384525
1,0.597774
1,0.446162
1,0.467015
1,0.775486
1,0.279797
1,0.202919
1,0.512869
1,0.420391
1,0.430156
1,0.447876
1,0.569863
1,0.376542
1,0.439203
1,0.527578
1,0.591928
1,0.329811
1,0.505366
1,0.677665
1,0.254
1,0.343456
1,0.67015
1,0.803746
1,0.603009
1,0.654043
1,0.574668
1,0.703686
1,0.457068
1,0.606857
1,0.630897
1,0.648926
1,0.72861
1,0.443661
1,0.650892
1,0.658796
1,0.53352
1,0.585247
1,0.687097
1,0.738842
1,0.472981
1,0.385712
1,0.743425
1,0.836004
1,0.748436
1,0.354962
1,0.364672
1,0.274855
1,0.553542
1,0.553995
1,0.528815
1,0.498324
1,0.599816
1,0.521153
1,0.394653
1,0.674536
1,0.306757
1,0.517373
1,0.501559
1,0.749812
1,0.635438
1,0.450595
1,0.508385
1,0.514327
1,0.370605
1,0.719619
1,0.502869
1,0.89776
1,0.648671
1,0.628559
1,0.278985
1,0.279706
1,0.78364
1,0.377657
1,0.518809
1,0.644197
1,0.476782
1,0.313591
1,0.141016
1,0.424596
1,0.486523
1,0.724893
1,0.684288
1,0.912639
1,0.698512
1,0.34153
1,0.432204
1,0.440808
1,0.489365
1,0.505675
1,0.608389
1,0.374869
1,0.253825
1,0.802187
1,0.095331
1,0.657798
1,0.426874
1,0.626496
1,0.445729
1,0.778769
1,0.718171
1,0.652417
1,0.429835
1,0.45441
1,0.555721
1,0.508105
1,0.534165
1,0.40245
1,0.506148
1,0.498633
1,0.091911
1,0.378976
1,0.704698
1,0.448535
1,0.661382
1,0.63359
1,0.827453
1,0.616378
1,0.721225
1,0.315501
1,0.328147
1,0.59803
1,0.620693
1,0.492886
1,0.774051
1,0.512161
1,0.560954
1,0.076146
1,0.342771
1,0.332713
1,0.65404
1,0.418286
1,0.550734
1,0.167907
1,0.499215
1,0.526373
1,0.690812
1,0.382608
1,0.640757
1,0.590239
1,0.232519
1,0.262055
1,0.295821
1,0.412255
1,0.237233
1,0.487456
1,0.491278
1,0.429489
1,0.643696
1,0.572916
1,0.66211
1,0.455914
1,0.489463
1,0.710003
1,0.715775
1,0.80426
1,0.496185
1,0.432591
1,0.152618
1,0.334856
1,0.915112
1,0.606091
1,0.848626
1,0.735082
1,0.29004
1,0.416349
1,0.355645
1,0.304136
1,0.64066
1,0.173733
1,0.438899
1,0.54232
1,0.41044
1,0.613682
1,0.654791
1,0.685504
1,0.21302
1,0.721947
1,0.434383
1,0.849226
1,0.445385
1,0.261283
1,0.42622
1,0.536181
1,0.357182
1,0.44908
1,0.365684
1,0.63999
1,0.786263
1,0.608958
1,0.389804
1,0.503652
1,0.737555
1,0.429076
1,0.58575
1,0.422312
1,0.556168
1,0.550456
1,0.80377
1,0.586299
1,0.412619
1,0.391906
1,0.721489
1,0.354409
1,0.228161
1,0.499036
1,0.495923
1,0.398136
1,0.764584
1,0.617455
1,0.707691
1,0.545352
1,0.588501
1,0.278033
1,0.752403
1,0.56422
1,0.439075
1,0.505591
1,0.479117
1,0.77836
1,0.601637
1,0.581755
1,0.47173
1,0.290017
1,0.720964
1,0.4929
1,0.457941
1,0.528681
1,0.393378
1,0.519565
1,0.521787
1,0.255793
1,0.278893
1,0.543565
1,0.474804
1,0.522574
1,0.672444
1,0.452273
1,0.596731
1,0.534057
1,0.790755
1,0.278857
1,0.449806
1,0.729942
1,0.316965
1,0.437531
1,0.345281
1,0.306991
1,0.57909
1,0.845241
1,0.591379
1,0.560008
1,0.592927
1,0.487946
1,0.413234
1,0.82966
1,0.833608
1,0.562775
1,0.498315
1,0.594979
1,0.358493
1,0.37689
1,0.369917
1,0.173613
1,0.535329
1,0.48406
1,0.585476
1,0.498887
1,0.431728
1,0.48796
1,0.354575
1,0.134991
1,0.758632
1,0.743026
1,0.233338
1,0.556306
1,0.775381
1,0.558904
1,0.592519
1,0.448043
1,0.845187
1,0.701228
1,0.477009
1,0.459648
1,0.348721
1,0.731683
1,0.200567
1,0.451892
1,0.523652
1,0.708539
1,0.301117
1,0.518026
1,0.726714
1,0.536443
1,0.401903
1,0.629318
1,0.719627
1,0.380757
1,0.247289
1,0.49442
1,0.320206
1,0.537596
1,0.526834
1,0.518288
1,0.678868
1,0.440035
1,0.667646
1,0.05441
1,0.50696
1,0.228048
1,0.522946
1,0.530802
1,0.211451
1,0.446498
1,0.767045
1,0.435251
1,0.688119
1,0.342215
1,0.611057
1,0.516952
1,0.40264
1,0.229428
1,0.588423
1,0.429035
1,0.75782
1,0.743151
1,0.820578
1,0.593156
1,0.566391
1,0.649513
1,0.512001
1,0.726186
1,0.648745
1,0.515389
1,0.433506
1,0.339997
1,0.594156
1,0.614605
1,0.728505
1,0.171005
1,0.590569
1,0.372936
1,0.277267
1,0.653062
1,0.502209
1,0.441975
1,0.463196
1,0.182735
1,0.650094
1,0.668423
1,0.647746
1,0.539262
1,0.280947
1,0.23495
1,0.261507
1,0.212268
1,0.705415
1,0.544999
1,0.36782
1,0.19888
1,0.8482
1,0.633068
1,0.638952
1,0.296298
1,0.172933
1,0.325901
1,0.524221
1,0.513868
1,0.207573
1,0.24936
1,0.191933
1,0.37587
1,0.648253
1,0.339932
1,0.67056
1,0.74331
1,0.800652
1,0.717196
1,0.448485
1,0.392449
1,0.707958
1,0.274971
1,0.68248
1,0.707971
1,0.464151
1,0.474129
1,0.481386
1,0.333364
1,0.449759
1,0.293819
1,0.76072
1,0.795266
1,0.342102
1,0.62469
1,0.195562
1,0.420618
1,0.787203
1,0.563652
1,0.72324
1,0.451102
1,0.683238
1,0.277482
1,0.391684
1,0.686785
1,0.624504
1,0.4958
1,0.472733
1,0.408311
1,0.531832
1,0.447007
1,0.584881
1,0.402937
1,0.423621
1,0.680998
1,0.637534
1,0.411865
1,0.312224
1,0.503121
1,0.626153
1,0.578942
1,0.746304
1,0.623761
1,0.312241
1,0.460972
1,0.415034
1,0.604771
1,0.615816
1,0.348063
1,0.406554
1,0.191905
1,0.791245
1,0.493346
1,0.584036
1,0.558747
1,0.934915
1,0.496334
1,0.503779
1,0.526009
1,0.373557
1,0.539855
1,0.300523
1,0.248268
1,0.276858
1,0.283941
1,0.20536
1,0.215365
1,0.255146
1,0.44401
1,0.516942
1,0.509453
1,0.263243
1,0.560437
1,0.650914
1,0.588222
1,0.503166
1,0.562438
1,0.842208
1,0.462438
1,0.310643
1,0.297497
1,0.275923
1,0.492533
1,0.301567
1,0.271371
1,0.329839
1,0.53738
1,0.762987
1,0.386796
1,0.794408
1,0.361259
1,0.459508
1,0.629498
1,0.323324
1,0.336038
1,0.546053
1,0.327477
1,0.380195
1,0.5324
1,0.312036
1,0.496088
1,0.400576
1,0.735654
1,0.71482
1,0.088397
1,0.758831
1,0.469347
1,0.593473
1,0.356156
1,0.888795
1,0.483492
1,0.079977
1,0.709704
1,0.711529
1,0.507435
1,0.379709
1,0.683405
1,0.54511
1,0.313282
1,0.289401
1,0.475115
1,0.741794
1,0.168458
1,0.708746
1,0.597325
1,0.732846
1,0.526408
1,0.624197
1,0.497312
1,0.312691
1,0.391847
1,0.737111
1,0.268274
1,0.568381
1,0.386252
1,0.428529
1,0.440716
1,0.642685
1,0.254679
1,0.354421
1,0.47951
1,0.450396
1,0.527367
1,0.309537
1,0.188679
1,0.664498
1,0.499453
1,0.470789
1,0.772411
1,0.249149
1,0.377558
1,0.42832
1,0.288423
1,0.180978
1,0.51449
1,0.756804
1,0.408976
1,0.652179
1,0.639632
1,0.445831
1,0.546623
1,0.678698
1,0.683511
1,0.44902
1,0.562124
1,0.647741
1,0.379881
1,0.584085
1,0.167946
1,0.295441
1,0.507247
1,0.633937
1,0.886911
1,0.516072
1,0.541585
1,0.36449
1,0.465028
1,0.807968
1,0.515148
1,0.205614
1,0.55665
1,0.386492
1,0.433242
1,0.420642
1,0.218332
1,0.559512
1,0.627617
1,0.649748
1,0.526338
1,0.709188
1,0.524392
1,0.253382
1,0.522227
1,0.260679
1,0.539022
1,0.328421
1,0.245506
1,0.735292
1,0.210997
1,0.441138
1,0.472326
1,0.396159
1,0.782484
1,0.431358
1,0.204229
1,0.524369
1,0.434672
1,0.531656
1,0.518706
1,0.299664
1,0.852923
1,0.662664
1,0.745922
1,0.54227
1,0.75848
1,0.692511
1,0.536384
1,0.325989
1,0.446181
1,0.31736
1,0.541557
1,0.343543
1,0.81126
1,0.718356
1,0.443991
1,0.943399
1,0.636392
1,0.246012
1,0.521515
1,0.496328
1,0.644767
1,0.51011
1,0.925888
1,0.609941
1,0.649063
1,0.480939
1,0.875731
1,0.516093
1,0.521996
1,0.322356
1,0.28501
1,0.560418
1,0.194684
1,0.61683
1,0.475841
1,0.494289
1,0.596606
1,0.415264
1,0.44369
1,0.634389
1,0.553519
1,0.866181
1,0.608714
1,0.688227
1,0.206426
1,0.893406
1,0.542543
1,0.394076
1,0.574624
1,0.519824
1,0.061586
1,0.832781
1,0.366218
1,0.527837
1,0.492069
1,0.500165
1,0.55589
1,0.813855
1,0.626957
1,0.574368
1,0.669684
1,0.327653
1,0.164565
1,0.671409
1,0.471202
1,0.609048
1,0.519371
1,0.369617
1,0.54047
1,0.717798
1,0.298355
1,0.747406
1,0.430489
1,0.547575
1,0.46821
1,0.408708
1,0.645363
1,0.188781
1,0.642571
1,0.629707
1,0.645081
1,0.807773
1,0.776601
1,0.802431
1,0.560606
1,0.585505
1,0.748138
1,0.757389
1,0.571705
1,0.819358
1,0.822715
1,0.2305
1,0.651578
1,0.477501
1,0.460148
1,0.554274
1,0.514526
1,0.589839
1,0.567225
1,0.687389
1,0.563521
1,0.824074
1,0.396927
1,0.763538
1,0.519044
1,0.483926
1,0.643793
1,0.330595
1,0.492705
1,0.714153
1,0.425374
1,0.763633
1,0.474364
1,0.603965
1,0.849614
1,0.492448
1,0.429195
1,0.537985
1,0.651448
1,0.512083
1,0.537443
1,0.607049
1,0.650052
1,0.614299
1,0.364422
1,0.654723
1,0.609792
1,0.395747
1,0.69849
1,0.18267
1,0.69896
1,0.549173
1,0.594735
1,0.303315
1,0.725383
1,0.52873
1,0.49365
1,0.650316
1,0.493404
1,0.332945
1,0.458853
1,0.526231
1,0.501003
1,0.590295
1,0.742713
1,0.140318
1,0.394371
1,0.75181
1,0.726442
1,0.624811
1,0.359899
1,0.303009
1,0.468819
1,0.641948
1,0.199159
1,0.268346
1,0.390327
1,0.559736
1,0.293373
1,0.427268
1,0.472897
1,0.355784
1,0.311173
1,0.44097
1,0.478497
1,0.560391
1,0.59399
1,0.582533
1,0.724066
1,0.54873
1,0.137712
1,0.433109
1,0.248059
1,0.500844
1,0.678517
1,0.217582
1,0.368989
1,0.54221
1,0.438471
1,0.549335
1,0.302751
1,0.700652
1,0.437104
1,0.68168
1,0.426713
1,0.241844
1,0.591527
1,0.681772
1,0.733477
1,0.565568
1,0.441081
1,0.452069
1,0.325268
1,0.403705
1,0.345724
1,0.703562
1,0.44818
1,0.260366
1,0.746629
1,0.40986
1,0.518907
1,0.482306
1,0.307141
1,0.50088
1,0.703037
1,0.723442
1,0.551625
1,0.555224
1,0.697186
1,0.683756
1,0.354277
1,0.598018
1,0.40848
1,0.46581
1,0.806765
1,0.655607
1,0.377707
1,0.320468
1,0.702983
1,0.425799
1,0.300467
1,0.349196
1,0.365636
1,0.68813
1,0.64398
1,0.465017
1,0.360163
1,0.519129
1,0.271678
1,0.613884
1,0.509832
1,0.730424
1,0.595084
1,0.753156
1,0.785969
1,0.68164
1,0.687848
1,0.707656
1,0.450743
1,0.682098
1,0.231629
1,0.443963
1,0.417984
1,0.263275
1,0.16315
1,0.392838
1,0.480062
1,0.416544
1,0.267353
1,0.890283
1,0.532364
1,0.391289
1,0.293558
1,0.698153
1,0.705119
1,0.459973
1,0.424904
1,0.422269
1,0.833429
1,0.500939
1,0.567065
1,0.492106
1,0.372839
1,0.391567
1,0.392411
1,0.471839
1,0.422673
1,0.323233
1,0.196604
1,0.412371
1,0.402588
1,0.509442
1,0.870414
1,0.672434
1,0.677806
1,0.384595
1,0.367192
1,0.650674
1,0.44127
1,0.756671
1,0.486785
1,0.477172
1,0.691561
1,0.466891
1,0.471824
0,0.735946
0,0.397742
0,0.553185
0,0.085804
0,0.258523
0,0.356733
0,0.544868
0,0.904385
0,0.214503
0,0.271796
0,0.865128
0,0.983677
0,0.044968
0,0.457041
0,0.598387
0,0.345823
0,0.740237
0,0.5951
0,0.691872
0,0.230257
0,0.552751
0,0.338642
0,0.874662
0,0.220882
0,0.9082
0,0.501996
0,0.004857
0,0.543209
0,0.051653
0,0.394581
0,0.862834
0,0.221136
0,0.951244
0,0.463235
0,0.809954
0,0.096631
0,0.630169
0,0.320533
0,0.907404
0,0.831788
0,0.534616
0,0.767143
0,0.086491
0,0.459847
0,0.19696
0,0.151403
0,0.833534
0,0.953655
0,0.171351
0,0.252656
0,0.258628
0,0.999832
0,0.70892
0,0.004693
0,0.816667
0,0.800674
0,0.858127
0,0.429245
0,0.790085
0,0.027434
0,0.783975
0,0.764629
0,0.418858
0,0.886791
0,0.638041
0,0.448334
0,0.664886
0,0.279714
0,0.080525
0,0.129515
0,0.027014
0,0.991145
0,0.648579
0,0.529487
0,0.996225
0,0.48553
0,0.881674
0,0.357696
0,0.812298
0,0.501807
0,0.313589
0,0.709286
0,0.656881
0,0.034402
0,0.780779
0,0.630344
0,0.179958
0,0.00576
0,0.585504
0,0.136948
0,0.498776
0,0.416877
0,0.853298
0,0.217443
0,0.418772
0,0.028299
0,0.005061
0,0.356784
0,0.479484
0,0.824366
0,0.833729
0,0.149701
0,0.334273
0,0.614392
0,0.354342
0,0.078281
0,0.464346
0,0.814671
0,0.162073
0,0.162689
0,0.289464
0,0.034124
0,0.230466
0,0.114924
0,0.222762
0,0.399242
0,0.559998
0,0.658024
0,0.077328
0,0.272584
0,0.772036
0,0.407196
0,0.974904
0,0.866907
0,0.893396
0,0.127823
0,0.181962
0,0.892965
0,0.280933
0,0.451272
0,0.338258
0,0.010348
0,0.384419
0,0.211552
0,0.105166
0,0.692241
0,0.451784
0,0.789865
0,0.237947
0,0.404361
0,0.869748
0,0.393117
0,0.767636
0,0.023943
0,0.820395
0,0.172435
0,0.368657
0,0.061912
0,0.729311
0,0.10749
0,0.712417
0,0.27038
0,0.314973
0,0.633789
0,0.805906
0,0.376101
0,0.395415
0,0.872803
0,0.133693
0,0.351616
0,0.823586
0,0.143071
0,0.091929
0,0.589172
0,0.372547
0,0.295204
0,0.357839
0,0.211137
0,0.217591
0,0.250654
0,0.752775
0,0.997865
0,0.964736
0,0.534099
0,0.15918
0,0.586799
0,0.058918
0,0.348166
0,0.782259
0,0.311368
0,0.843996
0,0.079429
0,0.847352
0,0.981061
0,0.090159
0,0.504921
0,0.011656
0,0.885997
0,0.949707
0,0.740027
0,0.67972
0,0.52482
0,0.992186
0,0.320201
0,0.472423
0,0.058109
0,0.907794
0,0.12225
0,0.77065
0,0.210678
0,0.258534
0,0.862802
0,0.87381
0,0.710441
0,0.127382
0,0.608196
0,0.609355
0,0.756596
0,0.956952
0,0.103114
0,0.939645
0,0.593833
0,0.854468
0,0.536295
0,0.653703
0,0.709412
0,0.200235
0,0.094279
0,0.044434
0,0.324337
0,0.850172
0,0.129897
0,0.566163
0,0.931291
0,0.879171
0,0.769979
0,0.316211
0,0.542312
0,0.199413
0,0.50202
0,0.75226
0,0.380197
0,0.965339
0,0.62631
0,0.586178
0,0.030659
0,0.757715
0,0.865683
0,0.086594
0,0.913421
0,0.81213
0,0.162096
0,0.738542
0,0.068988
0,0.008025
0,0.21183
0,0.461784
0,0.141279
0,0.953611
0,0.101713
0,0.055203
0,0.042479
0,0.885578
0,0.128561
0,0.392722
0,0.186969
0,0.200995
0,0.739691
0,0.938806
0,0.234941
0,0.009455
0,0.667561
0,0.587334
0,0.743058
0,0.941158
0,0.337882
0,0.557049
0,0.102085
0,0.657687
0,0.775277
0,0.79689
0,0.497744
0,0.213716
0,0.374608
0,0.285683
0,0.070508
0,0.098753
0,0.743035
0,0.131913
0,0.711324
0,0.131305
0,0.321184
0,0.679028
0,0.298533
0,0.150159
0,0.913414
0,0.827044
0,0.339211
0,0.859599
0,0.674393
0,0.646534
0,0.654877
0,0.294301
0,0.934181
0,0.92927
0,0.571569
0,0.896194
0,0.389874
0,0.150809
0,0.450904
0,0.054236
0,0.305493
0,0.272201
0,0.163061
0,0.802877
0,0.169427
0,0.004748
0,0.335971
0,0.832303
0,0.207659
0,0.151415
0,0.45351
0,0.469254
0,0.413198
0,0.896918
0,0.232085
0,0.086073
0,0.173223
0,0.99462
0,0.440965
0,0.665711
0,0.064088
0,0.263216
0,0.103747
0,0.038119
0,0.742699
0,0.24015
0,0.150304
0,0.149469
0,0.888583
0,0.895313
0,0.343846
0,0.82052
0,0.534911
0,0.029321
0,0.847186
0,0.450722
0,0.851087
0,0.001196
0,0.029295
0,0.991364
0,0.493466
0,0.086436
0,0.083623
0,0.107252
0,0.485299
0,0.658303
0,0.507782
0,0.132327
0,0.123701
0,0.086575
0,0.134304
0,0.064604
0,0.575953
0,0.529453
0,0.243177
0,0.880052
0,0.905595
0,0.765749
0,0.552637
0,0.415279
0,0.078525
0,0.743067
0,0.243338
0,0.822047
0,0.182166
0,0.231932
0,0.751543
0,0.774008
0,0.805876
0,0.928594
0,0.543957
0,0.072041
0,0.779562
0,0.101482
0,0.073366
0,0.002174
0,0.247202
0,0.118574
0,0.260645
0,0.321411
0,0.162305
0,0.384181
0,0.139853
0,0.585619
0,0.726699
0,0.287951
0,0.835661
0,0.897751
0,0.951307
0,0.092541
0,0.229311
0,0.565454
0,0.533331
0,0.747116
0,0.725519
0,0.170704
0,0.443272
0,0.269591
0,0.555267
0,0.89958
0,0.586338
0,0.705797
0,0.140667
0,0.489409
0,0.071676
0,0.781009
0,0.922103
0,0.047724
0,0.018132
0,0.878226
0,0.255037
0,0.706231
0,0.411082
0,0.886158
0,0.503768
0,0.014505
0,0.884645
0,0.132444
0,0.379581
0,0.738581
0,0.294745
0,0.158043
0,0.672948
0,0.790195
0,0.486738
0,0.074121
0,0.714552
0,0.445041
0,0.935551
0,0.934614
0,0.048292
0,0.176373
0,0.029744
0,0.517839
0,0.211655
0,0.866871
0,0.862039
0,0.175394
0,0.861648
0,0.438691
0,0.174673
0,0.717288
0,0.779997
0,0.317673
0,0.800134
0,0.460346
0,0.99465
0,0.112302
0,0.781174
0,0.041825
0,0.824468
0,0.771409
0,0.050514
0,0.181578
0,0.140354
0,0.820424
0,0.814194
0,0.864421
0,0.724208
0,0.538482
0,0.95448
0,0.225953
0,0.143777
0,0.294943
0,0.372185
0,0.847922
0,0.656824
0,0.782518
0,0.283583
0,0.303618
0,0.139384
0,0.931986
0,0.301973
0,0.081972
0,0.35558
0,0.013596
0,0.943492
0,0.776289
0,0.71584
0,0.876422
0,0.086533
0,0.309068
0,0.341072
0,0.825413
0,0.681993
0,0.133181
0,0.991069
0,0.194899
0,0.18126
0,0.480952
0,0.999263
0,0.069343
0,0.315458
0,0.139978
0,0.886182
0,0.185144
0,0.714156
0,0.518331
0,0.520035
0,0.381128
0,0.519549
0,0.399579
0,0.527203
0,0.190695
0,0.298204
0,0.186958
0,0.950851
0,0.965743
0,0.007198
0,0.521179
0,0.165079
0,0.053384
0,0.00922
0,0.012418
0,0.190446
0,0.040602
0,0.121188
0,0.858675
0,0.460745
0,0.710759
0,0.265951
0,0.47467
0,0.296608
0,0.655829
0,0.208911
0,0.093243
0,0.288164
0,0.798875
0,0.34023
0,0.449144
0,0.827995
0,0.700173
0,0.326018
0,0.104036
0,0.082938
0,0.032558
0,0.6974
0,0.263307
0,0.112027
0,0.449467
0,0.565354
0,0.602504
0,0.664159
0,0.045765
0,0.134855
0,0.070631
0,0.007499
0,0.863589
0,0.70345
0,0.762799
0,0.173901
0,0.352154
0,0.011198
0,0.495264
0,0.643893
0,0.606955
0,0.051845
0,0.606642
0,0.599823
0,0.652952
0,0.614218
0,0.498911
0,0.251867
0,0.445288
0,0.939317
0,0.250449
0,0.071549
0,0.834225
0,0.396899
0,0.42057
0,0.714184
0,0.98855
0,0.570699
0,0.23036
0,0.015644
0,0.729962
0,0.662428
0,0.566604
0,0.235533
0,0.038609
0,0.528942
0,0.3316
0,0.943493
0,0.057856
0,0.083561
0,0.950375
0,0.018905
0,0.14618
0,0.442424
0,0.363146
0,0.531618
0,0.023182
0,0.341097
0,0.262985
0,0.05109
0,0.11927
0,0.085238
0,0.437127
0,0.879246
0,0.982114
0,0.674253
0,0.786403
0,0.922954
0,0.20146
0,0.139191
0,0.470425
0,0.782098
0,0.659819
0,0.351032
0,0.023479
0,0.689188
0,0.281939
0,0.949
0,0.95776
0,0.804738
0,0.631192
0,0.894055
0,0.180296
0,0.842876
0,0.631202
0,0.667908
0,0.769936
0,0.954751
0,0.48683
0,0.022939
0,0.133634
0,0.064208
0,0.53263
0,0.480614
0,0.820029
0,0.346626
0,0.468939
0,0.43653
0,0.780109
0,0.087922
0,0.351052
0,0.905843
0,0.116488
0,0.627629
0,0.997583
0,0.002889
0,0.319561
0,0.824807
0,0.439256
0,0.258926
0,0.01726
0,0.017185
0,0.827761
0,0.553321
0,0.708784
0,0.687574
0,0.992012
0,0.403624
0,0.784789
0,0.799332
0,0.09487
0,0.811263
0,0.826257
0,0.485242
0,0.595882
0,0.903847
0,0.767541
0,0.51931
0,0.595116
0,0.872632
0,0.945895
0,0.130397
0,0.906414
0,0.782057
0,0.832984
0,0.74133
0,0.85259
0,0.64723
0,0.380463
0,0.425326
0,0.794624
0,0.293463
0,0.854919
0,0.232502
0,0.183838
0,0.760995
0,0.225331
0,0.302462
0,0.091134
0,0.579302
0,0.083669
0,0.703453
0,0.166797
0,0.97393
0,0.738141
0,0.704821
0,0.306122
0,0.378696
0,0.108878
0,0.919983
0,0.762331
0,0.988114
0,0.203774
0,0.936837
0,0.276317
0,0.535126
0,0.083741
0,0.660635
0,0.156079
0,0.312817
0,0.529862
0,0.826424
0,0.347972
0,0.772599
0,0.402609
0,0.087152
0,0.143453
0,0.180739
0,0.694638
0,0.389523
0,0.970294
0,0.447854
0,0.489166
0,0.406674
0,0.837938
0,0.085104
0,0.68294
0,0.398673
0,0.151061
0,0.124536
0,0.76252
0,0.040113
0,0.496801
0,0.813961
0,0.576107
0,0.620811
0,0.862819
0,0.901901
0,0.231306
0,0.727434
0,0.802573
0,0.976711
0,0.71903
0,0.880666
0,0.715535
0,0.718657
0,0.080311
0,0.104463
0,0.033524
0,0.059347
0,0.839083
0,0.767597
0,0.032583
0,0.437699
0,0.770817
0,0.695619
0,0.817866
0,0.424255
0,0.834213
0,0.835719
0,0.372965
0,0.123272
0,0.333851
0,0.426816
0,0.296582
0,0.288814
0,0.879136
0,0.845573
0,0.169104
0,0.009208
0,0.944773
0,0.331621
0,0.788405
0,0.668108
0,0.323279
0,0.385386
0,0.828584
0,0.612805
0,0.86857
0,0.258773
0,0.359476
0,0.79477
0,0.017508
0,0.280848
0,0.317126
0,0.935978
0,0.372971
0,0.99641
0,0.984112
0,0.915824
0,0.496018
0,0.00069
0,0.000265
0,0.643523
0,0.13558
0,0.13435
0,0.812862
0,0.464441
0,0.601176
0,0.084722
0,0.48174
0,0.769929
0,0.029506
0,0.01835
0,0.406783
0,0.261918
0,0.690402
0,0.309049
0,0.291991
0,0.111437
0,0.075682
0,0.940921
0,0.450444
0,0.724541
0,0.959559
0,0.397061
0,0.198032
0,0.834992
0,0.09995
0,0.521899
0,0.770392
0,0.145264
0,0.976125
0,0.010149
0,0.282201
0,0.965019
0,0.962128
0,0.898478
0,0.082606
0,0.043055
0,0.875248
0,0.142418
0,0.021853
0,0.942679
0,0.420533
0,0.816189
0,0.603743
0,0.8586
0,0.782179
0,0.002188
0,0.228718
0,0.164558
0,0.231248
0,0.932645
0,0.383426
0,0.589394
0,0.028293
0,0.297291
0,0.372017
0,0.588377
0,0.78636
0,0.980285
0,0.579674
0,0.088712
0,0.617959
0,0.941737
0,0.369435
0,0.918251
0,0.139484
0,0.627285
0,0.240859
0,0.920407
0,0.030265
0,0.936766
0,0.993882
0,0.16544
0,0.408899
0,0.256391
0,0.009887
0,0.280681
0,0.87576
0,0.575521
0,0.769674
0,0.344737
0,0.305666
0,0.339894
0,0.030144
0,0.969885
0,0.058042
0,0.656921
0,0.137802
0,0.822663
0,0.016424
0,0.329984
0,0.185859
0,0.100904
0,0.604089
0,0.901451
0,0.059309
0,0.129656
0,0.261921
0,0.290524
0,0.776186
0,0.123315
0,0.144673
0,0.775676
0,0.328099
0,0.051525
0,0.909109
0,0.913096
0,0.250026
0,0.09002
0,0.196432
0,0.755343
0,0.440778
0,0.246061
0,0.375312
0,0.180522
0,0.313638
0,0.341536
0,0.284465
0,0.342359
0,0.798703
0,0.089342
0,0.496149
0,0.93097
0,0.593624
0,0.676317
0,0.294086
0,0.105116
0,0.813112
0,0.507827
0,0.546216
0,0.784472
0,0.677468
0,0.985038
0,0.068042
0,0.641707
0,0.481388
0,0.026817
0,0.017318
0,0.27524
0,0.299222
0,0.407777
0,0.361294
0,0.311678
0,0.203501
0,0.246259
0,0.112693
0,0.512204
0,0.895775
0,0.329299
0,0.943259
0,0.838225
0,0.435586
0,0.714458
0,0.497712
0,0.311598
0,0.4532
0,0.377372
0,0.017596
0,0.080357
0,0.500599
0,0.544672
0,0.474897
0,0.057477
0,0.823492
0,0.649061
0,0.069237
0,0.609886
0,0.022978
0,0.363905
0,0.945547
0,0.326758
0,0.183864
0,0.615711
0,0.413052
0,0.239667
0,0.077547
0,0.465822
0,0.277787
0,0.041763
0,0.741543
0,0.712778
0,0.077614
0,0.857228
0,0.053786
0,0.788887
0,0.063963
0,0.870115
0,0.862066
0,0.45783
0,0.324388
0,0.541955
0,0.758972
0,0.966381
0,0.129393
0,0.766465
0,0.974862
0,0.030017
0,0.53558
0,0.267694
0,0.840483
0,0.03823
0,0.507023
0,0.870653
0,0.698529
0,0.080421
0,0.253084
0,0.799017
0,0.62763
0,0.633144
0,0.676769
0,0.412728
0,0.880295
0,0.042542
0,0.684639
0,0.014122
0,0.325377
0,0.316313
0,0.116911
0,0.878311
0,0.073069
0,0.835962
0,0.762543
0,0.401899
0,0.003346
0,0.424721
0,0.900002
0,0.493746
0,0.565303
0,0.469081
0,0.138448
0,0.512028
0,0.370497
0,0.370553
0,0.160947
0,0.811653
0,0.769511
0,0.252946
0,0.777215
0,0.767713
0,0.953444
0,0.336459
0,0.978972
0,0.266233
0,0.927039
0,0.188089
0,0.230222
0,0.223758
0,0.752449
0,0.663618
0,0.422457
0,0.117408
0,0.611118
0,0.026898
0,0.726258
0,0.945792
0,0.529331
0,0.159656
0,0.239427
0,0.345472
0,0.934689
0,0.178017
0,0.696795
0,0.810285
0,0.420495
0,0.949554
0,0.591044
0,0.853673
0,0.687172
0,0.963898
0,0.137159
0,0.427584
0,0.25498
0,0.670053
0,0.004173
0,0.515386
0,0.47486
0,0.486969
0,0.683486
0,0.194451
0,0.47806
0,0.826859
0,0.005153
0,0.764119
0,0.642353
0,0.214496
0,0.29099
0,0.423134
0,0.279143
0,0.516539
0,0.932002
0,0.531888
0,0.507239
0,0.265236
0,0.105323
0,0.481736
0,0.380527
0,0.477375
0,0.813391
0,0.720976
0,0.729652
0,0.711579
0,0.180292
0,0.126678
0,0.1162
0,0.211004
0,0.532244
0,0.371027
0,0.150717
0,0.785103
0,0.923189
0,0.20127
0,0.690104
0,0.876039
0,0.759996
0,0.121959
0,0.608649
0,0.687661
0,0.770802
0,0.685641
0,0.773996
0,0.159027
0,0.908691
0,0.684304
0,0.763978
0,0.996991
0,0.554583
0,0.677277
0,0.704474
0,0.906673
0,0.527981
0,0.441138
0,0.772906
0,0.760466
0,0.838099
0,0.031819
0,0.506194
0,0.455903
0,0.729344
0,0.447091
0,0.075539
0,0.52573
0,0.696779
0,0.877098
0,0.03818
0,0.717055
0,0.11084
0,0.43107
0,0.562818
0,0.604147
0,0.429731
0,0.773536
0,0.805182
0,0.953146
0,0.015246
0,0.744289
0,0.043723
0,0.728093
0,0.025565
0,0.122373
0,0.464774
0,0.35278
0,0.686231
0,0.833632
0,0.242886
0,0.858669
0,0.004923
0,0.982949
0,0.247653
0,0.984287
0,0.042153
0,0.46624
0,0.724615
0,0.918042
0,0.51948
0,0.51502
0,0.719346
0,0.548965
0,0.983795
0,0.822024
0,0.039426
0,0.641378
0,0.425826
0,0.945693
0,0.116393
0,0.48167
0,0.878304
0,0.114397
0,0.902826
0,0.925035
0,0.105925
0,0.421957
0,0.161251
0,0.907096
0,0.368606
0,0.28733
0,0.520567
0,0.157775
0,0.235727
0,0.89602
0,0.457953
0,0.938325
0,0.860721
0,0.284864
0,0.996983
0,0.952904
0,0.946914
0,0.467974
0,0.08715
0,0.323769
0,0.776441
0,0.551834
0,0.54434
0,0.741061
0,0.293467
0,0.884236
0,0.945791
0,0.807499
0,0.222472
0,0.986213
0,0.89215
0,0.195141
0,0.901237
0,0.143258
0,0.236129
0,0.600157
0,0.23433
0,0.848441
0,0.459423
0,0.418535
0,0.493656
0,0.109778
0,0.749442
0,0.31008
0,0.12939
0,0.778176
0,0.979854
0,0.307342
0,0.418887
0,0.400116
0,0.33272
0,0.331015
0,0.854133
0,0.325113
0,0.368287
0,0.341955
0,0.644986
0,0.415908
0,0.694259
0,0.384402
0,0.338127
0,0.069967
0,0.170971
0,0.075647
0,0.008857
0,0.054919
0,0.821591
0,0.782822
0,0.217636
0,0.019326
0,0.899387
0,0.872369
0,0.196036
0,0.19827
0,0.072728
0,0.234326
0,0.147406
0,0.636942
0,0.529443
0,0.108183
0,0.731954
0,0.544878
0,0.737229
0,0.773682
0,0.842758
0,0.141987
0,0.657828
0,0.754602
0,0.589424
0,0.277064
0,0.88984
0,0.173667
0,0.972488
0,0.960328
0,0.57324
0,0.422148
0,0.020654
0,0.468678
0,0.839116
0,0.111868
0,0.271771
0,0.615837
0,0.148377
0,0.344088
0,0.862385
0,0.268697
0,0.870336
0,0.840241
0,0.248869
0,0.881935
0,0.887815
0,0.810223
0,0.92196
0,0.898468
0,0.486515
0,0.849314
0,0.191149
0,0.080664
0,0.816643
0,0.820051
0,0.511936
0,0.153396
0,0.607075
0,0.140234
0,0.567112
0,0.866572
0,0.109332
0,0.01715
0,0.03811
0,0.508696
0,0.128772
0,0.008812
0,0.334483
0,0.336965
0,0.096735
0,0.757965
0,0.89576
0,0.897707
0,0.989159
0,0.083753
0,0.855747
0,0.607271
0,0.60416
0,0.848057
0,0.23107
0,0.32116
0,0.79574
0,0.604813
0,0.261151
0,0.952746
0,0.537394
0,0.289319
0,0.242178
0,0.325712
0,0.88594
0,0.84256
0,0.441822
0,0.352665
0,0.043166
0,0.384109
0,0.916306
0,0.600072
0,0.309035
0,0.664751
0,0.837294
0,0.104206
0,0.140378
0,0.012958
0,0.853311
0,0.899282
0,0.413112
0,0.723492
0,0.179721
0,0.614024
0,0.466419
0,0.990815
0,0.909786
0,0.327969
0,0.600226
0,0.097432
0,0.922611
0,0.474443
0,0.967015
0,0.832183
0,0.047896
0,0.734266
0,0.465406
0,0.290747
0,0.464897
0,0.378007
0,0.142306
0,0.860269
0,0.771972
0,0.280303
0,0.138878
0,0.571431
0,0.558289
0,0.718566
0,0.434563
0,0.798502
0,0.306788
0,0.173494
0,0.971
0,0.851751
0,0.177544
0,0.070741
0,0.443691
0,0.732474
0,0.49687
0,0.433315
0,0.556722
0,0.749849
0,0.921922
0,0.44991
0,0.357422
0,0.655932
0,0.555853
0,0.47895
0,0.592781
0,0.420667
0,0.837731
0,0.503326
0,0.056552
0,0.558567
0,0.639823
0,0.028078
0,0.583435
0,0.607514
0,0.357411
0,0.567046
0,0.486326
0,0.843979
0,0.595135
0,0.373969
0,0.216699
0,0.162479
0,0.746518
0,0.211502
0,0.200981
0,0.344956
0,0.082042
0,0.582584
0,0.356154
0,0.054987
0,0.174091
0,0.20055
0,0.634322
0,0.074229
0,0.817906
0,0.492266
0,0.114454
0,0.510824
0,0.162095
0,0.79241
0,0.017642
0,0.015508
0,0.618896
0,0.118845
0,0.25941
0,0.150803
0,0.957382
0,0.813192
0,0.528026
0,0.375528
0,0.31901
0,0.084145
0,0.406739
0,0.291793
0,0.061549
0,0.626678
0,0.578658
0,0.260171
0,0.24244
0,0.121126
0,0.837778
0,0.046679
0,0.447133
0,0.158977
0,0.727907
0,0.399741
0,0.591466
0,0.323823
0,0.369972
0,0.660858
0,0.846331
0,0.254938
0,0.204827
0,0.524993
0,0.019512
0,0.720457
0,0.182578
0,0.057252
0,0.440736
0,0.739675
0,0.179867
0,0.868076
0,0.611719
0,0.553945
0,0.405012
0,0.104268
0,0.173842
0,0.321301
0,0.354251
0,0.885466
0,0.940584
0,0.010701
0,0.163366
0,0.511278
0,0.451394
0,0.853178
0,0.461927
0,0.716034
0,0.157357
0,0.175621
0,0.437665
0,0.927682
0,0.603289
0,0.137522
0,0.862459
0,0.691774
0,0.19659
0,0.031591
0,0.996634
0,0.39555
0,0.121656
0,0.383593
0,0.804156
0,0.183058
0,0.405839
0,0.870031
0,0.974881
0,0.293484
0,0.87346
0,0.490187
0,0.400032
0,0.167058
0,0.141494
0,0.027399
0,0.227525
0,0.87064
0,0.375595
0,0.543537
0,0.09168
0,0.784
0,0.800459
0,0.892742
0,0.202403
0,0.354265
0,0.094318
0,0.714047
0,0.26009
0,0.826356
0,0.743849
0,0.674019
0,0.195972
0,0.68933
0,0.603016
0,0.303244
0,0.740704
0,0.482278
0,0.692641
0,0.883494
0,0.526811
0,0.702534
0,0.481794
0,0.2702
0,0.198736
0,0.548074
0,0.325371
0,0.671138
0,0.867617
0,0.189606
0,0.945469
0,0.765362
0,0.311929
0,0.927736
0,0.957657
0,0.855328
0,0.188865
0,0.017936
0,0.636781
0,0.900749
0,0.591817
0,0.01863
0,0.559406
0,0.791543
0,0.612807
0,0.023672
0,0.587701
0,0.932092
0,0.591153
0,0.153095
0,0.583774
0,0.433364
0,0.384686
0,0.491918
0,0.393787
0,0.4388
0,0.62402
0,0.696472
0,0.451542
0,0.744147
0,0.914556
0,0.988428
0,0.662816
0,0.940966
0,0.521173
0,0.924958
0,0.930226
0,0.094013
0,0.02885
0,0.889295
0,0.952855
0,0.595183
0,0.133098
0,0.217557
0,0.699011
0,0.786931
0,0.195804
0,0.915586
0,0.965968
0,0.948601
0,0.159789
0,0.84532
0,0.146613
0,0.255143
0,0.305948
0,0.565381
0,0.275488
0,0.16713
0,0.877647
0,0.025951
0,0.236763
0,0.856944
0,0.302584
0,0.14185
0,0.71968
0,0.203118
0,0.371416
0,0.532686
0,0.588129
0,0.86812
0,0.259422
0,0.299037
0,0.528868
0,0.04075
0,0.208512
0,0.73607
0,0.313307
0,0.074445
0,0.703765
0,0.591845
0,0.842569
0,0.28676
0,0.155964
0,0.315517
0,0.366971
0,0.201155
0,0.323997
0,0.558836
0,0.97045
0,0.656394
0,0.793017
0,0.015602
0,0.065555
0,0.558266
0,0.674435
0,0.89076
0,0.133522
0,0.661224
0,0.229737
0,0.356494
0,0.459885
0,0.358065
0,0.941439
0,0.691406
0,0.010659
0,0.429646
0,0.268451
0,0.719861
0,0.484386
0,0.187912
0,0.04606
0,0.631214
0,0.927693
0,0.723397
0,0.311038
0,0.309991
0,0.7389
0,0.314181
0,0.480774
0,0.201826
0,0.880891
0,0.48891
0,0.517883
0,0.171427
0,0.459105
0,0.62233
0,0.670285
0,0.072315
0,0.328293
0,0.404865
0,0.627341
0,0.676514
0,0.494104
0,0.901739
0,0.499552
0,0.05782
0,0.899186
0,0.453838
0,0.669921
0,0.824108
0,0.688918
0,0.042653
0,0.46452
0,0.204208
0,0.9347
0,0.096091
0,0.067648
0,0.922829
0,0.227676
0,0.571443
0,0.745168
0,0.878753
0,0.823721
0,0.934541
0,0.398013
0,0.080413
0,0.72714
0,0.051689
0,0.371598
0,0.219963
0,0.643187
0,0.345016
0,0.020439
0,0.212901
0,0.596607
0,0.159234
0,0.930069
0,0.867309
0,0.899819
0,0.915905
0,0.893656
0,0.832661
0,0.830773
0,0.819941
0,0.143189
0,0.443821
0,0.825579
0,0.774185
0,0.843187
0,0.345782
0,0.11542
0,0.297399
0,0.2474
0,0.714316
0,0.874233
0,0.257104
0,0.7645
0,0.025424
0,0.88384
0,0.461646
0,0.180606
0,0.75635
0,0.358664
0,0.570235
0,0.02253
0,0.43521
0,0.009266
0,0.319668
0,0.795096
0,0.240597
0,0.890104
0,0.36075
0,0.532624
0,0.39665
0,0.840012
0,0.744576
0,0.001167
0,0.748823
0,0.794418
0,0.312913
0,0.715269
0,0.8906
0,0.00986
0,0.60348
0,0.849389
0,0.073886
0,0.955064
0,0.824798
0,0.315137
0,0.857429
0,0.82864
0,0.888273
0,0.696972
0,0.495121
0,0.277309
0,0.94684
0,0.191112
0,0.84628
0,0.016268
0,0.568787
0,0.30839
0,0.675712
0,0.946637
0,0.618429
0,0.975963
0,0.51847
0,0.728298
0,0.303982
0,0.35331
0,0.26956
0,0.98765
0,0.104188
0,0.291636
0,0.859526
0,0.704422
0,0.122637
0,0.036135
0,0.960763
0,0.525035
0,0.125249
0,0.79179
0,0.826397
0,0.861396
0,0.55884
0,0.543926
0,0.68464
0,0.233115
0,0.354064
0,0.826825
0,0.82399
0,0.374366
0,0.12083
0,0.892366
0,0.218848
0,0.317205
0,0.855098
0,0.321443
0,0.300182
0,0.248676
0,0.569811
0,0.340754
0,0.092125
0,0.936766
0,0.308376
0,0.100854
0,0.881971
0,0.763036
0,0.913186
0,0.638171
0,0.563625
0,0.050774
0,0.672759
0,0.173797
0,0.982034
0,0.04548
0,0.280821
0,0.545476
0,0.944201
0,0.207198
0,0.501754
0,0.116351
0,0.668688
0,0.047788
0,0.099033
0,0.044147
0,0.391171
0,0.131163
0,0.864897
0,0.727615
0,0.939044
0,0.992345
0,0.325517
0,0.749701
0,0.484582
0,0.32334
0,0.575455
0,0.228093
0,0.364513
0,0.843226
0,0.398702
0,0.778823
0,0.590771
0,0.915239
0,0.622635
0,0.024463
0,0.696849
0,0.146096
0,0.651788
0,0.577383
0,0.15155
0,0.851103
0,0.390946
0,0.590859
0,0.043315
0,0.823895
0,0.859116
0,0.011163
0,0.087613
0,0.166509
0,0.01371
0,0.942049
0,0.408305
0,0.426946
0,0.400855
0,0.948212
0,0.509426
0,0.486937
0,0.131485
0,0.205068
0,0.123601
0,0.70006
0,0.781533
0,0.223262
0,0.665834
0,0.787843
0,0.660279
0,0.262369
0,0.52527
0,0.915977
0,0.079933
0,0.186299
0,0.04769
0,0.825925
0,0.571888
0,0.021995
0,0.676418
0,0.248117
0,0.701474
0,0.5954
0,0.629406
0,0.089282
0,0.299634
0,0.574782
0,0.990191
0,0.590824
0,0.715124
0,0.16626
0,0.776803
0,0.163547
0,0.775306
0,0.663091
0,0.067536
0,0.143992
0,0.866582
0,0.949865
0,0.197045
0,0.18249
0,0.108885
0,0.19648
0,0.008122
0,0.666781
0,0.344993
0,0.413861
0,0.325293
0,0.408846
0,0.117405
0,0.733294
0,0.047521
0,0.313207
0,0.143434
0,0.928755
0,0.358207
0,0.611505
0,0.658511
0,0.245491
0,0.920383
0,0.844506
0,0.698134
0,0.229137
0,0.370779
0,0.46557
0,0.001594
0,0.844655
0,0.062484
0,0.318232
0,0.684089
0,0.048984
0,0.371546
0,0.651018
0,0.994418
0,0.929152
0,0.403211
0,0.945152
0,0.296184
0,0.395706
0,0.605798
0,0.482613
0,0.829147
0,0.810135
0,0.321624
0,0.193683
0,0.151531
0,0.706656
0,0.950546
0,0.517344
0,0.460367
0,0.117157
0,0.279345
0,0.031569
0,0.740805
0,0.369752
0,0.029991
0,0.504221
0,0.18377
0,0.675959
0,0.782878
0,0.094121
0,0.066387
0,0.956366
0,0.842285
0,0.242641
0,0.223528
0,0.84796
0,0.380758
0,0.05833
0,0.877092
0,0.968666
0,0.667979
0,0.993793
0,0.889322
0,0.279706
0,0.19176
0,0.970942
0,0.169699
0,0.830629
0,0.416978
0,0.913846
0,0.703748
0,0.560028
0,0.493508
0,0.506133
0,0.081182
0,0.330457
0,0.211378
0,0.662349
0,0.202561
0,0.955726
0,0.467437
0,0.439553
0,0.930055
0,0.684697
0,0.149088
0,0.108595
0,0.848193
0,0.943246
0,0.923613
0,0.478124
0,0.700505
0,0.357077
0,0.095069
0,0.514081
0,0.233319
0,0.989451
0,0.475756
0,0.494456
0,0.312744
0,0.148694
0,0.045879
0,0.15333
0,0.88821
0,0.560171
0,0.584614
0,0.348881
0,0.427405
0,0.292597
0,0.369539
0,0.445036
0,0.969219
0,0.855124
0,0.389611
0,0.576726
0,0.852896
0,0.412126
0,0.015108
0,0.168459
0,0.02763
0,0.111915
0,0.908649
0,0.0617
0,0.431237
0,0.613796
0,0.113215
0,0.175369
0,0.870542
0,0.133006
0,0.711876
0,0.148052
0,0.995751
0,0.932151
0,0.372192
0,0.83685
0,0.474487
0,0.97373
0,0.148391
0,0.029282
0,0.050622
0,0.964563
0,0.491178
0,0.511835
0,0.474479
0,0.311803
0,0.724434
0,0.557903
0,0.22719
0,0.785937
0,0.413638
0,0.873693
0,0.373195
0,0.726295
0,0.771527
0,0.554027
0,0.767375
0,0.80413
0,0.345082
0,0.771028
0,0.254368
0,0.318345
0,0.391091
0,0.838079
0,0.098239
0,0.10433
0,0.250665
0,0.061703
0,0.590792
0,0.391983
0,0.825758
0,0.578108
0,0.858491
0,0.927949
0,0.825584
0,0.352989
0,0.849041
0,0.035353
0,0.941461
0,0.805432
0,0.648467
0,0.623862
0,0.567156
0,0.719866
0,0.334038
0,0.371056
0,0.598981
0,0.515653
0,0.544874
0,0.784074
0,0.14979
0,0.169058
0,0.689903
0,0.019521
0,0.423419
0,0.490002
0,0.251422
0,0.841161
0,0.877426
0,0.034867
0,0.976072
0,0.035834
0,0.074016
0,0.183446
0,0.738144
0,0.370142
0,0.247288
0,0.266904
0,0.581882
0,0.561597
0,0.204659
0,0.774256
0,0.207349
0,0.882193
0,0.249492
0,0.793606
0,0.021187
0,0.351162
0,0.303919
0,0.734646
0,0.177587
0,0.907238
0,0.878146
0,0.848353
0,0.411292
0,0.473542
0,0.707705
0,0.322949
0,0.046984
0,0.96261
0,0.825644
0,0.395907
0,0.872525
0,0.109606
0,0.674572
0,0.652278
0,0.042354
0,0.857013
0,0.074112
0,0.181832
0,0.541953
0,0.475193
0,0.161547
0,0.908464
0,0.004007
0,0.448023
0,0.451678
0,0.977513
0,0.233158
0,0.577479
0,0.926091
0,0.754669
0,0.51934
0,0.039498
0,0.076785
0,0.212317
0,0.858272
0,0.881801
0,0.004381
0,0.541072
0,0.581623
0,0.355377
0,0.461628
0,0.819747
0,0.604777
0,0.079849
0,0.124503
0,0.187922
0,0.079551
0,0.524466
0,0.645002
0,0.705592
0,0.607013
0,0.048944
0,0.426395
0,0.183647
0,0.011806
0,0.045003
0,0.196905
0,0.627921
0,0.406021
0,0.115065
0,0.019743
0,0.194929
0,0.865869
0,0.59415
0,0.274515
0,0.174341
0,0.167888
0,0.625
0,0.452852
0,0.198861
0,0.092448
0,0.180155
0,0.263201
0,0.306117
0,0.591998
0,0.276768
0,0.324669
0,0.874746
0,0.984948
0,0.993269
0,0.192312
0,0.721827
0,0.017287
0,0.474613
0,0.983281
0,0.725157
0,0.967538
0,0.37133
0,0.450608
0,0.082601
0,0.743381
0,0.717083
0,0.821255
0,0.226724
0,0.461175
0,0.136925
0,0.708907
0,0.841969
0,0.831695
0,0.350026
0,0.79729
0,0.260646
0,0.238224
0,0.342409
0,0.774321
0,0.602449
0,0.876648
0,0.180615
0,0.893731
0,0.032873
0,0.435702
0,0.122872
0,0.701936
0,0.457746
0,0.409211
0,0.754697
0,0.472522
0,0.679049
0,0.919741
0,0.09674
0,0.303951
0,0.192097
0,0.034513
0,0.673197
0,0.521849
0,0.843352
0,0.546206
0,0.875741
0,0.999132
0,0.80319
0,0.485848
0,0.244788
0,0.693284
0,0.753199
0,0.445525
0,0.569467
0,0.366188
0,0.70633
0,0.285372
0,0.085315
0,0.690927
0,0.898089
0,0.213253
0,0.820762
0,0.545711
0,0.266769
0,0.207961
0,0.306234
0,0.09648
0,0.646099
0,0.504864
0,0.096345
0,0.81647
0,0.477445
0,0.940015
0,0.075226
0,0.260621
0,0.928846
0,0.50166
0,0.153403
0,0.312231
0,0.941874
0,0.571719
0,0.7807
0,0.731845
0,0.082562
0,0.591165
0,0.667682
0,0.405146
0,0.341277
0,0.260238
0,0.739908
0,0.057894
0,0.093814
0,0.314076
0,0.217921
0,0.41626
0,0.147401
0,0.365074
0,0.593668
0,0.01456
0,0.587205
0,0.531195
0,0.75306
0,0.614252
0,0.820971
0,0.114545
0,0.738751
0,0.66555
0,0.730503
0,0.620823
0,0.730191
0,0.996127
0,0.311006
0,0.312834
0,0.091284
0,0.306462
0,0.514593
0,0.981024
0,0.30859
0,0.652032
0,0.680502
0,0.553624
0,0.604142
0,0.136288
0,0.229209
0,0.222895
0,0.344223
0,0.804958
0,0.780527
0,0.996505
0,0.720775
0,0.40306
0,0.039376
0,0.738472
0,0.815402
0,0.387209
0,0.130512
0,0.782983
0,0.599416
0,0.616467
0,0.401307
0,0.009986
0,0.955295
0,0.141429
0,0.803623
0,0.084577
0,0.087578
0,0.861985
0,0.273418
0,0.288282
0,0.031522
0,0.445009
0,0.250457
0,0.130537
0,0.61945
0,0.046268
0,0.302432
0,0.282653
0,0.8031
0,0.084003
0,0.587744
0,0.881898
0,0.931654
0,0.539219
0,0.382562
0,0.098831
0,0.950852
0,0.015328
0,0.896675
0,0.516379
0,0.811383
0,0.503897
0,0.794379
0,0.744897
0,0.505534
0,0.508004
0,0.959381
0,0.32211
0,0.25918
0,0.746276
0,0.374524
0,0.034798
0,0.144695
0,0.83253
0,0.522429
0,0.879855
0,0.275565
0,0.764372
0,0.269937
0,0.810811
0,0.236948
0,0.850197
0,0.215464
0,0.223767
0,0.24359
0,0.927101
0,0.592596
0,0.345966
0,0.044663
0,0.140054
0,0.486323
0,0.602166
0,0.86587
0,0.074206
0,0.345118
0,0.998021
0,0.845699
0,0.78329
0,0.983761
0,0.20889
0,0.77524
0,0.58922
0,0.24955
0,0.19219
0,0.930507
0,0.43268
0,0.814193
0,0.748299
0,0.29358
0,0.774748
0,0.130988
0,0.553549
0,0.065972
0,0.776347
0,0.4956
0,0.225876
0,0.940175
0,0.153452
0,0.750769
0,0.29184
0,0.66471
0,0.852074
0,0.471446
0,0.496483
0,0.495901
0,0.213821
0,0.284338
0,0.955132
0,0.214209
0,0.601017
0,0.24351
0,0.087874
0,0.160232
0,0.426544
0,0.264807
0,0.416634
0,0.609053
0,0.815884
0,0.637722
0,0.894445
0,0.949501
0,0.406227
0,0.040294
0,0.46721
0,0.55733
0,0.965803
0,0.470505
0,0.8231
0,0.207841
0,0.352073
0,0.817296
0,0.958701
0,0.190494
0,0.385963
0,0.425915
0,0.052836
0,0.517426
0,0.346398
0,0.918727
0,0.375799
0,0.830065
0,0.507903
0,0.119146
0,0.556793
0,0.809075
0,0.92879
0,0.026771
0,0.416229
0,0.879465
0,0.775611
0,0.735901
0,0.604079
0,0.419605
0,0.038787
0,0.60339
0,0.024343
0,0.989974
0,0.520071
0,0.850441
0,0.009734
0,0.843688
0,0.662481
0,0.513605
0,0.299986
0,0.286297
0,0.318644
0,0.28493
0,0.071273
0,0.869222
0,0.117812
0,0.47489
0,0.465762
0,0.323341
0,0.231922
0,0.737718
0,0.370213
0,0.350206
0,0.691688
0,0.901197
0,0.434796
0,0.951468
0,0.374804
0,0.007178
0,0.266534
0,0.128999
0,0.59833
0,0.529635
0,0.156019
0,0.08334
0,0.67322
0,0.193669
0,0.72442
0,0.840119
0,0.81321
0,0.389654
0,0.535713
0,0.859462
0,0.532102
0,0.840136
0,0.540727
0,0.568619
0,0.717219
0,0.128203
0,0.177999
0,0.873101
0,0.354704
0,0.226699
0,0.404539
0,0.832355
0,0.061007
0,0.260575
0,0.284765
0,0.328692
0,0.812581
0,0.823641
0,0.953899
0,0.484669
0,0.161695
0,0.788208
0,0.736869
0,0.905634
0,0.862778
0,0.663583
0,0.019012
0,0.121543
0,0.895845
0,0.449031
0,0.993681
0,0.838559
0,0.817993
0,0.244006
0,0.89307
0,0.410105
0,0.383068
0,0.206788
0,0.530091
0,0.093096
0,0.238448
0,0.756804
0,0.909632
0,0.047693
0,0.161096
0,0.90998
0,0.653251
0,0.85984
0,0.192985
0,0.816953
0,0.609957
0,0.208877
0,0.309476
0,0.802662
0,0.080271
0,0.494833
0,0.976126
0,0.457152
0,0.899623
0,0.468124
0,0.307117
0,0.722398
0,0.435874
0,0.583924
0,0.003198
0,0.318914
0,0.356076
0,0.703782
0,0.042975
0,0.296259
0,0.928416
0,0.241098
0,0.820963
0,0.252904
0,0.911295
0,0.236853
0,0.923479
0,0.952563
0,0.117769
0,0.461332
0,0.461126
0,0.330713
0,0.661424
0,0.38261
0,0.261738
0,0.003638
0,0.937132
0,0.526559
0,0.827841
0,0.027246
0,0.981741
0,0.866666
0,0.543251
0,0.958324
0,0.93321
0,0.668429
0,0.826342
0,0.129404
0,0.021189
0,0.631964
0,0.276889
0,0.840011
0,0.175465
0,0.994449
0,0.591295
0,0.183094
0,0.039723
0,0.556259
0,0.377163
0,0.8165
0,0.161039
0,0.76157
0,0.732299
0,0.972933
0,0.939921
0,0.359488
0,0.103047
0,0.210766
0,0.902612
0,0.426948
0,0.250973
0,0.322034
0,0.665578
0,0.040467
0,0.004953
0,0.851112
0,0.880308
0,0.95506
0,0.216657
0,0.816876
0,0.600563
0,0.968917
0,0.63032
0,0.595798
0,0.789877
0,0.884301
0,0.357301
0,0.171079
0,0.499249
0,0.665421
0,0.460542
0,0.32922
0,0.458522
0,0.190993
0,0.871552
0,0.573368
0,0.661985
0,0.731016
0,0.979674
0,0.134811
0,0.596252
0,0.035034
0,0.490089
0,0.875289
0,0.918743
0,0.367614
0,0.50686
0,0.112195
0,0.169616
0,0.510145
0,0.834423
0,0.729993
0,0.174022
0,0.396334
0,0.990597
0,0.580147
0,0.280338
0,0.411538
0,0.600211
0,0.882072
0,0.005846
0,0.169954
0,0.628284
0,0.083283
0,0.404278
0,0.908594
0,0.775918
0,0.617528
0,0.193255
0,0.554297
0,0.334535
0,0.030134
0,0.585124
0,0.547883
0,0.587538
0,0.186991
0,0.132376
0,0.89724
0,0.424991
0,0.196455
0,0.226853
0,0.969205
0,0.896047
0,0.717578
0,0.595423
0,0.450913
0,0.120675
0,0.751885
0,0.89077
0,0.188451
0,0.709265
0,0.373732
0,0.534518
0,0.123106
0,0.253911
0,0.239134
0,0.147899
0,0.577972
0,0.417086
0,0.412426
0,0.86985
0,0.551756
0,0.394537
0,0.708559
0,0.990519
0,0.035143
0,0.367762
0,0.604056
0,0.795117
0,0.210722
0,0.811991
0,0.604842
0,0.335196
0,0.719654
0,0.480434
0,0.513411
0,0.66639
0,0.303553
0,0.189222
0,0.398705
0,0.032729
0,0.984047
0,0.591012
0,0.132002
0,0.954336
0,0.305638
0,0.301771
0,0.398976
0,0.291573
0,0.303677
0,0.242671
0,0.290022
0,0.496117
0,0.882051
0,0.179194
0,0.339515
0,0.520393
0,0.111905
0,0.609122
0,0.72432
0,0.877862
0,0.817292
0,0.782131
0,0.356746
0,0.746319
0,0.356049
0,0.035575
0,0.08504
0,0.750376
0,0.453156
0,0.324121
0,0.868769
0,0.00848
0,0.777723
0,0.826659
0,0.475964
0,0.838117
0,0.390983
0,0.58392
0,0.082057
0,0.3418
0,0.578014
0,0.224171
0,0.492503
0,0.880068
0,0.684248
0,0.375201
0,0.684916
0,0.586297
0,0.045094
0,0.098771
0,0.217953
0,0.69035
0,0.502759
0,0.398296
0,0.411867
0,0.037269
0,0.977229
0,0.794461
0,0.839172
0,0.193382
0,0.080521
0,0.915148
0,0.001502
0,0.911519
0,0.683588
0,0.174817
0,0.105881
0,0.18067
0,0.766275
0,0.811254
0,0.26003
0,0.544995
0,0.410381
0,0.788308
0,0.633087
0,0.035696
0,0.201706
0,0.560381
0,0.553524
0,0.935921
0,0.580904
0,0.819969
0,0.337707
0,0.514318
0,0.027089
0,0.572446
0,0.71559
0,0.242958
0,0.149039
0,0.362867
0,0.934701
0,0.21269
0,0.115246
0,0.418828
0,0.717167
0,0.077794
0,0.185482
0,0.242723
0,0.508685
0,0.000704
0,0.46114
0,0.20963
0,0.740363
0,0.506835
0,0.071682
0,0.766889
0,0.839318
0,0.114281
0,0.012841
0,0.351974
0,0.180613
0,0.550313
0,0.399361
0,0.709007
0,0.067794
0,0.556384
0,0.881665
0,0.1275
0,0.581678
0,0.108112
0,0.537334
0,0.828146
0,0.18702
0,0.747271
0,0.049725
0,0.938604
0,0.523022
0,0.858319
0,0.431805
0,0.028772
0,0.67611
0,0.708756
0,0.415462
0,0.860391
0,0.042496
0,0.671358
0,0.221962
0,0.51064
0,0.010611
0,0.500789
0,0.454892
0,0.687836
0,0.548401
0,0.967954
0,0.715032
0,0.245878
0,0.779877
0,0.872938
0,0.265929
0,0.223579
0,0.033472
0,0.217353
0,0.035466
0,0.213916
0,0.7377
0,0.708573
0,0.113369
0,0.947519
0,0.731408
0,0.310106
0,0.633514
0,0.537981
0,0.491964
0,0.362813
0,0.913406
0,0.798492
0,0.231914
0,0.231141
0,0.460494
0,0.504156
0,0.47753
0,0.981329
0,0.981326
0,0.078454
0,0.940391
0,0.344657
0,0.048418
0,0.995168
0,0.529576
0,0.169755
0,0.775426
0,0.342501
0,0.951071
0,0.449079
0,0.164571
0,0.187525
0,0.356738
0,0.774755
0,0.573145
0,0.163749
0,0.183605
0,0.947319
0,0.013993
0,0.989182
0,0.898014
0,0.834057
0,0.656407
0,0.855853
0,0.949281
0,0.950573
0,0.061516
0,0.066276
0,0.418217
0,0.787154
0,0.78379
0,0.329937
0,0.229272
0,0.604901
0,0.539024
0,0.836385
0,0.790509
0,0.174491
0,0.955646
0,0.461454
0,0.258243
0,0.060202
0,0.264007
0,0.906162
0,0.865134
0,0.761047
0,0.16491
0,0.399615
0,0.335192
0,0.48246
0,0.394962
0,0.303367
0,0.534617
0,0.038217
0,0.165635
0,0.033039
0,0.804186
0,0.759108
0,0.405463
0,0.213289
0,0.644533
0,0.744488
0,0.732006
0,0.92599
0,0.078325
0,0.792157
0,0.425725
0,0.400373
0,0.122454
0,0.801018
0,0.648114
0,0.604605
0,0.341291
0,0.074009
0,0.101516
0,0.246987
0,0.49555
0,0.660134
0,0.334286
0,0.866752
0,0.395524
0,0.662614
0,0.682427
0,0.099375
0,0.824765
0,0.107457
0,0.059948
0,0.815655
0,0.060718
0,0.242955
0,0.674174
0,0.358403
0,0.213498
0,0.980803
0,0.033221
0,0.421889
0,0.703949
0,0.911288
0,0.659995
0,0.023852
0,0.909829
0,0.436165
0,0.570252
0,0.155501
0,0.188795
0,0.346795
0,0.157537
0,0.532052
0,0.547722
0,0.073495
0,0.086803
0,0.454427
0,0.354585
0,0.361165
0,0.016576
0,0.835461
0,0.85797
0,0.595218
0,0.454767
0,0.562026
0,0.814437
0,0.003473
0,0.647004
0,0.22498
0,0.205615
0,0.964442
0,0.444899
0,0.510862
0,0.920442
0,0.934097
0,0.745656
0,0.211638
0,0.094571
0,0.270279
0,0.210035
0,0.288372
0,0.733198
0,0.387616
0,0.293194
0,0.258857
0,0.00967
0,0.660707
0,0.840848
0,0.593849
0,0.857583
0,0.543908
0,0.694283
0,0.476736
0,0.606052
0,0.591167
0,0.862699
0,0.61981
0,0.351182
0,0.599904
0,0.122328
0,0.273561
0,0.705321
0,0.615318
0,0.963739
0,0.810889
0,0.204772
0,0.457853
0,0.163224
0,0.349231
0,0.831636
0,0.511649
0,0.065603
0,0.207755
0,0.174731
0,0.782029
0,0.862851
0,0.267538
0,0.854959
0,0.510967
0,0.957976
0,0.532542
0,0.199679
0,0.29463
0,0.418373
0,0.384191
0,0.734432
0,0.916374
0,0.867528
0,0.639369
0,0.114535
0,0.526472
0,0.857731
0,0.852957
0,0.411926
0,0.013839
0,0.336424
0,0.350596
0,0.214346
0,0.277665
0,0.219718
0,0.120838
0,0.238709
0,0.832163
0,0.121504
0,0.269509
0,0.919546
0,0.699477
0,0.516308
0,0.851975
0,0.079247
0,0.06997
0,0.480119
0,0.834585
0,0.889998
0,0.406517
0,0.281575
0,0.951381
0,0.021714
0,0.936922
0,0.227404
0,0.384479
0,0.619137
0,0.221891
0,0.374804
0,0.45701
0,0.429292
0,0.504951
0,0.388289
0,0.176051
0,0.209301
0,0.89088
0,0.151167
0,0.984281
0,0.039615
0,0.836577
0,0.744526
0,0.830305
0,0.770821
0,0.722012
0,0.182628
0,0.451867
0,0.956269
0,0.107587
0,0.661854
0,0.206579
0,0.607655
0,0.083505
0,0.143425
0,0.74819
0,0.495335
0,0.273194
0,0.412192
0,0.36638
0,0.762944
0,0.477113
0,0.744315
0,0.576974
0,0.341736
0,0.902737
0,0.90321
0,0.216848
0,0.926231
0,0.056669
0,0.59915
0,0.120228
0,0.159121
0,0.595185
0,0.873016
0,0.38152
0,0.784137
0,0.273489
0,0.844716
0,0.454312
0,0.227796
0,0.310666
0,0.571612
0,0.974264
0,0.873011
0,0.242808
0,0.289191
0,0.970232
0,0.851465
0,0.748382
0,0.172871
0,0.15784
0,0.809001
0,0.309132
0,0.476744
0,0.327573
0,0.469214
0,0.116537
0,0.766156
0,0.799496
0,0.871501
0,0.239617
0,0.684336
0,0.772323
0,0.111005
0,0.877959
0,0.278065
0,0.054783
0,0.734266
0,0.120476
0,0.534056
0,0.815038
0,0.959694
0,0.212265
0,0.46579
0,0.902647
0,0.720074
0,0.964464
0,0.869805
0,0.225611
0,0.810018
0,0.446047
0,0.985014
0,0.782846
0,0.107941
0,0.833914
0,0.272796
0,0.469452
0,0.871705
0,0.460825
0,0.547334
0,0.530912
0,0.479711
0,0.110211
0,0.110806
0,0.159983
0,0.976862
0,0.246828
0,0.467834
0,0.606271
0,0.299165
0,0.924291
0,0.190857
0,0.675773
0,0.14306
0,0.57574
0,0.964715
0,0.542534
0,0.084054
0,0.302932
0,0.504938
0,0.801283
0,0.506726
0,0.962106
0,0.925358
0,0.293351
0,0.691614
0,0.743797
0,0.100691
0,0.614882
0,0.768164
0,0.164199
0,0.451653
0,0.55967
0,0.851777
0,0.456436
0,0.957781
0,0.329186
0,0.267493
0,0.881808
0,0.715494
0,0.701689
0,0.087294
0,0.023715
0,0.040478
0,0.493014
0,0.882588
0,0.817094
0,0.330829
0,0.490256
0,0.856925
0,0.506372
0,0.081943
0,0.628726
0,0.969388
0,0.282547
0,0.849288
0,0.314959
0,0.626814
0,0.196986
0,0.846179
0,0.797349
0,0.991306
0,0.658833
0,0.207111
0,0.423993
0,0.712477
0,0.732003
0,0.21763
0,0.892985
0,0.104343
0,0.903201
0,0.835376
0,0.15607
0,0.098191
0,0.380948
0,0.043656
0,0.001683
0,0.928026
0,0.126814
0,0.788595
0,0.162767
0,0.702949
0,0.710113
0,0.350611
0,0.697408
0,0.889759
0,0.840159
0,0.291684
0,0.563077
0,0.418498
0,0.144458
0,0.317132
0,0.230091
0,0.714316
0,0.177795
0,0.22412
0,0.561079
0,0.22277
0,0.453182
0,0.171208
0,0.725639
0,0.07083
0,0.259294
0,0.28227
0,0.087519
0,0.881907
0,0.088661
0,0.317487
0,0.478565
0,0.114357
0,0.236883
0,0.518005
0,0.909467
0,0.373819
0,0.688258
0,0.268472
0,0.456149
0,0.473229
0,0.278907
0,0.100594
0,0.118439
0,0.133077
0,0.560272
0,0.450029
0,0.219848
0,0.380968
0,0.195778
0,0.870707
0,0.255942
0,0.592281
0,0.26793
0,0.862254
0,0.366995
0,0.855989
0,0.269368
0,0.406345
0,0.145618
0,0.038869
0,0.451038
0,0.30414
0,0.267307
0,0.787393
0,0.010574
0,0.311293
0,0.090339
0,0.675787
0,0.978831
0,0.283339
0,0.300053
0,0.089108
0,0.230959
0,0.316088
0,0.765624
0,0.030412
0,0.868168
0,0.729952
0,0.637744
0,0.174325
0,0.473666
0,0.815203
0,0.086789
0,0.03969
0,0.511741
0,0.634052
0,0.626589
0,0.996157
0,0.344103
0,0.508636
0,0.26185
0,0.432434
0,0.235713
0,0.845791
0,0.884333
0,0.761135
0,0.940607
0,0.173149
0,0.760381
0,0.865548
0,0.635568
0,0.712213
0,0.296783
0,0.316689
0,0.091225
0,0.037738
0,0.766293
0,0.278056
0,0.590218
0,0.863612
0,0.343941
0,0.013863
0,0.948327
0,0.214426
0,0.808953
0,0.255059
0,0.440752
0,0.877873
0,0.689261
0,0.76206
0,0.949384
0,0.761446
0,0.844927
0,0.497043
0,0.849368
0,0.585224
0,0.455486
0,0.480483
0,0.093218
0,0.803962
0,0.828446
0,0.902656
0,0.396365
0,0.351272
0,0.635593
0,0.050874
0,0.948004
0,0.97406
0,0.226124
0,0.013836
0,0.902123
0,0.717728
0,0.60465
0,0.079109
0,0.126923
0,0.920834
0,0.049741
0,0.130163
0,0.991009
0,0.612151
0,0.119099
0,0.604487
0,0.159894
0,0.18188
0,0.318853
0,0.614404
0,0.809129
0,0.9359
0,0.561831
0,0.97199
0,0.890084
0,0.094952
0,0.071887
0,0.301567
0,0.291816
0,0.460628
0,0.06357
0,0.868524
0,0.603773
0,0.225116
0,0.08427
0,0.616714
0,0.905149
0,0.035121
0,0.686031
0,0.874666
0,0.328982
0,0.318581
0,0.829777
0,0.840761
0,0.414161
0,0.160709
0,0.555874
0,0.284771
0,0.696046
0,0.758882
0,0.531886
0,0.266754
0,0.935183
0,0.219173
0,0.695113
0,0.467831
0,0.077269
0,0.245539
0,0.107095
0,0.217407
0,0.332119
0,0.724288
0,0.499956
0,0.740525
0,0.456124
0,0.602157
0,0.839756
0,0.79066
0,0.916601
0,0.621294
0,0.17324
0,0.012558
0,0.043483
0,0.360698
0,0.795454
0,0.210082
0,0.852495
0,0.414284
0,0.402027
0,0.372248
0,0.738535
0,0.503577
0,0.492036
0,0.906858
0,0.069858
0,0.229981
0,0.576498
0,0.903451
0,0.00792
0,0.207864
0,0.150552
0,0.555239
0,0.372398
0,0.694042
0,0.472926
0,0.281067
0,0.66276
0,0.054426
0,0.146483
0,0.43625
0,0.839792
0,0.205076
0,0.421792
0,0.06371
0,0.875677
0,0.410068
0,0.058011
0,0.150082
0,0.038395
0,0.380885
0,0.941925
0,0.652569
0,0.810259
0,0.069237
0,0.064942
0,0.188386
0,0.86919
0,0.494413
0,0.853995
0,0.745019
0,0.245623
0,0.292418
0,0.77208
0,0.343786
0,0.354543
0,0.882437
0,0.959289
0,0.993429
0,0.932407
0,0.143603
0,0.213387
0,0.061891
0,0.902768
0,0.618229
0,0.046216
0,0.786199
0,0.877804
0,0.059144
0,0.561272
0,0.448666
0,0.715673
0,0.837506
0,0.952631
0,0.051586
0,0.932686
0,0.351614
0,0.059058
0,0.629643
0,0.959004
0,0.085407
0,0.287693
0,0.859583
0,0.626071
0,0.495843
0,0.848741
0,0.171916
0,0.279108
0,0.753592
0,0.568045
0,0.956186
0,0.696235
0,0.276948
0,0.854168
0,0.620188
0,0.031132
0,0.366211
0,0.848611
0,0.772083
0,0.129955
0,0.40028
0,0.006378
0,0.586945
0,0.890013
0,0.542246
0,0.757976
0,0.080164
0,0.160459
0,0.872448
0,0.087733
0,0.680861
0,0.364523
0,0.15359
0,0.374638
0,0.213494
0,0.473943
0,0.325525
0,0.318546
0,0.523183
0,0.869329
0,0.350225
0,0.046824
0,0.251222
0,0.578833
0,0.188599
0,0.386439
0,0.823587
0,0.252566
0,0.50572
0,0.940275
0,0.190945
0,0.035276
0,0.797662
0,0.3557
0,0.997575
0,0.471619
0,0.459373
0,0.075993
0,0.961574
0,0.309512
0,0.693731
0,0.981839
0,0.588875
0,0.460933
0,0.720804
0,0.619159
0,0.01146
0,0.73886
0,0.630569
0,0.58254
0,0.171137
0,0.108441
0,0.482469
0,0.131408
0,0.241582
0,0.008969
0,0.659939
0,0.386061
0,0.612628
0,0.183868
0,0.962231
0,0.192619
0,0.272532
0,0.270779
0,0.579982
0,0.347705
0,0.314128
0,0.165552
0,0.134877
0,0.524426
0,0.152439
0,0.391702
0,0.206353
0,0.180719
0,0.244652
0,0.469556
0,0.276291
0,0.811742
0,0.816041
0,0.66932
0,0.071484
0,0.730681
0,0.821788
0,0.854337
0,0.50531
0,0.934541
0,0.943189
0,0.542475
0,0.367444
0,0.691284
0,0.848645
0,0.306372
0,0.499469
0,0.157363
0,0.508095
0,0.284842
0,0.463765
0,0.227846
0,0.164031
0,0.955931
0,0.487815
0,0.942794
0,0.402327
0,0.845181
0,0.982668
0,0.73638
0,0.453805
0,0.84096
0,0.432907
0,0.942138
0,0.178022
0,0.480022
0,0.274419
0,0.882522
0,0.529031
0,0.865249
0,0.946491
0,0.784341
0,0.967789
0,0.618804
0,0.079954
0,0.20961
0,0.224413
0,0.537299
0,0.439242
0,0.642647
0,0.333168
0,0.165761
0,0.948729
0,0.39534
0,0.552601
0,0.28782
0,0.498037
0,0.093339
0,0.71865
0,0.620041
0,0.613915
0,0.172401
0,0.700715
0,0.26527
0,0.900303
0,0.859427
0,0.562022
0,0.592703
0,0.550197
0,0.249058
0,0.345948
0,0.59409
0,0.72326
0,0.30151
0,0.076419
0,0.399463
0,0.366102
0,0.723313
0,0.779367
0,0.630442
0,0.098545
0,0.471241
0,0.744727
0,0.923356
0,0.433963
0,0.487044
0,0.994044
0,0.200886
0,0.887141
0,0.54944
0,0.247027
0,0.319222
0,0.774647
0,0.392294
0,0.240999
0,0.126074
0,0.850607
0,0.61602
0,0.159939
0,0.82978
0,0.347773
0,0.648315
0,0.014093
0,0.821318
0,0.332834
0,0.724137
0,0.474498
0,0.141662
0,0.014736
0,0.768879
0,0.045677
0,0.988695
0,0.865907
0,0.420519
0,0.261328
0,0.900137
0,0.250302
0,0.588106
0,0.277156
0,0.631195
0,0.132675
0,0.040617
0,0.044991
0,0.084298
0,0.001732
0,0.182256
0,0.852907
0,0.228787
0,0.657933
0,0.934364
0,0.102441
0,0.988664
0,0.827222
0,0.720053
0,0.565095
0,0.976725
0,0.148047
0,0.104365
0,0.110247
0,0.730987
0,0.114484
0,0.608964
0,0.961648
0,0.156144
0,0.916042
0,0.683953
0,0.053181
0,0.114246
0,0.920231
0,0.94892
0,0.377886
0,0.951037
0,0.583823
0,0.161549
0,0.828631
0,0.773978
0,0.736437
0,0.296432
0,0.779705
0,0.262475
0,0.061381
0,0.470033
0,0.08911
0,0.969218
0,0.238176
0,0.506101
0,0.825186
0,0.044999
0,0.321004
0,0.087686
0,0.234123
0,0.010491
0,0.098558
0,0.489892
0,0.594387
0,0.114773
0,0.515192
0,0.69597
0,0.050463
0,0.133005
0,0.099555
0,0.42268
0,0.16818
0,0.80083
0,0.427836
0,0.837436
0,0.117305
0,0.251917
0,0.555319
0,0.957998
0,0.163819
0,0.023414
0,0.068629
0,0.096597
0,0.431582
0,0.278276
0,0.570581
0,0.50388
0,0.377
0,0.313786
0,0.024626
0,0.113036
0,0.254598
0,0.306546
0,0.827392
0,0.029354
0,0.992394
0,0.833213
0,0.618161
0,0.745519
0,0.656004
0,0.226879
0,0.098222
0,0.025908
0,0.614958
0,0.976491
0,0.353957
0,0.588238
0,0.300914
0,0.875759
0,0.093621
0,0.947624
0,0.817108
0,0.854497
0,0.99636
0,0.580655
0,0.270655
0,0.159113
0,0.217105
0,0.411165
0,0.128654
0,0.902218
0,0.106317
0,0.720429
0,0.72356
0,0.26659
0,0.971171
0,0.906946
0,0.892024
0,0.832657
0,0.764398
0,0.565775
0,0.383749
0,0.819369
0,0.960527
0,0.869362
0,0.216962
0,0.139279
0,0.887846
0,0.450165
0,0.052958
0,0.346314
0,0.538213
0,0.236027
0,0.22939
0,0.345079
0,0.734933
0,0.208801
0,0.108735
0,0.478129
0,0.124147
0,0.047467
0,0.483047
0,0.985214
0,0.269586
0,0.285275
0,0.911478
0,0.098926
0,0.970824
0,0.823964
0,0.143609
0,0.30484
0,0.098882
0,0.358394
0,0.01576
0,0.581726
0,0.033211
0,0.978953
0,0.4775
0,0.159676
0,0.293519
0,0.538658
0,0.637527
0,0.06032
0,0.075728
0,0.800981
0,0.653034
0,0.045656
0,0.599042
0,0.547527
0,0.166267
0,0.128118
0,0.163316
0,0.375143
0,0.997813
0,0.861047
0,0.477874
0,0.98573
0,0.734163
0,0.888022
0,0.040008
0,0.597944
0,0.783312
0,0.053908
0,0.572894
0,0.790538
0,0.447886
0,0.968641
0,0.297306
0,0.878927
0,0.983161
0,0.245891
0,0.208077
0,0.776442
0,0.882109
0,0.998334
0,0.123284
0,0.921351
0,0.434094
0,0.161901
0,0.670667
0,0.032283
0,0.819875
0,0.721339
0,0.926989
0,0.613734
0,0.526273
0,0.401828
0,0.04217
0,0.770273
0,0.130802
0,0.142796
0,0.226267
0,0.03886
0,0.81719
0,0.763195
0,0.330915
0,0.156425
0,0.304326
0,0.669162
0,0.005096
0,0.840142
0,0.383257
0,0.2142
0,0.060797
0,0.007822
0,0.67921
0,0.413776
0,0.322798
0,0.132185
0,0.937903
0,0.719554
0,0.331088
0,0.49771
0,0.512266
0,0.739662
0,0.941569
0,0.132648
0,0.543554
0,0.143841
0,0.696837
0,0.201307
0,0.708944
0,0.816495
0,0.728456
0,0.314132
0,0.762181
0,0.772428
0,0.622073
0,0.850332
0,0.483022
0,0.03691
0,0.140591
0,0.998448
0,0.272497
0,0.382086
0,0.554769
0,0.08232
0,0.226813
0,0.527191
0,0.899772
0,0.153251
0,0.01538
0,0.528576
0,0.613028
0,0.043868
0,0.032178
0,0.567043
0,0.865461
0,0.384829
0,0.879435
0,0.181422
0,0.14773
0,0.027436
0,0.083935
0,0.752164
0,0.643201
0,0.310439
0,0.170494
0,0.409682
0,0.735554
0,0.126149
0,0.798243
0,0.365632
0,0.702923
0,0.23435
0,0.22382
0,0.341714
0,0.988098
0,0.363908
0,0.480436
0,0.593349
0,0.772292
0,0.285226
0,0.715353
0,0.310435
0,0.965053
0,0.788407
0,0.918201
0,0.234725
0,0.298535
0,0.633676
0,0.096956
0,0.855687
0,0.532014
0,0.736255
0,0.86023
0,0.033326
0,0.860969
0,0.856816
0,0.803144
0,0.111369
0,0.185025
0,0.326248
0,0.910614
0,0.379725
0,0.706768
0,0.053967
0,0.758451
0,0.152976
0,0.060161
0,0.104875
0,0.591291
0,0.289248
0,0.878048
0,0.403786
0,0.905207
0,0.678523
0,0.172878
0,0.147892
0,0.182309
0,0.837534
0,0.210797
0,0.667292
0,0.056788
0,0.675793
0,0.830097
0,0.68615
0,0.915049
0,0.119445
0,0.739376
0,0.595288
0,0.005456
0,0.522187
0,0.411587
0,0.2664
0,0.880015
0,0.08121
0,0.642031
0,0.80063
0,0.503019
0,0.366257
0,0.991226
0,0.449789
0,0.702369
0,0.958428
0,0.415666
0,0.383323
0,0.605604
0,0.773799
0,0.509053
0,0.517717
0,0.426066
0,0.064868
0,0.619238
0,0.87439
0,0.201347
0,0.779328
0,0.474229
0,0.255092
0,0.967055
0,0.892079
0,0.525614
0,0.924681
0,0.293451
0,0.976265
0,0.511604
0,0.516158
0,0.933495
0,0.198885
0,0.269159
0,0.414332
0,0.002552
0,0.833218
0,0.981017
0,0.20039
0,0.545213
0,0.959417
0,0.701143
0,0.027153
0,0.691586
0,0.608942
0,0.685879
0,0.927157
0,0.628718
0,0.152983
0,0.192104
0,0.3885
0,0.909285
0,0.567906
0,0.342172
0,0.263367
0,0.673638
0,0.706673
0,0.267455
0,0.202329
0,0.694066
0,0.621307
0,0.769473
0,0.933042
0,0.521752
0,0.906484
0,0.884087
0,0.375431
0,0.300321
0,0.324705
0,0.631503
0,0.04302
0,0.668373
0,0.735661
0,0.748761
0,0.156897
0,0.035844
0,0.077852
0,0.886487
0,0.000626
0,0.31315
0,0.924915
0,0.534362
0,0.713109
0,0.048007
0,0.649717
0,0.457737
0,0.183571
0,0.838003
0,0.67828
0,0.837254
0,0.30606
0,0.327725
0,0.564661
0,0.920304
0,0.481555
0,0.490875
0,0.75697
0,0.560726
0,0.527545
0,0.533128
0,0.353058
0,0.892148
0,0.799265
0,0.001166
0,0.574542
0,0.952762
0,0.99046
0,0.165238
0,0.78528
0,0.127368
0,0.327339
0,0.036766
0,0.820781
0,0.175433
0,0.953231
0,0.401974
0,0.267316
0,0.234798
0,0.041117
0,0.16544
0,0.880446
0,0.37606
0,0.947226
0,0.336722
0,0.306212
0,0.329184
0,0.097807
0,0.160817
0,0.288885
0,0.265334
0,0.013212
0,0.016807
0,0.597746
0,0.716264
0,0.832287
0,0.737695
0,0.233254
0,0.34911
0,0.073607
0,0.741814
0,0.565815
0,0.880888
0,0.106034
0,0.175581
0,0.407246
0,0.714113
0,0.026507
0,0.794601
0,0.536205
0,0.572131
0,0.096375
0,0.181
0,0.564719
0,0.894379
0,0.134109
0,0.769042
0,0.792401
0,0.254382
0,0.425014
0,0.838361
0,0.005461
0,0.906483
0,0.993016
0,0.924672
0,0.764616
0,0.413138
0,0.209559
0,0.573613
0,0.219346
0,0.75928
0,0.811311
0,0.987396
0,0.8121
0,0.171671
0,0.23139
0,0.315448
0,0.668184
0,0.985116
0,0.139624
0,0.088164
0,0.106193
0,0.072216
0,0.927611
0,0.116307
0,0.401117
0,0.491351
0,0.320254
0,0.259729
0,0.36088
0,0.145372
0,0.029864
0,0.819317
0,0.572614
0,0.299846
0,0.035375
0,0.296727
0,0.120469
0,0.596108
0,0.809892
0,0.515344
0,0.53988
0,0.7857
0,0.017407
0,0.93566
0,0.790617
0,0.734766
0,0.828394
0,0.043453
0,0.00911
0,0.162021
0,0.613706
0,0.130989
0,0.714466
0,0.883196
0,0.583658
0,0.464777
0,0.11983
0,0.507873
0,0.474626
0,0.732254
0,0.411537
0,0.902037
0,0.099995
0,0.808399
0,0.867263
0,0.863646
0,0.819619
0,0.131794
0,0.180283
0,0.345812
0,0.058611
0,0.130291
0,0.845825
0,0.030348
0,0.855031
0,0.119415
0,0.194349
0,0.909467
0,0.90129
0,0.41163
0,0.905206
0,0.012518
0,0.411556
0,0.989314
0,0.856112
0,0.841041
0,0.560218
0,0.98363
0,0.269565
0,0.984106
0,0.201772
0,0.437026
0,0.384755
0,0.534968
0,0.82085
0,0.069744
0,0.308471
0,0.07035
0,0.470258
0,0.402265
0,0.969496
0,0.21208
0,0.965374
0,0.69005
0,0.874296
0,0.393503
0,0.886226
0,0.452996
0,0.770632
0,0.265627
0,0.60964
0,0.938265
0,0.38938
0,0.813131
0,0.704737
0,0.041553
0,0.714043
0,0.338156
0,0.311096
0,0.512053
0,0.62727
0,0.886227
0,0.128561
0,0.376077
0,0.993197
0,0.745144
0,0.453817
0,0.911771
0,0.727775
0,0.171809
0,0.030327
0,0.778642
0,0.084448
0,0.510282
0,0.129183
0,0.011649
0,0.431937
0,0.284127
0,0.738648
0,0.101391
0,0.013617
0,0.139928
0,0.723673
0,0.567544
0,0.433781
0,0.869487
0,0.036915
0,0.194861
0,0.89506
0,0.250653
0,0.137108
0,0.048936
0,0.95402
0,0.002209
0,0.903974
0,0.92031
0,0.707679
0,0.711387
0,0.479099
0,0.192076
0,0.827556
0,0.656802
0,0.383252
0,0.760543
0,0.056635
0,0.373286
0,0.765931
0,0.111747
0,0.40777
0,0.875588
0,0.576482
0,0.193542
0,0.986383
0,0.686736
0,0.295975
0,0.581624
0,0.84693
0,0.218893
0,0.036507
0,0.22417
0,0.233782
0,0.05923
0,0.695092
0,0.979539
0,0.442842
0,0.021223
0,0.385958
0,0.162398
0,0.096326
0,0.834296
0,0.920303
0,0.760231
0,0.581492
0,0.880327
0,0.514377
0,0.549603
0,0.76728
0,0.174964
0,0.822554
0,0.010791
0,0.929017
0,0.959559
0,0.933454
0,0.439548
0,0.5346
0,0.63756
0,0.873979
0,0.230392
0,0.855439
0,0.867804
0,0.66039
0,0.234009
0,0.285687
0,0.813977
0,0.034637
0,0.567292
0,0.432518
0,0.200162
0,0.395718
0,0.870543
0,0.80872
0,0.894924
0,0.382918
0,0.284704
0,0.06578
0,0.955405
0,0.907794
0,0.140366
0,0.506698
0,0.633712
0,0.116709
0,0.458516
0,0.544679
0,0.255214
0,0.878808
0,0.31263
0,0.729482
0,0.045307
0,0.988609
0,0.594452
0,0.179613
0,0.01143
0,0.261538
0,0.313742
0,0.945153
0,0.796384
0,0.578668
0,0.814285
0,0.003295
0,0.884365
0,0.254441
0,0.600564
0,0.78237
0,0.776243
0,0.872273
0,0.606176
0,0.32843
0,0.87199
0,0.289017
0,0.55547
0,0.576833
0,0.24158
0,0.587992
0,0.2749
0,0.771781
0,0.3964
0,0.112367
0,0.875857
0,0.1432
0,0.055121
0,0.116553
0,0.353526
0,0.100994
0,0.503992
0,0.380892
0,0.881785
0,0.045861
0,0.339192
0,0.833623
0,0.160384
0,0.025806
0,0.289822
0,0.944383
0,0.060643
0,0.490284
0,0.282597
0,0.959914
0,0.99953
0,0.082705
0,0.292749
0,0.792487
0,0.228429
0,0.452805
0,0.353979
0,0.880777
0,0.367619
0,0.754849
0,0.762006
0,0.360608
0,0.618589
0,0.715976
0,0.890698
0,0.111798
0,0.794478
0,0.01764
0,0.724312
0,0.044254
0,0.098901
0,0.131019
0,0.951371
0,0.350472
0,0.768399
0,0.777919
0,0.876091
0,0.037507
0,0.677481
0,0.737707
0,0.100763
0,0.86279
0,0.923201
0,0.319083
0,0.541011
0,0.948528
0,0.451308
0,0.338724
0,0.900729
0,0.887145
0,0.8342
0,0.254385
0,0.348513
0,0.276611
0,0.631496
0,0.619564
0,0.797001
0,0.10428
0,0.037674
0,0.212029
0,0.727811
0,0.825902
0,0.201187
0,0.780959
0,0.807928
0,0.299474
0,0.037681
0,0.297381
0,0.829167
0,0.626039
0,0.802012
0,0.324037
0,0.088015
0,0.62681
0,0.486174
0,0.093781
0,0.988251
0,0.792442
0,0.087214
0,0.605502
0,0.043677
0,0.579397
0,0.369314
0,0.842804
0,0.316014
0,0.870272
0,0.591897
0,0.974869
0,0.176564
0,0.977808
0,0.537054
0,0.007802
0,0.523761
0,0.084776
0,0.905748
0,0.525135
0,0.426456
0,0.729087
0,0.078792
0,0.388119
0,0.656178
0,0.123466
0,0.7521
0,0.351177
0,0.904702
0,0.459126
0,0.893652
0,0.371337
0,0.596701
0,0.038588
0,0.19572
0,0.323043
0,0.168809
0,0.096388
0,0.161064
0,0.562643
0,0.466765
0,0.713619
0,0.990397
0,0.872785
0,0.262381
0,0.775931
0,0.436863
0,0.045221
0,0.452193
0,0.496513
0,0.336387
0,0.723998
0,0.097529
0,0.346767
0,0.076852
0,0.769515
0,0.000919
0,0.218656
0,0.168702
0,0.808972
0,0.932294
0,0.289743
0,0.406333
0,0.171442
0,0.006592
0,0.845803
0,0.018608
0,0.066337
0,0.01894
0,0.177974
0,0.231792
0,0.704943
0,0.069152
0,0.061375
0,0.688946
0,0.270588
0,0.802328
0,0.970429
0,0.20048
0,0.77576
0,0.495038
0,0.767478
0,0.258428
0,0.510475
0,0.764191
0,0.294157
0,0.336614
0,0.074401
0,0.82737
0,0.596013
0,0.097622
0,0.618043
0,0.335536
0,0.892392
0,0.300443
0,0.682768
0,0.205481
0,0.044063
0,0.257207
0,0.769999
0,0.990043
0,0.913365
0,0.698739
0,0.077037
0,0.555139
0,0.383886
0,0.233997
0,0.535425
0,0.225325
0,0.244516
0,0.182261
0,0.240426
0,0.24133
0,0.404059
0,0.520646
0,0.898785
0,0.257453
0,0.611886
0,0.017659
0,0.532399
0,0.449681
0,0.119722
0,0.835859
0,0.049043
0,0.80325
0,0.062162
0,0.203117
0,0.742317
0,0.206201
0,0.22854
0,0.75718
0,0.161827
0,0.693168
0,0.065463
0,0.522075
0,0.664689
0,0.858371
0,0.709471
0,0.354263
0,0.075137
0,0.571791
0,0.487312
0,0.739884
0,0.831092
0,0.568384
0,0.504073
0,0.832606
0,0.91907
0,0.495348
0,0.065627
0,0.99723
0,0.194395
0,0.96093
0,0.079781
0,0.038885
0,0.573536
0,0.597709
0,0.11242
0,0.341435
0,0.501097
0,0.771574
0,0.485333
0,0.592118
0,0.912937
0,0.044467
0,0.815586
0,0.286126
0,0.453846
0,0.130653
0,0.735084
0,0.825721
0,0.363165
0,0.522014
0,0.409848
0,0.791299
0,0.268308
0,0.427345
0,0.185028
0,0.618639
0,0.717793
0,0.444677
0,0.665615
0,0.354131
0,0.047006
0,0.736768
0,0.081488
0,0.818144
0,0.436107
0,0.619937
0,0.210205
0,0.836513
0,0.261703
0,0.183435
0,0.289968
0,0.880416
0,0.434485
0,0.045513
0,0.114335
0,0.753262
0,0.413405
0,0.975496
0,0.928886
0,0.013976
0,0.252425
0,0.215047
0,0.765305
0,0.233928
0,0.116348
0,0.030956
0,0.564847
0,0.456763
0,0.372447
0,0.145384
0,0.04969
0,0.059527
0,0.498567
0,0.566548
0,0.911944
0,0.298466
0,0.662995
0,0.215945
0,0.915367
0,0.462389
0,0.615483
0,0.727034
0,0.527561
0,0.222047
0,0.111785
0,0.513677
0,0.246448
0,0.707754
0,0.925138
0,0.693675
0,0.909013
0,0.739123
0,0.465121
0,0.518882
0,0.196603
0,0.798548
0,0.822916
0,0.831433
0,0.49544
0,0.607043
0,0.163827
0,0.986187
0,0.928676
0,0.220917
0,0.838508
0,0.380018
0,0.778018
0,0.377434
0,0.737418
0,0.725987
0,0.249196
0,0.066344
0,0.878353
0,0.372692
0,0.027575
0,0.382175
0,0.326755
0,0.237986
0,0.927294
0,0.818099
0,0.10824
0,0.185473
0,0.31282
0,0.153572
0,0.306611
0,0.998798
0,0.215873
0,0.752789
0,0.149067
0,0.794654
0,0.936052
0,0.587649
0,0.340412
0,0.352297
0,0.246235
0,0.070822
0,0.042966
0,0.26731
0,0.715301
0,0.495808
0,0.932343
0,0.168733
0,0.590673
0,0.172837
0,0.144675
0,0.613334
0,0.237327
0,0.042499
0,0.522727
0,0.963137
0,0.595998
0,0.812905
0,0.767805
0,0.078856
0,0.123403
0,0.283446
0,0.45093
0,0.503947
0,0.227698
0,0.293419
0,0.932499
0,0.966457
0,0.479559
0,0.10688
0,0.649144
0,0.807048
0,0.13601
0,0.904293
0,0.696908
0,0.110136
0,0.526115
0,0.916505
0,0.611673
0,0.829228
0,0.637919
0,0.734453
0,0.18777
0,0.020378
0,0.197426
0,0.389224
0,0.984863
0,0.186265
0,0.11204
0,0.315654
0,0.492493
0,0.880191
0,0.461602
0,0.687666
0,0.549749
0,0.938581
0,0.10208
0,0.72148
0,0.930647
0,0.868296
0,0.65428
0,0.439917
0,0.849088
0,0.861346
0,0.834759
0,0.268909
0,0.810711
0,0.545835
0,0.989812
0,0.614984
0,0.248634
0,0.900151
0,0.702872
0,0.846833
0,0.361018
0,0.014144
0,0.994407
0,0.768131
0,0.661967
0,0.940179
0,0.783875
0,0.870963
0,0.047802
0,0.39015
0,0.532851
0,0.699672
0,0.962356
0,0.688267
0,0.970949
0,0.004026
0,0.802983
0,0.607252
0,0.919868
0,0.170537
0,0.030431
0,0.317211
0,0.562307
0,0.869082
0,0.537147
0,0.77515
0,0.765137
0,0.850799
0,0.04042
0,0.032663
0,0.148695
0,0.418818
0,0.37731
0,0.203867
0,0.764089
0,0.814619
0,0.741317
0,0.487016
0,0.877614
0,0.57204
0,0.625224
0,0.491183
0,0.44812
0,0.168722
0,0.048335
0,0.71616
0,0.313275
0,0.382228
0,0.934604
0,0.604342
0,0.31009
0,0.512758
0,0.411539
0,0.207177
0,0.797122
0,0.775531
0,0.915085
0,0.993476
0,0.165936
0,0.210908
0,0.893879
0,0.031312
0,0.287853
0,0.974476
0,0.189586
0,0.430847
0,0.091152
0,0.788102
0,0.438172
0,0.249842
0,0.463964
0,0.508862
0,0.917893
0,0.31334
0,0.30608
0,0.175419
0,0.314562
0,0.064886
0,0.172343
0,0.097154
0,0.843266
0,0.238813
0,0.143858
0,0.677539
0,0.244842
0,0.832824
0,0.595185
0,0.526852
0,0.67747
0,0.685118
0,0.430122
0,0.475677
0,0.862316
0,0.438
0,0.075958
0,0.104813
0,0.252645
0,0.659884
0,0.788191
0,0.940944
0,0.912175
0,0.737957
0,0.74913
0,0.223481
0,0.743476
0,0.120711
0,0.435333
0,0.569264
0,0.156822
0,0.894122
0,0.336422
0,0.199502
0,0.388048
0,0.389087
0,0.566553
0,0.993296
0,0.343715
0,0.053538
0,0.490076
0,0.046239
0,0.01264
0,0.733747
0,0.576795
0,0.284718
0,0.206679
0,0.970716
0,0.105456
0,0.684999
0,0.371718
0,0.828814
0,0.496886
0,0.227448
0,0.588098
0,0.706671
0,0.475771
0,0.097807
0,0.318681
0,0.226606
0,0.184962
0,0.867771
0,0.350997
0,0.867436
0,0.164809
0,0.915824
0,0.793452
0,0.191188
0,0.213443
0,0.333604
0,0.450591
0,0.388211
0,0.735939
0,0.409999
0,0.185422
0,0.076706
0,0.658716
0,0.083415
0,0.095615
0,0.86326
0,0.873384
0,0.87631
0,0.410322
0,0.37609
0,0.334104
0,0.916514
0,0.717237
0,0.858792
0,0.234419
0,0.76556
0,0.663918
0,0.992034
0,0.622842
0,0.372727
0,0.389422
0,0.110509
0,0.721941
0,0.211981
0,0.349599
0,0.943969
0,0.289369
0,0.905119
0,0.032947
0,0.753632
0,0.727119
0,0.055058
0,0.05122
0,0.269588
0,0.559122
0,0.327837
0,0.510462
0,0.206938
0,0.991577
0,0.327882
0,0.600682
0,0.366079
0,0.787619
0,0.313733
0,0.832449
0,0.462838
0,0.063853
0,0.779001
0,0.19999
0,0.83784
0,0.998664
0,0.619105
0,0.445058
0,0.003364
0,0.356816
0,0.294311
0,0.191408
0,0.739868
0,0.07793
0,0.857556
0,0.790738
0,0.90627
0,0.633215
0,0.982933
0,0.089014
0,0.6777
0,0.92065
0,0.362527
0,0.495342
0,0.886605
0,0.532304
0,0.925024
0,0.228444
0,0.918599
0,0.235426
0,0.219724
0,0.963809
0,0.394383
0,0.023437
0,0.131203
0,0.912958
0,0.841175
0,0.086994
0,0.773541
0,0.759689
0,0.243245
0,0.065044
0,0.988839
0,0.692725
0,0.140958
0,0.190365
0,0.430581
0,0.749369
0,0.655375
0,0.668906
0,0.548706
0,0.538331
0,0.708463
0,0.176468
0,0.548808
0,0.826199
0,0.069774
0,0.400772
0,0.349148
0,0.860757
0,0.028107
0,0.099929
0,0.543495
0,0.107242
0,0.218487
0,0.285815
0,0.27636
0,0.904731
0,0.831997
0,0.904979
0,0.274698
0,0.3172
0,0.032203
0,0.572919
0,0.442341
0,0.612384
0,0.111168
0,0.269331
0,0.964948
0,0.252827
0,0.613022
0,0.18215
0,0.531319
0,0.540422
0,0.746009
0,0.540085
0,0.084727
0,0.965515
0,0.741111
0,0.014617
0,0.919186
0,0.207998
0,0.292836
0,0.38003
0,0.755592
0,0.85339
0,0.157869
0,0.156842
0,0.026567
0,0.659667
0,0.12887
0,0.805331
0,0.606157
0,0.077198
0,0.699542
0,0.81882
0,0.104089
0,0.77622
0,0.143256
0,0.624573
0,0.632993
0,0.272988
0,0.209098
0,0.06797
0,0.324845
0,0.834729
0,0.380775
0,0.176399
0,0.698639
0,0.770189
0,0.013856
0,0.176908
0,0.092923
0,0.232238
0,0.153753
0,0.37885
0,0.211086
0,0.058697
0,0.264114
0,0.222513
0,0.070259
0,0.368276
0,0.658615
0,0.339811
0,0.715628
0,0.830572
0,0.29323
0,0.336881
0,0.220537
0,0.139769
0,0.75797
0,0.043918
0,0.690668
0,0.494323
0,0.488854
0,0.931514
0,0.233901
0,0.301439
0,0.099216
0,0.670088
0,0.461729
0,0.429424
0,0.170503
0,0.958699
0,0.794171
0,0.574311
0,0.200686
0,0.67652
0,0.877505
0,0.281038
0,0.468353
0,0.970199
0,0.21844
0,0.948254
0,0.927019
0,0.069822
0,0.204829
0,0.74174
0,0.492408
0,0.019533
0,0.852513
0,0.013486
0,0.946703
0,0.309299
0,0.333404
0,0.781248
0,0.503426
0,0.975465
0,0.348522
0,0.483846
0,0.198848
0,0.351776
0,0.408324
0,0.228607
0,0.930275
0,0.791047
0,0.787311
0,0.49427
0,0.200901
0,0.945705
0,0.676341
0,0.993723
0,0.256726
0,0.216046
0,0.006464
0,0.902858
0,0.352978
0,0.071241
0,0.566845
0,0.226956
0,0.958549
0,0.85979
0,0.237801
0,0.440095
0,0.335213
0,0.788316
0,0.294375
0,0.521714
0,0.371801
0,0.00221
0,0.112918
0,0.106103
0,0.856327
0,0.453431
0,0.842699
0,0.708339
0,0.187854
0,0.434201
0,0.200773
0,0.262075
0,0.790311
0,0.652612
0,0.330491
0,0.831114
0,0.030657
0,0.759201
0,0.317865
0,0.679096
0,0.892847
0,0.778779
0,0.622588
0,0.83286
0,0.155022
0,0.704631
0,0.093329
0,0.175334
0,0.644452
0,0.217404
0,0.770213
0,0.470593
0,0.448521
0,0.160399
0,0.501474
0,0.503437
0,0.859298
0,0.273423
0,0.813327
0,0.28459
0,0.307054
0,0.999447
0,0.10128
0,0.021227
0,0.894254
0,0.906174
0,0.585095
0,0.755787
0,0.296331
0,0.291509
0,0.894011
0,0.813724
0,0.068397
0,0.275793
0,0.936677
0,0.752117
0,0.018327
0,0.597318
0,0.950482
0,0.414691
0,0.649751
0,0.801705
0,0.058343
0,0.456096
0,0.824496
0,0.275747
0,0.142966
0,0.281541
0,0.620193
0,0.156439
0,0.665572
0,0.625894
0,0.026582
0,0.181421
0,0.343869
0,0.003316
0,0.596085
0,0.569284
0,0.170152
0,0.176333
0,0.352711
0,0.251858
0,0.015267
0,0.920031
0,0.913316
0,0.257804
0,0.305232
0,0.148169
0,0.653397
0,0.330456
0,0.312662
0,0.00413
0,0.817
0,0.29633
0,0.085535
0,0.661104
0,0.148181
0,0.745816
0,0.884377
0,0.460493
0,0.502104
0,0.358375
0,0.884212
0,0.756115
0,0.890682
0,0.063586
0,0.900326
0,0.227472
0,0.234015
0,0.837106
0,0.298065
0,0.615932
0,0.822102
0,0.778867
0,0.541594
0,0.601872
0,0.167444
0,0.592354
0,0.047767
0,0.186836
0,0.216013
0,0.510804
0,0.588749
0,0.3961
0,0.940951
0,0.371325
0,0.677005
0,0.121573
0,0.008576
0,0.477974
0,0.85219
0,0.99311
0,0.7811
0,0.644446
0,0.963414
0,0.215764
0,0.534743
0,0.234271
0,0.434385
0,0.334536
0,0.449088
0,0.189685
0,0.262543
0,0.795767
0,0.078413
0,0.664673
0,0.708084
0,0.058753
0,0.824312
0,0.377526
0,0.39745
0,0.619677
0,0.114101
0,0.288857
0,0.285532
0,0.202017
0,0.013362
0,0.892892
0,0.080774
0,0.782677
0,0.012745
0,0.8473
0,0.944515
0,0.619065
0,0.246212
0,0.976899
0,0.552178
0,0.831105
0,0.870046
0,0.215973
0,0.826461
0,0.856663
0,0.628014
0,0.450836
0,0.122434
0,0.108127
0,0.308798
0,0.144891
0,0.560694
0,0.833601
0,0.530564
0,0.545173
0,0.894941
0,0.753965
0,0.036043
0,0.008552
0,0.186218
0,0.041722
0,0.521535
0,0.778869
0,0.023886
0,0.542993
0,0.59538
0,0.33728
0,0.131896
0,0.277272
0,0.972201
0,0.889637
0,0.189738
0,0.23365
0,0.25221
0,0.237229
0,0.6167
0,0.775025
0,0.426028
0,0.672334
0,0.773972
0,0.193359
0,0.738198
0,0.98988
0,0.932242
0,0.587922
0,0.71946
0,0.952868
0,0.056727
0,0.291359
0,0.408388
0,0.282617
0,0.955666
0,0.050288
0,0.624093
0,0.551844
0,0.144192
0,0.977449
0,0.122234
0,0.602516
0,0.794608
0,0.315359
0,0.60116
0,0.118466
0,0.610733
0,0.687077
0,0.272786
0,0.928315
0,0.693575
0,0.204344
0,0.637104
0,0.067102
0,0.139478
0,0.15885
0,0.212945
0,0.937248
0,0.717012
0,0.408841
0,0.125217
0,0.147021
0,0.164309
0,0.915247
0,0.075717
0,0.560861
0,0.832453
0,0.774299
0,0.81302
0,0.784448
0,0.829212
0,0.535862
0,0.609194
0,0.89925
0,0.914559
0,0.017193
0,0.417489
0,0.094925
0,0.757084
0,0.993441
0,0.499934
0,0.839034
0,0.291839
0,0.104445
0,0.97358
0,0.929896
0,0.524288
0,0.305504
0,0.227767
0,0.646941
0,0.124533
0,0.75699
0,0.513284
0,0.16443
0,0.005574
0,0.154171
0,0.240795
0,0.232494
0,0.455386
0,0.396562
0,0.810194
0,0.521304
0,0.095176
0,0.443801
0,0.968183
0,0.087505
0,0.878143
0,0.213986
0,0.531318
0,0.859034
0,0.481371
0,0.251714
0,0.871932
0,0.360514
0,0.274018
0,0.929152
0,0.24925
0,0.726678
0,0.151866
0,0.176495
0,0.020293
0,0.852641
0,0.434714
0,0.866849
0,0.715244
0,0.196577
0,0.528955
0,0.839188
0,0.889695
0,0.262752
0,0.098067
0,0.86594
0,0.149433
0,0.798493
0,0.323659
0,0.250116
0,0.492088
0,0.502223
0,0.122185
0,0.335591
0,0.924632
0,0.532987
0,0.60509
0,0.697077
0,0.711652
0,0.554827
0,0.766286
0,0.69585
0,0.198843
0,0.73468
0,0.41977
0,0.746355
0,0.238986
0,0.801946
0,0.132488
0,0.31771
0,0.845045
0,0.946247
0,0.139074
0,0.217805
0,0.695679
0,0.678588
0,0.611502
0,0.912801
0,0.343705
0,0.992165
0,0.861198
0,0.150049
0,0.059173
0,0.225195
0,0.582423
0,0.870221
0,0.288518
0,0.88413
0,0.068694
0,0.046909
0,0.459864
0,0.366326
0,0.792892
0,0.765006
0,0.840202
0,0.670549
0,0.970147
0,0.459068
0,0.895386
0,0.636185
0,0.879798
0,0.056872
0,0.661369
0,0.960119
0,0.705305
0,0.529026
0,0.741721
0,0.18394
0,0.153455
0,0.982887
0,0.89075
0,0.056378
0,0.215907
0,0.188777
0,0.815882
0,0.866628
0,0.923626
0,0.563343
0,0.511825
0,0.286665
0,0.009679
0,0.61307
0,0.085302
0,0.094528
0,0.757126
0,0.215068
0,0.916012
0,0.755825
0,0.455032
0,0.492554
0,0.558524
0,0.170655
0,0.881765
0,0.917671
0,0.315291
0,0.651087
0,0.381404
0,0.542173
0,0.477914
0,0.779714
0,0.148035
0,0.553356
0,0.01478
0,0.148141
0,0.754782
0,0.04798
0,0.419838
0,0.092856
0,0.04752
0,0.1575
0,0.107759
0,0.184423
0,0.612815
0,0.978852
0,0.838417
0,0.730322
0,0.701614
0,0.150856
0,0.840498
0,0.186397
0,0.010629
0,0.319128
0,0.640274
0,0.480979
0,0.520466
0,0.357538
0,0.498542
0,0.909816
0,0.292526
0,0.562081
0,0.468302
0,0.922113
0,0.03579
0,0.618321
0,0.08035
0,0.370171
0,0.189502
0,0.76143
0,0.180617
0,0.1752
0,0.14534
0,0.804348
0,0.370085
0,0.122274
0,0.606299
0,0.960878
0,0.317765
0,0.301246
0,0.949356
0,0.127108
0,0.839885
0,0.28694
0,0.850229
0,0.825656
0,0.947332
0,0.448976
0,0.811921
0,0.604204
0,0.168908
0,0.383155
0,0.975598
0,0.125142
0,0.413126
0,0.198706
0,0.400489
0,0.410503
0,0.833536
0,0.016089
0,0.040813
0,0.519971
0,0.034915
0,0.55316
0,0.64319
0,0.141122
0,0.040818
0,0.962118
0,0.942173
0,0.13618
0,0.38676
0,0.512777
0,0.364327
0,0.808211
0,0.183242
0,0.175606
0,0.868215
0,0.653529
0,0.733169
0,0.734087
0,0.130693
0,0.219707
0,0.314125
0,0.133004
0,0.243579
0,0.418293
0,0.984571
0,0.158822
0,0.093322
0,0.668691
0,0.064119
0,0.818127
0,0.045179
0,0.84496
0,0.09934
0,0.801122
0,0.768666
0,0.905275
0,0.174929
0,0.608569
0,0.551941
0,0.331731
0,0.290605
0,0.825041
0,0.497648
0,0.511186
0,0.530736
0,0.144513
0,0.697763
0,0.490659
0,0.716518
0,0.686732
0,0.635006
0,0.427611
0,0.136192
0,0.720349
0,0.566225
0,0.23533
0,0.731558
0,0.06757
0,0.321475
0,0.379503
0,0.644612
0,0.86687
0,0.105659
0,0.544089
0,0.725837
0,0.767008
0,0.057973
0,0.390991
0,0.425747
0,0.301281
0,0.238743
0,0.458612
0,0.066287
0,0.016749
0,0.254808
0,0.104576
0,0.994602
0,0.188647
0,0.155864
0,0.237853
0,0.639264
0,0.243773
0,0.339824
0,0.594768
0,0.135014
0,0.14862
0,0.898672
0,0.222296
0,0.795356
0,0.188485
0,0.70322
0,0.015519
0,0.798528
0,0.820356
0,0.025046
0,0.136939
0,0.817016
0,0.28467
0,0.329442
0,0.296898
0,0.648286
0,0.902165
0,0.71458
0,0.208418
0,0.447046
0,0.079489
0,0.673248
0,0.766824
0,0.511917
0,0.171745
0,0.57207
0,0.306761
0,0.334256
0,0.896216
0,0.955009
0,0.324513
0,0.518438
0,0.477033
0,0.997476
0,0.676044
0,0.505843
0,0.850031
0,0.229444
0,0.140246
0,0.100473
0,0.894756
0,0.672372
0,0.127783
0,0.725828
0,0.163418
0,0.142912
0,0.440726
0,0.45695
0,0.776806
0,0.769217
0,0.646312
0,0.075481
0,0.601652
0,0.66238
0,0.906552
0,0.714009
0,0.726427
0,0.199642
0,0.969447
0,0.02825
0,0.211427
0,0.757431
0,0.897773
0,0.048347
0,0.055299
0,0.861102
0,0.759082
0,0.815105
0,0.214019
0,0.647209
0,0.002672
0,0.594241
0,0.377417
0,0.69878
0,0.200424
0,0.223744
0,0.23007
0,0.389288
0,0.132703
0,0.316101
0,0.110337
0,0.067454
0,0.024786
0,0.630146
0,0.799858
0,0.196241
0,0.916013
0,0.53738
0,0.572872
0,0.365041
0,0.136005
0,0.167556
0,0.732503
0,0.652557
0,0.260593
0,0.065548
0,0.190307
0,0.242961
0,0.2767
0,0.623873
0,0.820074
0,0.564197
0,0.072458
0,0.790255
0,0.401177
0,0.047497
0,0.022693
0,0.74296
0,0.109728
0,0.902933
0,0.778844
0,0.186772
0,0.768953
0,0.873858
0,0.576969
0,0.115394
0,0.877697
0,0.372639
0,0.098725
0,0.295706
0,0.325697
0,0.692608
0,0.674298
0,0.928018
0,0.412909
0,0.854152
0,0.153081
0,0.658284
0,0.042697
0,0.796378
0,0.634488
0,0.864642
0,0.049887
0,0.616812
0,0.047623
0,0.219038
0,0.200993
0,0.989234
0,0.874313
0,0.0744
0,0.877902
0,0.263749
0,0.242581
0,0.57548
0,0.564156
0,0.982003
0,0.656571
0,0.251404
0,0.00538
0,0.193441
0,0.854347
0,0.495554
0,0.706847
0,0.456963
0,0.96272
0,0.314
0,0.971125
0,0.579207
0,0.563482
0,0.125463
0,0.095201
0,0.291569
0,0.05862
0,0.747264
0,0.605938
0,0.341145
0,0.311941
0,0.474464
0,0.038147
0,0.78154
0,0.564144
0,0.97674
0,0.1859
0,0.49288
0,0.908918
0,0.00411
0,0.13679
0,0.292795
0,0.262446
0,0.250699
0,0.566915
0,0.131209
0,0.139359
0,0.016646
0,0.630971
0,0.92182
0,0.01334
0,0.928379
0,0.744365
0,0.66359
0,0.256002
0,0.030646
0,0.029586
0,0.264196
0,0.966512
0,0.063021
0,0.226687
0,0.820033
0,0.005405
0,0.053789
0,0.874386
0,0.3218
0,0.00986
0,0.471153
0,0.694115
0,0.335951
0,0.216944
0,0.671709
0,0.160682
0,0.325277
0,0.565402
0,0.49579
0,0.4291
0,0.135861
0,0.945777
0,0.678352
0,0.217342
0,0.832242
0,0.551954
0,0.002423
0,0.756949
0,0.599714
0,0.170798
0,0.069262
0,0.962618
0,0.427979
0,0.146926
0,0.3057
0,0.086454
0,0.153234
0,0.984616
0,0.054095
0,0.446255
0,0.779897
0,0.046956
0,0.659252
0,0.540719
0,0.397078
0,0.55527
0,0.004327
0,0.177131
0,0.590426
0,0.897184
0,0.759362
0,0.347265
0,0.633555
0,0.161079
0,0.01448
0,0.080954
0,0.391083
0,0.858522
0,0.02899
0,0.197825
0,0.80498
0,0.386713
0,0.721028
0,0.660459
0,0.039468
0,0.906008
0,0.226884
0,0.436041
0,0.181518
0,0.891801
0,0.102718
0,0.933642
0,0.755152
0,0.199878
0,0.111168
0,0.773215
0,0.275642
0,0.877809
0,0.15962
0,0.873455
0,0.095196
0,0.445324
0,0.143867
0,0.251232
0,0.57625
0,0.316312
0,0.439776
0,0.970602
0,0.759976
0,0.0801
0,0.801724
0,0.5884
0,0.069119
0,0.021941
0,0.675001
0,0.402713
0,0.217655
0,0.045854
0,0.285231
0,0.010643
0,0.592038
0,0.947894
0,0.299467
0,0.800064
0,0.851924
0,0.159487
0,0.747339
0,0.34286
0,0.162679
0,0.099991
0,0.127247
0,0.088596
0,0.218759
0,0.954225
0,0.121388
0,0.723742
0,0.594654
0,0.566031
0,0.180869
0,0.577353
0,0.164974
0,0.093794
0,0.538491
0,0.083857
0,0.587096
0,0.125912
0,0.944249
0,0.651891
0,0.645681
0,0.351351
0,0.639175
0,0.900998
0,0.69442
0,0.231712
0,0.869714
0,0.242593
0,0.062848
0,0.503108
0,0.024283
0,0.024647
0,0.389687
0,0.949686
0,0.531906
0,0.808245
0,0.259517
0,0.147004
0,0.826623
0,0.548863
0,0.002449
0,0.557772
0,0.148304
0,0.851659
0,0.591591
0,0.707786
0,0.941253
0,0.131361
0,0.799405
0,0.098395
0,0.415133
0,0.056739
0,0.677861
0,0.875861
0,0.521009
0,0.832537
0,0.637198
0,0.909324
0,0.767013
0,0.779915
0,0.378963
0,0.992202
0,0.089608
0,0.807891
0,0.053966
0,0.298251
0,0.390338
0,0.221719
0,0.162719
0,0.522678
0,0.125419
0,0.663832
0,0.319112
0,0.485126
0,0.156449
0,0.490301
0,0.895098
0,0.226533
0,0.951026
0,0.568465
0,0.030707
0,0.100266
0,0.057423
0,0.265092
0,0.385336
0,0.00232
0,0.021403
0,0.311018
0,0.528767
0,0.355072
0,0.254034
0,0.585496
0,0.171168
0,0.898242
0,0.533035
0,0.441683
0,0.101353
0,0.697907
0,0.177164
0,0.320897
0,0.936864
0,0.842277
0,0.680173
0,0.968392
0,0.068305
0,0.378461
0,0.932474
0,0.436807
0,0.176769
0,0.406687
0,0.861899
0,0.25438
0,0.284254
0,0.307537
0,0.457733
0,0.660718
0,0.73505
0,0.249666
0,0.047745
0,0.567666
0,0.03192
0,0.230273
0,0.257325
0,0.278692
0,0.87208
0,0.847918
0,0.246446
0,0.605341
0,0.348781
0,0.423183
0,0.894366
0,0.821198
0,0.670536
0,0.202256
0,0.956252
0,0.857371
0,0.935915
0,0.573185
0,0.051038
0,0.691726
0,0.919108
0,0.874628
0,0.170708
0,0.07729
0,0.308887
0,0.921899
0,0.479694
0,0.919064
0,0.197991
0,0.31667
0,0.986694
0,0.280634
0,0.880337
0,0.493144
0,0.688612
0,0.254857
0,0.707318
0,0.121757
0,0.075166
0,0.629232
0,0.700892
0,0.119172
0,0.628626
0,0.563513
0,0.313281
0,0.311924
0,0.584615
0,0.525759
0,0.496346
0,0.268967
0,0.168032
0,0.752175
0,0.778213
0,0.331841
0,0.822278
0,0.969939
0,0.8973
0,0.040893
0,0.472606
0,0.027571
0,0.433705
0,0.721368
0,0.469169
0,0.95225
0,0.991056
0,0.407708
0,0.363036
0,0.114057
0,0.181589
0,0.522788
0,0.777279
0,0.899397
0,0.292016
0,0.970603
0,0.719148
0,0.152919
0,0.380588
0,0.131057
0,0.700429
0,0.535491
0,0.858665
0,0.216671
0,0.273666
0,0.985531
0,0.477401
0,0.846903
0,0.851733
0,0.051557
0,0.260221
0,0.809766
0,0.247509
0,0.238863
0,0.533986
0,0.269357
0,0.443756
0,0.110528
0,0.40508
0,0.872249
0,0.204778
0,0.446884
0,0.017602
0,0.466805
0,0.647492
0,0.874303
0,0.404295
0,0.53539
0,0.566822
0,0.424084
0,0.506044
0,0.851599
0,0.792481
0,0.030029
0,0.296428
0,0.661487
0,0.229875
0,0.289428
0,0.164627
0,0.609803
0,0.176795
0,0.509077
0,0.555656
0,0.317435
0,0.359937
0,0.303
0,0.535797
0,0.329603
0,0.256018
0,0.679225
0,0.423037
0,0.325512
0,0.188496
0,0.81384
0,0.865762
0,0.246586
0,0.244097
0,0.412482
0,0.314275
0,0.571225
0,0.773651
0,0.444443
0,0.931495
0,0.195527
0,0.061979
0,0.732514
0,0.399585
0,0.339979
0,0.526285
0,0.019141
0,0.119471
0,0.167415
0,0.763498
0,0.904986
0,0.492331
0,0.804383
0,0.645839
0,0.516188
0,0.054526
0,0.501326
0,0.849717
0,0.927944
0,0.092528
0,0.066965
0,0.189968
0,0.692898
0,0.34943
0,0.152608
0,0.700139
0,0.18211
0,0.664778
0,0.292602
0,0.238801
0,0.590897
0,0.269297
0,0.181923
0,0.456235
0,0.535328
0,0.767688
0,0.114001
0,0.228137
0,0.688767
0,0.212505
0,0.467062
0,0.98314
0,0.599884
0,0.00501
0,0.573201
0,0.975608
0,0.014209
0,0.307213
0,0.157575
0,0.756645
0,0.0239
0,0.514594
0,0.616388
0,0.897857
0,0.539858
0,0.190943
0,0.330245
0,0.218566
0,0.44839
0,0.213947
0,0.218346
0,0.125258
0,0.237743
0,0.004353
0,0.341847
0,0.749674
0,0.8224
0,0.658271
0,0.514333
0,0.897414
0,0.068056
0,0.345669
0,0.057044
0,0.606703
0,0.307567
0,0.701107
0,0.091217
0,0.117716
0,0.167902
0,0.796046
0,0.541734
0,0.96857
0,0.6968
0,0.282368
0,0.816303
0,0.117319
0,0.202154
0,0.881505
0,0.629208
0,0.62322
0,0.484401
0,0.813921
0,0.141928
0,0.905136
0,0.123986
0,0.891409
0,0.003845
0,0.010957
0,0.534943
0,0.409034
0,0.852255
0,0.129936
0,0.233557
0,0.024537
0,0.514928
0,0.79251
0,0.743039
0,0.27194
0,0.581249
0,0.755794
0,0.834258
0,0.157822
0,0.816809
0,0.584812
0,0.532507
0,0.484347
0,0.827399
0,0.310901
0,0.736017
0,0.367715
0,0.380295
0,0.082724
0,0.472644
0,0.721667
0,0.426936
0,0.368156
0,0.935523
0,0.99242
0,0.031471
0,0.938386
0,0.169843
0,0.553132
0,0.979964
0,0.461827
0,0.975571
0,0.749366
0,0.596098
0,0.067263
0,0.028601
0,0.207621
0,0.754557
0,0.502383
0,0.12235
0,0.26236
0,0.9452
0,0.145017
0,0.144416
0,0.278933
0,0.573502
0,0.803368
0,0.837291
0,0.103371
0,0.045695
0,0.31914
0,0.645251
0,0.245607
0,0.581468
0,0.884438
0,0.591345
0,0.698346
0,0.712125
0,0.333721
0,0.194951
0,0.596014
0,0.810768
0,0.752839
0,0.353933
0,0.728609
0,0.877704
0,0.761106
0,0.759638
0,0.973077
0,0.326282
0,0.376927
0,0.080687
0,0.649246
0,0.506325
0,0.916052
0,0.03675
0,0.548119
0,0.303099
0,0.743218
0,0.309749
0,0.103352
0,0.743427
0,0.322306
0,0.597647
0,0.725484
0,0.602065
0,0.740836
0,0.899097
0,0.907601
0,0.218266
0,0.435918
0,0.988953
0,0.690763
0,0.320041
0,0.21371
0,0.371006
0,0.466179
0,0.701617
0,0.275084
0,0.658995
0,0.952971
0,0.041465
0,0.838391
0,0.173653
0,0.357716
0,0.105529
0,0.842919
0,0.531861
0,0.210937
0,0.944853
0,0.26625
0,0.733531
0,0.210809
0,0.23292
0,0.2171
0,0.060671
0,0.05422
0,0.173135
0,0.507452
0,0.150924
0,0.746999
0,0.639966
0,0.010379
0,0.930456
0,0.641064
0,0.110495
0,0.972458
0,0.111815
0,0.771824
0,0.7425
0,0.390954
0,0.138136
0,0.074899
0,0.203297
0,0.081668
0,0.065956
0,0.909464
0,0.542297
0,0.500443
0,0.250631
0,0.162148
0,0.609872
0,0.283561
0,0.594412
0,0.07374
0,0.782755
0,0.431066
0,0.715453
0,0.134782
0,0.039884
0,0.386419
0,0.041024
0,0.713214
0,0.315728
0,0.810871
0,0.084863
0,0.637364
0,0.700769
0,0.735471
0,0.751918
0,0.926097
0,0.328319
0,0.895088
0,0.383556
0,0.707372
0,0.143197
0,0.345445
0,0.354442
0,0.450985
0,0.384465
0,0.028174
0,0.322808
0,0.864652
0,0.04543
0,0.671088
0,0.455144
0,0.503025
0,0.070337
0,0.911746
0,0.708423
0,0.554106
0,0.632424
0,0.670318
0,0.202376
0,0.701041
0,0.298321
0,0.519586
0,0.48786
0,0.346772
0,0.199022
0,0.135718
0,0.596058
0,0.052057
0,0.072368
0,0.982899
0,0.166831
0,0.073339
0,0.758413
0,0.328827
0,0.032373
0,0.635094
0,0.720977
0,0.716699
0,0.506927
0,0.116903
0,0.843375
0,0.9415
0,0.636355
0,0.654235
0,0.916288
0,0.599869
0,0.079608
0,0.772279
0,0.332083
0,0.909709
0,0.171843
0,0.035678
0,0.412633
0,0.166835
0,0.005781
0,0.945856
0,0.725643
0,0.631742
0,0.044759
0,0.817535
0,0.572814
0,0.238384
0,0.817382
0,0.766687
0,0.220077
0,0.832879
0,0.560865
0,0.345641
0,0.208117
0,0.038158
0,0.126831
0,0.394654
0,0.434093
0,0.337092
0,0.133397
0,0.860609
0,0.456992
0,0.964685
0,0.408325
0,0.107783
0,0.406728
0,0.395067
0,0.654867
0,0.803281
0,0.174158
0,0.844995
0,0.809889
0,0.05756
0,0.090881
0,0.099275
0,0.882612
0,0.709566
0,0.484062
0,0.405632
0,0.613846
0,0.723571
0,0.040251
0,0.717933
0,0.927816
0,0.892811
0,0.068323
0,0.060666
0,0.514577
0,0.641479
0,0.962147
0,0.229723
0,0.609186
0,0.428001
0,0.125999
0,0.394309
0,0.036373
0,0.218498
0,0.111957
0,0.072887
0,0.413863
0,0.951
0,0.692889
0,0.25739
0,0.847352
0,0.1696
0,0.943478
0,0.791127
0,0.652335
0,0.757019
0,0.947186
0,0.177113
0,0.890991
0,0.725909
0,0.08461
0,0.288242
0,0.790135
0,0.319816
0,0.985246
0,0.908384
0,0.631742
0,0.093466
0,0.049896
0,0.888938
0,0.638282
0,0.192162
0,0.840333
0,0.616234
0,0.350778
0,0.184286
0,0.442004
0,0.163758
0,0.79946
0,0.991839
0,0.875909
0,0.290449
0,0.350095
0,0.801273
0,0.321935
0,0.057515
0,0.478004
0,0.276447
0,0.541041
0,0.009813
0,0.265213
0,0.653477
0,0.583954
0,0.62243
0,0.071377
0,0.714013
0,0.46328
0,0.12258
0,0.521039
0,0.988946
0,0.018102
0,0.473455
0,0.575486
0,0.583237
0,0.144841
0,0.741919
0,0.973243
0,0.716336
0,0.482865
0,0.530408
0,0.091457
0,0.88257
0,0.623062
0,0.372745
0,0.059552
0,0.807261
0,0.842764
0,0.670292
0,0.530699
0,0.225078
0,0.265093
0,0.595746
0,0.35353
0,0.684042
0,0.663737
0,0.225566
0,0.750233
0,0.89952
0,0.00532
0,0.66466
0,0.508381
0,0.221484
0,0.124052
0,0.990299
0,0.144744
0,0.9861
0,0.321201
0,0.048192
0,0.689004
0,0.404066
0,0.748841
0,0.382131
0,0.122367
0,0.38388
0,0.483403
0,0.267391
0,0.140443
0,0.649944
0,0.175277
0,0.903072
0,0.565441
0,0.941031
0,0.074131
0,0.357408
0,0.767332
0,0.67175
0,0.107752
0,0.26226
0,0.294224
0,0.445921
0,0.833024
0,0.632593
0,0.027206
0,0.038832
0,0.886781
0,0.010515
0,0.378642
0,0.039297
0,0.009508
0,0.280277
0,0.508818
0,0.862577
0,0.327326
0,0.25561
0,0.125472
0,0.346786
0,0.162994
0,0.000497
0,0.609859
0,0.126185
0,0.984901
0,0.003026
0,0.644922
0,0.334108
0,0.069925
0,0.105337
0,0.979059
0,0.63552
0,0.721501
0,0.234734
0,0.635889
0,0.68524
0,0.1867
0,0.546386
0,0.043642
0,0.983354
0,0.374823
0,0.935035
0,0.840873
0,0.77963
0,0.658986
0,0.454311
0,0.717917
0,0.705125
0,0.969766
0,0.139458
0,0.964341
0,0.704515
0,0.37175
0,0.002685
0,0.17086
0,0.783562
0,0.387762
0,0.067994
0,0.217056
0,0.573612
0,0.768418
0,0.851836
0,0.673607
0,0.188244
0,0.976777
0,0.754249
0,0.587595
0,0.766665
0,0.256608
0,0.125081
0,0.033197
0,0.056187
0,0.445114
0,0.468097
0,0.384155
0,0.546465
0,0.869088
0,0.957343
0,0.18952
0,0.056561
0,0.109183
0,0.885686
0,0.793939
0,0.14923
0,0.219617
0,0.533281
0,0.250581
0,0.888972
0,0.011715
0,0.602046
0,0.372506
0,0.628447
0,0.045492
0,0.822859
0,0.768962
0,0.709178
0,0.3551
0,0.187079
0,0.937207
0,0.728196
0,0.702513
0,0.233274
0,0.181829
0,0.711852
0,0.79689
0,0.761149
0,0.040874
0,0.461512
0,0.225923
0,0.355125
0,0.316331
0,0.76238
0,0.265636
0,0.460796
0,0.876917
0,0.116407
0,0.75923
0,0.633314
0,0.070246
0,0.064392
0,0.077573
0,0.413619
0,0.577756
0,0.679504
0,0.500034
0,0.430862
0,0.938098
0,0.601647
0,0.620489
0,0.254654
0,0.380549
0,0.848018
0,0.807641
0,0.479217
0,0.205052
0,0.910597
0,0.803614
0,0.822644
0,0.008802
0,0.796317
0,0.67729
0,0.95086
0,0.687708
0,0.209692
0,0.026404
0,0.034251
0,0.710095
0,0.736388
0,0.768071
0,0.73351
0,0.959697
0,0.26209
0,0.304119
0,0.410128
0,0.488619
0,0.486294
0,0.676002
0,0.571439
0,0.321968
0,0.62638
0,0.183171
0,0.343639
0,0.199227
0,0.040001
0,0.325194
0,0.983474
0,0.195559
0,0.01889
0,0.106753
0,0.857773
0,0.180376
0,0.20797
0,0.677977
0,0.263561
0,0.761091
0,0.951863
0,0.398721
0,0.974432
0,0.603686
0,0.082161
0,0.476053
0,0.785482
0,0.190423
0,0.583018
0,0.285121
0,0.354537
0,0.591545
0,0.994033
0,0.298027
0,0.965498
0,0.173049
0,0.981421
0,0.816547
0,0.258826
0,0.277715
0,0.120548
0,0.926258
0,0.445543
0,0.291578
0,0.592578
0,0.941796
0,0.424881
0,0.424378
0,0.855191
0,0.084149
0,0.415898
0,0.713374
0,0.389447
0,0.617006
0,0.533304
0,0.549417
0,0.890424
0,0.435835
0,0.548564
0,0.977041
0,0.119872
0,0.075323
0,0.637238
0,0.395629
0,0.694538
0,0.935122
0,0.029399
0,0.980383
0,0.360424
0,0.603174
0,0.378443
0,0.84207
0,0.574928
0,0.956656
0,0.291907
0,0.366618
0,0.880898
0,0.632475
0,0.134595
0,0.508111
0,0.989129
0,0.176975
0,0.069147
0,0.617487
0,0.121682
0,0.154177
0,0.85742
0,0.786511
0,0.222546
0,0.161511
0,0.4187
0,0.730194
0,0.56973
0,0.618135
0,0.858094
0,0.824177
0,0.458357
0,0.48493
0,0.469604
0,0.247708
0,0.715565
0,0.424687
0,0.026188
0,0.51364
0,0.231086
0,0.848937
0,0.420948
0,0.865016
0,0.179661
0,0.898314
0,0.274767
0,0.387445
0,0.796576
0,0.659066
0,0.100612
0,0.057136
0,0.060186
0,0.360139
0,0.124251
0,0.093262
0,0.689408
0,0.046923
0,0.607491
0,0.005424
0,0.573187
0,0.258756
0,0.302198
0,0.068279
0,0.444134
0,0.364919
0,0.161298
0,0.430397
0,0.004107
0,0.342786
0,0.615769
0,0.166959
0,0.077633
0,0.628093
0,0.656003
0,0.326752
0,0.672052
0,0.885161
0,0.709964
0,0.056491
0,0.907828
0,0.68879
0,0.806289
0,0.795744
0,0.868637
0,0.023674
0,0.826837
0,0.952204
0,0.374001
0,0.09136
0,0.106069
0,0.35142
0,0.134717
0,0.993052
0,0.947072
0,0.282714
0,0.842376
0,0.473046
0,0.067892
0,0.543865
0,0.308061
0,0.268187
0,0.005765
0,0.324198
0,0.605003
0,0.275804
0,0.659131
0,0.603405
0,0.91526
0,0.815205
0,0.584148
0,0.833796
0,0.78057
0,0.548577
0,0.209051
0,0.380744
0,0.514462
0,0.202545
0,0.646376
0,0.724282
0,0.138195
0,0.089188
0,0.033957
0,0.341776
0,0.345255
0,0.441862
0,0.187004
0,0.342676
0,0.191782
0,0.512789
0,0.75186
0,0.637379
0,0.003554
0,0.089778
0,0.532899
0,0.084302
0,0.455016
0,0.494093
0,0.503296
0,0.8615
0,0.050192
0,0.298016
0,0.679967
0,0.00907
0,0.904925
0,0.136506
0,0.657538
0,0.440846
0,0.213811
0,0.687966
0,0.579477
0,0.826119
0,0.719218
0,0.046104
0,0.804325
0,0.944713
0,0.75826
0,0.772606
0,0.770666
0,0.076401
0,0.897988
0,0.39477
0,0.892071
0,0.29481
0,0.42659
0,0.166026
0,0.118056
0,0.018586
0,0.636303
0,0.11044
0,0.308575
0,0.589494
0,0.168969
0,0.421074
0,0.773414
0,0.889378
0,0.969456
0,0.343012
0,0.835905
0,0.213658
0,0.811187
0,0.257621
0,0.255485
0,0.684833
0,0.401409
0,0.711526
0,0.172436
0,0.309913
0,0.607513
0,0.019194
0,0.24888
0,0.489605
0,0.234088
0,0.32244
0,0.226036
0,0.651476
0,0.305279
0,0.549607
0,0.619338
0,0.895075
0,0.14153
0,0.861832
0,0.252906
0,0.418988
0,0.293202
0,0.720627
0,0.250889
0,0.397816
0,0.247744
0,0.926803
0,0.556098
0,0.632303
0,0.155693
0,0.280895
0,0.486634
0,0.792795
0,0.106985
0,0.66946
0,0.825172
0,0.927649
0,0.319332
0,0.856574
0,0.010171
0,0.999638
0,0.120414
0,0.739879
0,0.603959
0,0.783549
0,0.274541
0,0.86213
0,0.119268
0,0.253431
0,0.209399
0,0.497615
0,0.409561
0,0.050999
0,0.707606
0,0.233796
0,0.10675
0,0.027543
0,0.930701
0,0.923449
0,0.917805
0,0.215979
0,0.810287
0,0.914336
0,0.567751
0,0.945033
0,0.374222
0,0.019091
0,0.4637
0,0.829171
0,0.130609
0,0.442652
0,0.056063
0,0.1966
0,0.378629
0,0.767164
0,0.610012
0,0.286031
0,0.818738
0,0.289972
0,0.034791
0,0.003162
0,0.259628
0,0.532569
0,0.064493
0,0.558646
0,0.774913
0,0.860518
0,0.994773
0,0.344596
0,0.432404
0,0.889891
0,0.525111
0,0.111918
0,0.878422
0,0.23951
0,0.5573
0,0.030514
0,0.291774
0,0.727076
0,0.810841
0,0.742514
0,0.647628
0,0.592698
0,0.755653
0,0.007874
0,0.640708
0,0.218027
0,0.97322
0,0.515818
0,0.451785
0,0.341288
0,0.52801
0,0.554684
0,0.239988
0,0.456525
0,0.803994
0,0.781804
0,0.508994
0,0.131108
0,0.704784
0,0.962898
0,0.087741
0,0.08546
0,0.872389
0,0.182978
0,0.011569
0,0.932997
0,0.431298
0,0.367102
0,0.503539
0,0.153612
0,0.038596
0,0.12441
0,0.439546
0,0.422799
0,0.718279
0,0.08777
0,0.752694
0,0.197248
0,0.214259
0,0.542639
0,0.005449
0,0.218284
0,0.063692
0,0.298671
0,0.0413
0,0.552295
0,0.54421
0,0.43136
0,0.849999
0,0.031097
0,0.153645
0,0.150408
0,0.355511
0,0.580697
0,0.763461
0,0.912857
0,0.490318
0,0.641779
0,0.855301
0,0.011089
0,0.196124
0,0.218548
0,0.180847
0,0.334812
0,0.782751
0,0.971359
0,0.504344
0,0.58167
0,0.196526
0,0.767442
0,0.10613
0,0.776323
0,0.64349
0,0.997385
0,0.039349
0,0.827043
0,0.502095
0,0.464668
0,0.975119
0,0.306072
0,0.87273
0,0.939536
0,0.769526
0,0.358804
0,0.553507
0,0.701546
0,0.741652
0,0.824927
0,0.219829
0,0.438463
0,0.767316
0,0.985843
0,0.886572
0,0.078943
0,0.205112
0,0.984979
0,0.447307
0,0.20711
0,0.908861
0,0.052048
0,0.844371
0,0.714351
0,0.376324
0,0.509872
0,0.240714
0,0.052617
0,0.766425
0,0.808012
0,0.184214
0,0.683748
0,0.353219
0,0.029753
0,0.522677
0,0.99188
0,0.297615
0,0.311678
0,0.947982
0,0.123248
0,0.027318
0,0.853372
0,0.299367
0,0.456173
0,0.248019
0,0.217415
0,0.92424
0,0.850179
0,0.4701
0,0.121824
0,0.324946
0,0.334995
0,0.50749
0,0.264011
0,0.11074
0,0.171627
0,0.012003
0,0.684982
0,0.085453
0,0.40516
0,0.9594
0,0.757196
0,0.041692
0,0.691909
0,0.18174
0,0.03164
0,0.126531
0,0.85407
0,0.319862
0,0.751935
0,0.159892
0,0.700453
0,0.181322
0,0.24336
0,0.109985
0,0.140134
0,0.640175
0,0.298854
0,0.029031
0,0.450919
0,0.200301
0,0.522099
0,0.393716
0,0.645705
0,0.872227
0,0.349536
0,0.122598
0,0.3375
0,0.653557
0,0.922798
0,0.739032
0,0.12879
0,0.879723
0,0.8947
0,0.943557
0,0.718965
0,0.124583
0,0.231472
0,0.811346
0,0.876967
0,0.47141
0,0.665984
0,0.828455
0,0.022411
0,0.394901
0,0.292878
0,0.563227
0,0.441138
0,0.160329
0,0.678781
0,0.108143
0,0.484714
0,0.00759
0,0.881735
0,0.581906
0,0.00713
0,0.565717
0,0.180241
0,0.061142
0,0.838566
0,0.432814
0,0.869536
0,0.813036
0,0.594319
0,0.633601
0,0.454562
0,0.623422
0,0.998404
0,0.328948
0,0.846158
0,0.135129
0,0.242799
0,0.164864
0,0.056647
0,0.021967
0,0.671557
0,0.297731
0,0.503032
0,0.707424
0,0.572651
0,0.077644
0,0.915522
0,0.905611
0,0.585575
0,0.733865
0,0.973777
0,0.113796
0,0.187759
0,0.426672
0,0.508339
0,0.737276
0,0.545723
0,0.716728
0,0.457894
0,0.605796
0,0.851122
0,0.243775
0,0.770612
0,0.544406
0,0.811017
0,0.842447
0,0.647276
0,0.64339
0,0.812645
0,0.16503
0,0.030928
0,0.108778
0,0.337209
0,0.471066
0,0.076439
0,0.603651
0,0.134841
0,0.586151
0,0.904811
0,0.646414
0,0.527846
0,0.463673
0,0.991285
0,0.439714
0,0.354944
0,0.188766
0,0.014366
0,0.70282
0,0.387506
0,0.370561
0,0.136102
0,0.660241
0,0.908835
0,0.466902
0,0.267087
0,0.343616
0,0.950846
0,0.199255
0,0.01573
0,0.869391
0,0.671428
0,0.042506
0,0.349677
0,0.996852
0,0.011656
0,0.635308
0,0.687222
0,0.678652
0,0.749463
0,0.408354
0,0.396165
0,0.498347
0,0.817503
0,0.184447
0,0.896626
0,0.191261
0,0.18058
0,0.328405
0,0.812074
0,0.964762
0,0.075626
0,0.898957
0,0.86822
0,0.034911
0,0.307043
0,0.934747
0,0.951523
0,0.948543
0,0.746274
0,0.530256
0,0.242777
0,0.358249
0,0.774932
0,0.128618
0,0.859308
0,0.146188
0,0.284675
0,0.921116
0,0.929445
0,0.425672
0,0.773516
0,0.392201
0,0.817781
0,0.753629
0,0.428561
0,0.185415
0,0.713399
0,0.714706
0,0.686127
0,0.976411
0,0.924748
0,0.830212
0,0.262606
0,0.677145
0,0.156382
0,0.749902
0,0.87339
0,0.07276
0,0.182229
0,0.067677
0,0.034332
0,0.021719
0,0.987842
0,0.272179
0,0.04088
0,0.184793
0,0.692823
0,0.947854
0,0.467575
0,0.242667
0,0.049441
0,0.863599
0,0.942757
0,0.145808
0,0.594188
0,0.23557
0,0.632955
0,0.234536
0,0.163857
0,0.860499
0,0.611227
0,0.392492
0,0.22425
0,0.8857
0,0.647665
0,0.145411
0,0.805795
0,0.536252
0,0.688349
0,0.254141
0,0.801468
0,0.182983
0,0.341041
0,0.535545
0,0.774076
0,0.096022
0,0.240264
0,0.818755
0,0.229415
0,0.184439
0,0.971458
0,0.196729
0,0.36046
0,0.846338
0,0.649778
0,0.743305
0,0.130034
0,0.887723
0,0.236706
0,0.470255
0,0.798092
0,0.141046
0,0.173325
0,0.758054
0,0.505384
0,0.32411
0,0.555149
0,0.326994
0,0.955719
0,0.23779
0,0.110109
0,0.797684
0,0.486972
0,0.05999
0,0.88941
0,0.467203
0,0.806307
0,0.403086
0,0.571068
0,0.696344
0,0.97488
0,0.922215
0,0.312252
0,0.654613
0,0.490189
0,0.015921
0,0.570059
0,0.804952
0,0.099469
0,0.585167
0,0.626127
0,0.616008
0,0.106901
0,0.295821
0,0.700562
0,0.833564
0,0.143104
0,0.274404
0,0.952648
0,0.269795
0,0.654246
0,0.22838
0,0.154863
0,0.099672
0,0.354746
0,0.845625
0,0.758378
0,0.195232
0,0.92799
0,0.183482
0,0.863575
0,0.480003
0,0.443322
0,0.482707
0,0.326103
0,0.303972
0,0.840773
0,0.228988
0,0.474582
0,0.773667
0,0.773907
0,0.845809
0,0.934643
0,0.819383
0,0.360579
0,0.207527
0,0.177346
0,0.205688
0,0.632007
0,0.811339
0,0.874252
0,0.947871
0,0.938289
0,0.270732
0,0.755512
0,0.362173
0,0.508153
0,0.555525
0,0.191856
0,0.314362
0,0.447755
0,0.168941
0,0.486706
0,0.270445
0,0.509025
0,0.266297
0,0.177711
0,0.616461
0,0.334125
0,0.124057
0,0.217572
0,0.98983
0,0.258231
0,0.437808
0,0.975485
0,0.129609
0,0.81427
0,0.014323
0,0.691267
0,0.1745
0,0.697623
0,0.417977
0,0.356959
0,0.810171
0,0.404444
0,0.295862
0,0.498323
0,0.645976
0,0.43451
0,0.36744
0,0.784192
0,0.416375
0,0.682625
0,0.006791
0,0.031887
0,0.130525
0,0.99664
0,0.007946
0,0.020254
0,0.023607
0,0.209679
0,0.225406
0,0.076925
0,0.605019
0,0.284813
0,0.954421
0,0.73216
0,0.693477
0,0.574542
0,0.763021
0,0.247196
0,0.182418
0,0.146894
0,0.403807
0,0.25603
0,0.12808
0,0.424558
0,0.083051
0,0.160132
0,0.77052
0,0.932526
0,0.332441
0,0.246923
0,0.731912
0,0.130955
0,0.125516
0,0.455703
0,0.661259
0,0.53852
0,0.904965
0,0.512496
0,0.949324
0,0.621377
0,0.003036
0,0.97401
0,0.417691
0,0.857115
0,0.68205
0,0.202231
0,0.63093
0,0.221283
0,0.442276
0,0.772175
0,0.7404
0,0.75863
0,0.372631
0,0.237558
0,0.121618
0,0.141774
0,0.287542
0,0.931488
0,0.907753
0,0.131663
0,0.698859
0,0.111236
0,0.449385
0,0.7098
0,0.729955
0,0.362789
0,0.99481
0,0.847955
0,0.042085
0,0.558098
0,0.639695
0,0.105404
0,0.242012
0,0.644266
0,0.873632
0,0.059494
0,0.9663
0,0.04801
0,0.019376
0,0.260503
0,0.00786
0,0.941969
0,0.867768
0,0.522039
0,0.012162
0,0.11356
0,0.946309
0,0.142523
0,0.33703
0,0.175983
0,0.988451
0,0.233686
0,0.112949
0,0.321775
0,0.70821
0,0.749325
0,0.748745
0,0.882747
0,0.037367
0,0.900125
0,0.221593
0,0.527469
0,0.672512
0,0.291194
0,0.477966
0,0.319895
0,0.978857
0,0.130806
0,0.948294
0,0.334908
0,0.636008
0,0.366719
0,0.512623
0,0.551384
0,0.944059
0,0.386897
0,0.80884
0,0.032442
0,0.074281
0,0.278657
0,0.154329
0,0.94623
0,0.040198
0,0.185587
0,0.428369
0,0.359121
0,0.897642
0,0.619712
0,0.652526
0,0.242581
0,0.734775
0,0.913593
0,0.98085
0,0.776565
0,0.514715
0,0.697541
0,0.336533
0,0.924803
0,0.7995
0,0.930661
0,0.368748
0,0.471147
0,0.253269
0,0.710968
0,0.763115
0,0.542285
0,0.857255
0,0.265288
0,0.764306
0,0.228253
0,0.621762
0,0.520282
0,0.187268
0,0.23847
0,0.843888
0,0.269263
0,0.53711
0,0.082607
0,0.991867
0,0.958403
0,0.608681
0,0.330699
0,0.002108
0,0.53801
0,0.777148
0,0.707901
0,0.84347
0,0.081682
0,0.932672
0,0.324924
0,0.962769
0,0.000172
0,0.057461
0,0.673826
0,0.053096
0,0.499939
0,0.783499
0,0.509435
0,0.435117
0,0.985011
0,0.268094
0,0.679146
0,0.025473
0,0.2848
0,0.225493
0,0.016285
0,0.163025
0,0.770208
0,0.817376
0,0.626695
0,0.934216
0,0.216297
0,0.852324
0,0.173792
0,0.357666
0,0.027863
0,0.848265
0,0.633242
0,0.92009
0,0.037332
0,0.228763
0,0.108827
0,0.787602
0,0.008891
0,0.028925
0,0.894464
0,0.022927
0,0.634021
0,0.307097
0,0.218175
0,0.646956
0,0.914528
0,0.010608
0,0.88567
0,0.912283
0,0.660209
0,0.033898
0,0.968257
0,0.682638
0,0.009404
0,0.40765
0,0.72864
0,0.621216
0,0.181606
0,0.783114
0,0.727197
0,0.172343
0,0.906862
0,0.071866
0,0.943587
0,0.697099
0,0.916718
0,0.469017
0,0.945474
0,0.852994
0,0.643601
0,0.863907
0,0.646431
0,0.334182
0,0.942513
0,0.028397
0,0.838347
0,0.563484
0,0.135591
0,0.669023
0,0.760375
0,0.917493
0,0.924255
0,0.583372
0,0.794368
0,0.089968
0,0.508931
0,0.009335
0,0.098069
0,0.783339
0,0.845211
0,0.50003
0,0.89834
0,0.226904
0,0.539374
0,0.933094
0,0.699487
0,0.26945
0,0.908544
0,0.845868
0,0.473347
0,0.444064
0,0.256002
0,0.162429
0,0.842161
0,0.817641
0,0.216551
0,0.073318
0,0.781087
0,0.757146
0,0.025426
0,0.611887
0,0.635523
0,0.977429
0,0.369374
0,0.409152
0,0.533596
0,0.425541
0,0.059445
0,0.159699
0,0.054522
0,0.33792
0,0.301277
0,0.651708
0,0.282805
0,0.078588
0,0.736472
0,0.088853
0,0.372794
0,0.690607
0,0.139586
0,0.026047
0,0.90793
0,0.958825
0,0.38238
0,0.959539
0,0.169367
0,0.775147
0,0.441293
0,0.700641
0,0.006594
0,0.226817
0,0.564398
0,0.472353
0,0.138737
0,0.659431
0,0.484766
0,0.706059
0,0.707547
0,0.062332
0,0.279577
0,0.657033
0,0.299393
0,0.942427
0,0.39774
0,0.851765
0,0.792639
0,0.636207
0,0.464241
0,0.972731
0,0.260327
0,0.255895
0,0.848192
0,0.60346
0,0.737668
0,0.376647
0,0.624495
0,0.910325
0,0.306748
0,0.680859
0,0.66775
0,0.67596
0,0.521345
0,0.258374
0,0.11003
0,0.787078
0,0.028359
0,0.168746
0,0.548502
0,0.133492
0,0.855443
0,0.761548
0,0.939606
0,0.605287
0,0.97437
0,0.008125
0,0.237268
0,0.225006
0,0.798609
0,0.949814
0,0.894653
0,0.853834
0,0.76717
0,0.257416
0,0.893615
0,0.248815
0,0.752328
0,0.534747
0,0.97014
0,0.948923
0,0.593987
0,0.546622
0,0.147347
0,0.203118
0,0.038622
0,0.026887
0,0.040627
0,0.975016
0,0.765732
0,0.576085
0,0.725958
0,0.754652
0,0.501149
0,0.924591
0,0.905952
0,0.498086
0,0.182343
0,0.812614
0,0.656407
0,0.041886
0,0.586838
0,0.226934
0,0.235145
0,0.771057
0,0.761101
0,0.625222
0,0.633271
0,0.549391
0,0.97637
0,0.674291
0,0.416612
0,0.52985
0,0.899708
0,0.62306
0,0.467036
0,0.423067
0,0.024699
0,0.923553
0,0.689688
0,0.187067
0,0.762357
0,0.819362
0,0.74201
0,0.713861
0,0.935168
0,0.659022
0,0.010194
0,0.301805
0,0.613174
0,0.051812
0,0.032414
0,0.691828
0,0.584189
0,0.468578
0,0.387395
0,0.177932
0,0.093674
0,0.23363
0,0.462596
0,0.739122
0,0.832458
0,0.85658
0,0.317584
0,0.871667
0,0.668097
0,0.746059
0,0.246219
0,0.188934
0,0.462809
0,0.106444
0,0.003081
0,0.150707
0,0.888741
0,0.203057
0,0.228479
0,0.330105
0,0.240194
0,0.011886
0,0.061636
0,0.051791
0,0.862489
0,0.808862
0,0.130167
0,0.113294
0,0.161857
0,0.144487
0,0.833568
0,0.18761
0,0.011938
0,0.319544
0,0.05884
0,0.96255
0,0.274297
0,0.160242
0,0.898942
0,0.35899
0,0.860727
0,0.490704
0,0.180808
0,0.736069
0,0.686654
0,0.632708
0,0.657834
0,0.845305
0,0.30504
0,0.661781
0,0.965932
0,0.311744
0,0.545433
0,0.980336
0,0.009203
0,0.200869
0,0.970487
0,0.043844
0,0.758339
0,0.70577
0,0.250653
0,0.315118
0,0.519767
0,0.523559
0,0.736434
0,0.733205
0,0.180617
0,0.621929
0,0.925364
0,0.397533
0,0.413561
0,0.95818
0,0.324206
0,0.166166
0,0.205072
0,0.241221
0,0.012241
0,0.029986
0,0.490563
0,0.049231
0,0.358144
0,0.482948
0,0.025244
0,0.017994
0,0.350313
0,0.32161
0,0.918557
0,0.246815
0,0.588739
0,0.944011
0,0.883432
0,0.118918
0,0.73797
0,0.243079
0,0.602388
0,0.831837
0,0.150566
0,0.901819
0,0.404884
0,0.146778
0,0.725166
0,0.273246
0,0.11814
0,0.221849
0,0.416055
0,0.809295
0,0.41914
0,0.035136
0,0.716558
0,0.342741
0,0.247772
0,0.278154
0,0.757673
0,0.106045
0,0.02147
0,0.168355
0,0.287544
0,0.833509
0,0.757448
0,0.6227
0,0.91128
0,0.824924
0,0.304244
0,0.66459
0,0.089662
0,0.455003
0,0.181916
0,0.284523
0,0.95893
0,0.874578
0,0.483521
0,0.58781
0,0.601237
0,0.722679
0,0.223914
0,0.121594
0,0.618741
0,0.626218
0,0.787863
0,0.074242
0,0.823982
0,0.581547
0,0.083262
0,0.014847
0,0.895115
0,0.193992
0,0.920663
0,0.637841
0,0.569008
0,0.066409
0,0.511822
0,0.982319
0,0.951453
0,0.754276
0,0.007022
0,0.416754
0,0.231549
0,0.214019
0,0.67412
0,0.14332
0,0.638468
0,0.996553
0,0.714214
0,0.721009
0,0.050231
0,0.16849
0,0.396481
0,0.160262
0,0.85956
0,0.561708
0,0.180115
0,0.546968
0,0.974915
0,0.901349
0,0.679071
0,0.310149
0,0.42713
0,0.660536
0,0.387185
0,0.716389
0,0.016996
0,0.837234
0,0.147311
0,0.011244
0,0.683569
0,0.887351
0,0.19968
0,0.811949
0,0.856536
0,0.560876
0,0.995866
0,0.439417
0,0.589017
0,0.708573
0,0.76755
0,0.526465
0,0.404777
0,0.536143
0,0.399126
0,0.836614
0,0.843416
0,0.158415
0,0.404978
0,0.822985
0,0.835264
0,0.405157
0,0.724415
0,0.840441
0,0.395105
0,0.067147
0,0.22146
0,0.959262
0,0.818036
0,0.961701
0,0.089582
0,0.558537
0,0.701492
0,0.241023
0,0.494728
0,0.403665
0,0.94866
0,0.10725
0,0.907691
0,0.761463
0,0.242401
0,0.358231
0,0.845544
0,0.090428
0,0.384131
0,0.128378
0,0.014432
0,0.082825
0,0.38388
0,0.234921
0,0.016664
0,0.015454
0,0.544176
0,0.804385
0,0.59753
0,0.153486
0,0.019659
0,0.973205
0,0.255402
0,0.80684
0,0.433176
0,0.251807
0,0.580426
0,0.831109
0,0.625103
0,0.824717
0,0.46393
0,0.759661
0,0.333095
0,0.3842
0,0.193731
0,0.087351
0,0.07353
0,0.88161
0,0.658229
0,0.570195
0,0.610218
0,0.461961
0,0.748598
0,0.645984
0,0.2896
0,0.650661
0,0.395955
0,0.598061
0,0.255088
0,0.501706
0,0.63558
0,0.530854
0,0.768619
0,0.284399
0,0.846837
0,0.612819
0,0.025301
0,0.83294
0,0.516802
0,0.22187
0,0.231135
0,0.935949
0,0.419912
0,0.036202
0,0.341732
0,0.625171
0,0.212662
0,0.784985
0,0.904479
0,0.122983
0,0.364151
0,0.340775
0,0.224126
0,0.907584
0,0.057734
0,0.162255
0,0.033246
0,0.75196
0,0.986971
0,0.89517
0,0.822298
0,0.605581
0,0.45256
0,0.554876
0,0.664817
0,0.69604
0,0.076873
0,0.344804
0,0.060891
0,0.66337
0,0.314456
0,0.750875
0,0.89024
0,0.457035
0,0.522171
0,0.785611
0,0.204662
0,0.277878
0,0.402541
0,0.057075
0,0.284792
0,0.393556
0,0.279413
0,0.539559
0,0.31943
0,0.048393
0,0.003284
0,0.16543
0,0.381242
0,0.599621
0,0.916563
0,0.987606
0,0.614724
0,0.346767
0,0.909243
0,0.152151
0,0.910756
0,0.790403
0,0.595223
0,0.010732
0,0.705871
0,0.624276
0,0.610762
0,0.55319
0,0.555863
0,0.90568
0,0.038363
0,0.773397
0,0.459675
0,0.251966
0,0.70643
0,0.87426
0,0.295413
0,0.388336
0,0.365003
0,0.98343
0,0.803975
0,0.16375
0,0.598938
0,0.320863
0,0.113583
0,0.740998
0,0.036393
0,0.128519
0,0.75799
0,0.222082
0,0.081752
0,0.821843
0,0.950827
0,0.309112
0,0.848026
0,0.967062
0,0.735012
0,0.785933
0,0.250115
0,0.282724
0,0.996925
0,0.258748
0,0.73657
0,0.195114
0,0.118261
0,0.285388
0,0.33662
0,0.590401
0,0.027422
0,0.075048
0,0.138211
0,0.57882
0,0.181624
0,0.5594
0,0.023276
0,0.983046
0,0.847194
0,0.996416
0,0.284707
0,0.092511
0,0.865259
0,0.00467
0,0.632678
0,0.14845
0,0.732155
0,0.121835
0,0.582532
0,0.960046
0,0.328821
0,0.765594
0,0.372434
0,0.870244
0,0.137223
0,0.841853
0,0.976355
0,0.78556
0,0.937347
0,0.800067
0,0.580572
0,0.958821
0,0.192835
0,0.798961
0,0.221294
0,0.128468
0,0.777744
0,0.400673
0,0.591393
0,0.818444
0,0.041384
0,0.981519
0,0.208447
0,0.164117
0,0.653307
0,0.394424
0,0.286809
0,0.855997
0,0.612463
0,0.839936
0,0.595351
0,0.129657
0,0.001407
0,0.716839
0,0.337471
0,0.252875
0,0.571175
0,0.160784
0,0.369638
0,0.011391
0,0.08251
0,0.176305
0,0.437764
0,0.163419
0,0.388343
0,0.452904
0,0.687476
0,0.913097
0,0.073821
0,0.300107
0,0.523349
0,0.131738
0,0.960872
0,0.084918
0,0.661572
0,0.113361
0,0.928095
0,0.277888
0,0.184042
0,0.37264
0,0.630666
0,0.978771
0,0.442194
0,0.03044
0,0.160589
0,0.038813
0,0.934655
0,0.008791
0,0.975696
0,0.52935
0,0.897899
0,0.345237
0,0.041412
0,0.19602
0,0.310988
0,0.612912
0,0.603056
0,0.019429
0,0.091754
0,0.870683
0,0.00909
0,0.172627
0,0.694429
0,0.633335
0,0.082603
0,0.17866
0,0.289089
0,0.164144
0,0.568715
0,0.034081
0,0.290018
0,0.914074
0,0.337175
0,0.085675
0,0.83668
0,0.648849
0,0.245242
0,0.171115
0,0.890383
0,0.763838
0,0.674207
0,0.53798
0,0.026204
0,0.518431
0,0.722194
0,0.582822
0,0.074573
0,0.943557
0,0.174304
0,0.843876
0,0.275249
0,0.324798
0,0.087262
0,0.966945
0,0.129603
0,0.330842
0,0.403834
0,0.094804
0,0.708104
0,0.044218
0,0.688618
0,0.674161
0,0.377596
0,0.544662
0,0.195525
0,0.019986
0,0.1503
0,0.742069
0,0.309598
0,0.197877
0,0.355203
0,0.327894
0,0.795285
0,0.010901
0,0.692809
0,0.921757
0,0.33133
0,0.953067
0,0.272087
0,0.573378
0,0.632235
0,0.943734
0,0.096839
0,0.873168
0,0.093493
0,0.225762
0,0.09373
0,0.037043
0,0.92363
0,0.697343
0,0.222341
0,0.556663
0,0.887924
0,0.524911
0,0.224056
0,0.831239
0,0.203544
0,0.247617
0,0.498984
0,0.435764
0,0.400899
0,0.598841
0,0.406937
0,0.821163
0,0.618941
0,0.610298
0,0.117568
0,0.042579
0,0.581749
0,0.987003
0,0.716933
0,0.273263
0,0.008008
0,0.278441
0,0.419997
0,0.493539
0,0.525587
0,0.010277
0,0.834241
0,0.17903
0,0.221296
0,0.544757
0,0.22437
0,0.981704
0,0.652588
0,0.350447
0,0.223731
0,0.898986
0,0.117992
0,0.788989
0,0.548425
0,0.737573
0,0.982076
0,0.341445
0,0.175095
0,0.908045
0,0.410699
0,0.535028
0,0.595463
0,0.368333
0,0.520384
0,0.114546
0,0.646882
0,0.460019
0,0.366401
0,0.069512
0,0.652828
0,0.848783
0,0.035944
0,0.324593
0,0.63552
0,0.704175
0,0.672792
0,0.817025
0,0.294625
0,0.18188
0,0.946738
0,0.144787
0,0.709591
0,0.427531
0,0.868346
0,0.700513
0,0.81911
0,0.225513
0,0.691772
0,0.524406
0,0.447388
0,0.337283
0,0.277449
0,0.304592
0,0.085672
0,0.410173
0,0.563437
0,0.196013
0,0.751839
0,0.482995
0,0.812028
0,0.119559
0,0.683847
0,0.010218
0,0.605726
0,0.433632
0,0.122366
0,0.704159
0,0.798791
0,0.352259
0,0.236789
0,0.835556
0,0.415397
0,0.012146
0,0.335641
0,0.361814
0,0.279978
0,0.319578
0,0.257534
0,0.910334
0,0.2059
0,0.165157
0,0.035952
0,0.151256
0,0.372379
0,0.864039
0,0.116192
0,0.964405
0,0.595016
0,0.737923
0,0.123641
0,0.982695
0,0.464639
0,0.122307
0,0.096071
0,0.057838
0,0.076572
0,0.71248
0,0.382065
0,0.356359
0,0.301146
0,0.302687
0,0.825662
0,0.730181
0,0.097945
0,0.727996
0,0.82272
0,0.815041
0,0.048393
0,0.433104
0,0.692339
0,0.343955
0,0.07242
0,0.079271
0,0.516657
0,0.659602
0,0.291029
0,0.003558
0,0.93201
0,0.893557
0,0.252779
0,0.253486
0,0.110455
0,0.954164
0,0.805792
0,0.870946
0,0.345137
0,0.471235
0,0.013658
0,0.701418
0,0.975191
0,0.827079
0,0.061941
0,0.141286
0,0.85148
0,0.091976
0,0.445385
0,0.819662
0,0.992903
0,0.131486
0,0.004191
0,0.718844
0,0.580834
0,0.139886
0,0.789807
0,0.399951
0,0.398436
0,0.464595
0,0.73956
0,0.206087
0,0.13216
0,0.468826
0,0.071636
0,0.954408
0,0.223036
0,0.204508
0,0.58035
0,0.190415
0,0.882093
0,0.79792
0,0.021368
0,0.767213
0,0.636148
0,0.22324
0,0.806042
0,0.252649
0,0.914661
0,0.104684
0,0.414813
0,0.506791
0,0.581386
0,0.122625
0,0.881617
0,0.423899
0,0.078144
0,0.21712
0,0.458235
0,0.204964
0,0.404538
0,0.133777
0,0.989454
0,0.073688
0,0.080494
0,0.575765
0,0.191122
0,0.444714
0,0.139265
0,0.670499
0,0.600567
0,0.074277
0,0.852186
0,0.495907
0,0.032523
0,0.119595
0,0.290144
0,0.359475
0,0.319956
0,0.837393
0,0.541232
0,0.097875
0,0.90492
0,0.015375
0,0.042088
0,0.653564
0,0.754423
0,0.04826
0,0.386602
0,0.611224
0,0.544499
0,0.232303
0,0.626842
0,0.047511
0,0.568581
0,0.608224
0,0.096022
0,0.077403
0,0.276197
0,0.449992
0,0.242541
0,0.06869
0,0.162118
0,0.857629
0,0.197119
0,0.248161
0,0.802421
0,0.863643
0,0.929916
0,0.011852
0,0.807908
0,0.461967
0,0.334687
0,0.450764
0,0.662345
0,0.296166
0,0.391155
0,0.801389
0,0.592915
0,0.080525
0,0.736258
0,0.76425
0,0.87351
0,0.739836
0,0.100481
0,0.925888
0,0.474072
0,0.920627
0,0.798441
0,0.194729
0,0.641096
0,0.445178
0,0.063128
0,0.644808
0,0.592614
0,0.322928
0,0.570905
0,0.605111
0,0.117562
0,0.093995
0,0.747165
0,0.006637
0,0.629549
0,0.627251
0,0.448676
0,0.588059
0,0.170352
0,0.235693
0,0.657429
0,0.001798
0,0.94808
0,0.422529
0,0.79899
0,0.10454
0,0.2847
0,0.786292
0,0.768246
0,0.677056
0,0.693759
0,0.585565
0,0.151857
0,0.85956
0,0.32893
0,0.027562
0,0.58134
0,0.001792
0,0.852081
0,0.282371
0,0.607398
0,0.009386
0,0.650802
0,0.906036
0,0.834404
0,0.712159
0,0.493946
0,0.309447
0,0.041569
0,0.680845
0,0.042588
0,0.6281
0,0.08996
0,0.481541
0,0.699482
0,0.093561
0,0.873906
0,0.77959
0,0.94711
0,0.343475
0,0.868434
0,0.525005
0,0.173902
0,0.684442
0,0.928976
0,0.416952
0,0.609221
0,0.07002
0,0.334636
0,0.493759
0,0.867708
0,0.3318
0,0.914283
0,0.7896
0,0.665447
0,0.07892
0,0.119655
0,0.44354
0,0.021307
0,0.967747
0,0.427721
0,0.223354
0,0.79926
0,0.66676
0,0.520397
0,0.074921
0,0.199914
0,0.381856
0,0.274564
0,0.307924
0,0.041118
0,0.687047
0,0.102253
0,0.028152
0,0.226518
0,0.485554
0,0.492896
0,0.119472
0,0.984612
0,0.038423
0,0.120301
0,0.87573
0,0.528262
0,0.132646
0,0.835571
0,0.62967
0,0.788782
0,0.739239
0,0.544357
0,0.425951
0,0.257933
0,0.067008
0,0.643207
0,0.147046
0,0.83353
0,0.669866
0,0.672316
0,0.494318
0,0.22588
0,0.990472
0,0.809276
0,0.763525
0,0.642339
0,0.158081
0,0.988461
0,0.475369
0,0.970128
0,0.220175
0,0.013271
0,0.0487
0,0.792035
0,0.223104
0,0.263138
0,0.803172
0,0.302765
0,0.330433
0,0.163289
0,0.963059
0,0.716484
0,0.130789
0,0.83348
0,0.635291
0,0.538064
0,0.255607
0,0.175194
0,0.808424
0,0.471463
0,0.658187
0,0.875349
0,0.771173
0,0.046561
0,0.560248
0,0.536782
0,0.378034
0,0.307103
0,0.28359
0,0.440335
0,0.276989
0,0.910539
0,0.710559
0,0.484524
0,0.08644
0,0.534838
0,0.28099
0,0.885474
0,0.022625
0,0.065868
0,0.305318
0,0.845446
0,0.626284
0,0.592957
0,0.473656
0,0.159914
0,0.596559
0,0.620779
0,0.064465
0,0.607819
0,0.714105
0,0.680152
0,0.477221
0,0.928239
0,0.587143
0,0.952163
0,0.232605
0,0.368858
0,0.891942
0,0.130239
0,0.232192
0,0.988322
0,0.963166
0,0.472096
0,0.049722
0,0.494764
0,0.281279
0,0.791696
0,0.685441
0,0.570174
0,0.433765
0,0.946242
0,0.787206
0,0.13344
0,0.856322
0,0.975539
0,0.958257
0,0.277465
0,0.580603
0,0.918524
0,0.716877
0,0.86631
0,0.717209
0,0.342799
0,0.057863
0,0.536122
0,0.998072
0,0.491922
0,0.135968
0,0.150452
0,0.149575
0,0.870728
0,0.133725
0,0.243729
0,0.323856
0,0.737981
0,0.061935
0,0.329566
0,0.311705
0,0.406611
0,0.059951
0,0.844003
0,0.173412
0,0.176842
0,0.000692
0,0.293221
0,0.024302
0,0.071812
0,0.10382
0,0.444584
0,0.915169
0,0.319787
0,0.033775
0,0.920876
0,0.502637
0,0.71891
0,0.270053
0,0.561074
0,0.421254
0,0.845314
0,0.94209
0,0.547625
0,0.572444
0,0.783294
0,0.117764
0,0.422118
0,0.336485
0,0.084379
0,0.052272
0,0.003383
0,0.068265
0,0.661152
0,0.927021
0,0.993217
0,0.995145
0,0.640027
0,0.307518
0,0.016922
0,0.366618
0,0.139534
0,0.661186
0,0.121485
0,0.07289
0,0.194992
0,0.49794
0,0.307598
0,0.7987
0,0.504874
0,0.268215
0,0.816604
0,0.517589
0,0.711271
0,0.097726
0,0.473646
0,0.851327
0,0.235296
0,0.774029
0,0.914198
0,0.855521
0,0.961717
0,0.484666
0,0.924021
0,0.208435
0,0.863495
0,0.620244
0,0.676776
0,0.228736
0,0.590712
0,0.71278
0,0.932358
0,0.934878
0,0.324379
0,0.447393
0,0.180089
0,0.023299
0,0.329689
0,0.136113
0,0.421997
0,0.171993
0,0.610181
0,0.191766
0,0.170067
0,0.261535
0,0.41073
0,0.724096
0,0.290615
0,0.709456
0,0.833855
0,0.727634
0,0.140254
0,0.430217
0,0.149992
0,0.219558
0,0.033363
0,0.156849
0,0.744863
0,0.458962
0,0.669576
0,0.656675
0,0.723425
0,0.958994
0,0.42458
0,0.257294
0,0.208414
0,0.972948
0,0.320189
0,0.308548
0,0.115863
0,0.460243
0,0.823321
0,0.222211
0,0.989067
0,0.596266
0,0.049304
0,0.389009
0,0.50331
0,0.029267
0,0.108322
0,0.429137
0,0.971151
0,0.799274
0,0.553675
0,0.786274
0,0.323055
0,0.853639
0,0.500207
0,0.310865
0,0.775842
0,0.926175
0,0.199388
0,0.335924
0,0.463316
0,0.503903
0,0.896973
0,0.218718
0,0.155307
0,0.887219
0,0.396181
0,0.625582
0,0.283575
0,0.838438
0,0.181126
0,0.436319
0,0.942451
0,0.650896
0,0.247199
0,0.345134
0,0.253063
0,0.015226
0,0.996574
0,0.986634
0,0.9697
0,0.575364
0,0.99601
0,0.145387
0,0.368414
0,0.039665
0,0.649906
0,0.222054
0,0.607713
0,0.67086
0,0.147198
0,0.168051
0,0.366582
0,0.306698
0,0.022333
0,0.265888
0,0.992748
0,0.065464
0,0.155122
0,0.295088
0,0.033698
0,0.849472
0,0.428258
0,0.56999
0,0.090287
0,0.08786
0,0.874962
0,0.457692
0,0.008897
0,0.185852
0,0.04426
0,0.981226
0,0.256774
0,0.839215
0,0.031716
0,0.271649
0,0.611496
0,0.191507
0,0.78764
0,0.716615
0,0.761514
0,0.967357
0,0.166958
0,0.029876
0,0.4079
0,0.376703
0,0.463974
0,0.389883
0,0.867838
0,0.540096
0,0.607994
0,0.511255
0,0.298452
0,0.09945
0,0.791314
0,0.140298
0,0.019361
0,0.973621
0,0.037803
0,0.621819
0,0.743766
0,0.88981
0,0.249861
0,0.491315
0,0.395198
0,0.92112
0,0.335747
0,0.517407
0,0.127086
0,0.550423
0,0.364614
0,0.055638
0,0.524229
0,0.132119
0,0.494531
0,0.622851
0,0.903292
0,0.872567
0,0.790792
0,0.54375
0,0.031632
0,0.981662
0,0.839554
0,0.651815
0,0.223601
0,0.01459
0,0.766924
0,0.586339
0,0.366885
0,0.009739
0,0.298859
0,0.891444
0,0.011405
0,0.223025
0,0.788169
0,0.816386
0,0.651675
0,0.039595
0,0.997235
0,0.082254
0,0.729195
0,0.943346
0,0.863691
0,0.732154
0,0.570667
0,0.334924
0,0.232873
0,0.005604
0,0.702947
0,0.07927
0,0.084074
0,0.652225
0,0.960231
0,0.892456
0,0.805844
0,0.705848
0,0.098662
0,0.740837
0,0.076501
0,0.843464
0,0.103301
0,0.636658
0,0.690229
0,0.764387
0,0.814311
0,0.099195
0,0.043569
0,0.692105
0,0.884751
0,0.019637
0,0.939115
0,0.144335
0,0.291429
0,0.465619
0,0.102553
0,0.909643
0,0.572255
0,0.219086
0,0.861639
0,0.642664
0,0.757126
0,0.703174
0,0.622209
0,0.749898
0,0.485192
0,0.663904
0,0.99011
0,0.094662
0,0.224614
0,0.537447
0,0.544322
0,0.013196
0,0.286775
0,0.32476
0,0.225436
0,0.879867
0,0.762807
0,0.782997
0,0.179916
0,0.311519
0,0.051016
0,0.635675
0,0.995975
0,0.646643
0,0.059064
0,0.829071
0,0.1244
0,0.363466
0,0.002753
0,0.9581
0,0.875272
0,0.53525
0,0.189533
0,0.929266
0,0.157161
0,0.849371
0,0.143465
0,0.903155
0,0.679497
0,0.462809
0,0.610273
0,0.066353
0,0.02213
0,0.760261
0,0.143163
0,0.000495
0,0.938896
0,0.940095
0,0.96428
0,0.113931
0,0.388583
0,0.873628
0,0.505429
0,0.06996
0,0.191552
0,0.564285
0,0.828195
0,0.85663
0,0.362948
0,0.432258
0,0.649711
0,0.710091
0,0.425325
0,0.821138
0,0.043486
0,0.439031
0,0.771894
0,0.798772
0,0.499612
0,0.763051
0,0.289347
0,0.827627
0,0.292776
0,0.094809
0,0.395762
0,0.338344
0,0.525978
0,0.579258
0,0.479522
0,0.03938
0,0.718508
0,0.723169
0,0.848191
0,0.404078
0,0.607686
0,0.496079
0,0.90484
0,0.086866
0,0.169131
0,0.566248
0,0.198909
0,0.16868
0,0.812991
0,0.774617
0,0.249661
0,0.854695
0,0.573801
0,0.044372
0,0.704593
0,0.156775
0,0.298807
0,0.206002
0,0.655075
0,0.667506
0,0.996558
0,0.301035
0,0.357617
0,0.142076
0,0.292636
0,0.025695
0,0.240303
0,0.288451
0,0.212381
0,0.070799
0,0.077974
0,0.248867
0,0.529796
0,0.144013
0,0.109324
0,0.444497
0,0.712945
0,0.022979
0,0.429526
0,0.225395
0,0.464247
0,0.751334
0,0.702954
0,0.883307
0,0.077075
0,0.532523
0,0.007018
0,0.652501
0,0.47227
