is_member,score
1,0.391132
1,0.763989
1,0.327581
1,0.354376
1,0.49801
1,0.61949
1,0.097525
1,0.591829
1,0.441687
1,0.330422
1,0.576685
1,0.482235
1,0.384009
1,0.595253
1,0.511093
1,0.699151
1,0.52447
1,0.814175
1,0.756622
1,0.398478
1,0.657307
1,0.25915
1,0.559926
1,0.535495
1,0.484608
1,0.569885
1,0.547988
1,0.700269
1,0.465979
1,0.896989
1,0.864724
1,0.346323
1,0.82561
1,0.382531
1,0.470711
1,0.421084
1,0.540906
1,0.399279
1,0.709524
1,0.231491
1,0.684098
1,0.476452
1,0.108443
1,0.467629
1,0.561544
1,0.227502
1,0.787332
1,0.738477
1,0.35376
1,0.315877
1,0.431257
1,0.567886
1,0.738901
1,0.530808
1,0.437373
1,0.691183
1,0.617363
1,0.761651
1,0.55999
1,0.740179
1,0.27542
1,0.691195
1,0.705485
1,0.767023
1,0.489239
1,0.487354
1,0.535892
1,0.400593
1,0.659911
1,0.700428
1,0.468084
1,0.443032
1,0.647811
1,0.222011
1,0.480745
1,0.530831
1,0.330162
1,0.772262
1,0.61206
1,0.863533
1,0.796559
1,0.295962
1,0.575519
1,0.310604
1,0.439104
1,0.384204
1,0.389053
1,0.697001
1,0.317138
1,0.817791
1,0.534121
1,0.261905
1,0.569871
1,0.417825
1,0.585405
1,0.352284
1,0.336025
1,0.184558
1,0.587131
1,0.335145
1,0.384131
1,0.265787
1,0.171993
1,0.641404
1,0.532944
1,0.602778
1,0.336842
1,0.601987
1,0.389376
1,0.394989
1,0.574123
1,0.403176
1,0.407724
1,0.510375
1,0.54502
1,0.558736
1,0.706209
1,0.673236
1,0.526741
1,0.213718
1,0.429582
1,0.544991
1,0.644722
1,0.57812
1,0.390807
1,0.554069
1,0.483049
1,0.352596
1,0.695142
1,0.43443
1,0.360159
1,0.658489
1,0.712338
1,0.836953
1,0.388054
1,0.259645
1,0.540774
1,0.28269
1,0.728997
1,0.484359
1,0.552321
1,0.635957
1,0.233297
1,0.429741
1,0.813533
1,0.506528
1,0.354182
1,0.545025
1,0.609438
1,0.337688
1,0.849874
1,0.399296
1,0.228976
1,0.49951
1,0.618167
1,0.276958
1,0.549345
1,0.446245
1,0.415755
1,0.510176
1,0.633754
1,0.575565
1,0.521622
1,0.529371
1,0.553174
1,0.615007
1,0.572129
1,0.427579
1,0.758273
1,0.732892
1,0.592723
1,0.46995
1,0.959956
1,0.400394
1,0.510482
1,0.65401
1,0.60476
1,0.717197
1,0.457771
1,0.372249
1,0.244502
1,0.457679
1,0.74879
1,0.575929
1,0.58363
1,0.867329
1,0.354869
1,0.166453
1,0.383437
1,0.529781
1,0.377527
1,0.503351
1,0.555765
1,0.519752
1,0.471172
1,0.474477
1,0.685591
1,0.4883
1,0.841121
1,0.50496
1,0.460698
1,0.390824
1,0.491184
1,0.399657
1,0.345193
1,0.462072
1,0.798022
1,0.593905
1,0.494805
1,0.563618
1,0.405725
1,0.290068
1,0.347836
1,0.326974
1,0.80042
1,0.690524
1,0.27521
1,0.707734
1,0.211711
1,0.44985
1,0.542034
1,0.195286
1,0.686029
1,0.71737
1,0.517533
1,0.390085
1,0.601164
1,0.572645
1,0.784358
1,0.711362
1,0.574583
1,0.535167
1,0.345162
1,0.508494
1,0.3901
1,0.743577
1,0.631626
1,0.658616
1,0.512497
1,0.481611
1,0.352527
1,0.861386
1,0.321631
1,0.623394
1,0.254273
1,0.872201
1,0.38747
1,0.379983
1,0.44491
1,0.460389
1,0.708674
1,0.250253
1,0.460965
1,0.654356
1,0.462716
1,0.492974
1,0.610895
1,0.425865
1,0.563121
1,0.806407
1,0.277919
1,0.499295
1,0.622071
1,0.219096
1,0.71782
1,0.547627
1,0.795711
1,0.605507
1,0.477014
1,0.337723
1,0.764771
1,0.598187
1,0.439209
1,0.659156
1,0.546294
1,0.418716
1,0.70353
1,0.615384
1,0.791257
1,0.322241
1,0.517188
1,0.800802
1,0.437105
1,0.628024
1,0.452091
1,0.577652
1,0.547073
1,0.671643
1,0.706476
1,0.599587
1,0.61992
1,0.671144
1,0.719058
1,0.34196
1,0.28802
1,0.524812
1,0.360465
1,0.676416
1,0.500567
1,0.337523
1,0.528272
1,0.466255
1,0.408134
1,0.658145
1,0.523116
1,0.229654
1,0.582911
1,0.351003
1,0.643922
1,0.347536
1,0.299093
1,0.563739
1,0.486114
1,0.512826
1,0.777191
1,0.541557
1,0.565274
1,0.587174
1,0.635124
1,0.505218
1,0.701017
1,0.559188
1,0.311647
1,0.486586
1,0.877835
1,0.631578
1,0.409856
1,0.681018
1,0.650034
1,0.210597
1,0.59401
1,0.37398
1,0.321516
1,0.580604
1,0.859197
1,0.491021
1,0.668956
1,0.595472
1,0.73052
1,0.215036
1,0.770407
1,0.156178
1,0.459946
1,0.240608
1,0.222172
1,0.69234
1,0.357068
1,0.601593
1,0.611554
1,0.327512
1,0.335166
1,0.763996
1,0.319762
1,0.340368
1,0.683473
1,0.591296
1,0.724274
1,0.434119
1,0.238125
1,0.550626
1,0.33236
1,0.329821
1,0.350109
1,0.604121
1,0.593779
1,0.49784
1,0.726346
1,0.338159
1,0.479346
1,0.380087
1,0.831973
1,0.560833
1,0.590759
1,0.529224
1,0.647208
1,0.571397
1,0.669296
1,0.301425
1,0.208605
1,0.752132
1,0.527439
1,0.392473
1,0.6285
1,0.283908
1,0.68347
1,0.51818
1,0.354172
1,0.536838
1,0.343844
1,0.538814
1,0.369632
1,0.709549
1,0.528195
1,0.581864
1,0.464949
1,0.318071
1,0.50367
1,0.460055
1,0.196141
1,0.413082
1,0.486241
1,0.405669
1,0.787367
1,0.445461
1,0.453116
1,0.784693
1,0.435905
1,0.644924
1,0.392171
1,0.480034
1,0.683247
1,0.544983
1,0.509887
1,0.14084
1,0.275919
1,0.314518
1,0.362105
1,0.380338
1,0.679461
1,0.922195
1,0.473365
1,0.71131
1,0.462065
1,0.660641
1,0.721804
1,0.465024
1,0.472197
1,0.470676
1,0.151687
1,0.259853
1,0.586193
1,0.607786
1,0.706761
1,0.54553
1,0.49084
1,0.764168
1,0.622627
1,0.120481
1,0.489682
1,0.343931
1,0.458851
1,0.137164
1,0.606233
1,0.513775
1,0.477227
1,0.371008
1,0.68679
1,0.470532
1,0.409945
1,0.61785
1,0.357902
1,0.447591
1,0.532343
1,0.572161
1,0.748471
1,0.624381
1,0.300503
1,0.501747
1,0.305669
1,0.362222
1,0.266145
1,0.480601
1,0.297679
1,0.61403
1,0.604567
1,0.486451
1,0.55937
1,0.393581
1,0.404515
1,0.476281
1,0.443509
1,0.509084
1,0.40925
1,0.733334
1,0.435745
1,0.673708
1,0.568495
1,0.726058
1,0.498688
1,0.600813
1,0.907641
1,0.691354
1,0.665113
1,0.571523
1,0.625992
1,0.517848
1,0.534312
1,0.933713
1,0.429238
1,0.605467
1,0.662368
1,0.42025
1,0.343354
1,0.569651
1,0.721265
1,0.827422
1,0.320185
1,0.517315
1,0.573902
1,0.760065
1,0.672381
1,0.732072
1,0.885514
1,0.49527
1,0.499864
1,0.320069
1,0.305314
1,0.380752
1,0.436259
1,0.696406
1,0.829771
1,0.460457
1,0.831839
1,0.604073
1,0.384368
1,0.594208
1,0.620158
1,0.546871
1,0.598804
1,0.633835
1,0.424159
1,0.236825
1,0.586543
1,0.173473
1,0.328098
1,0.443793
1,0.822586
1,0.739994
1,0.74947
1,0.616553
1,0.628401
1,0.443481
1,0.586118
1,0.340481
1,0.672019
1,0.344307
1,0.422855
1,0.757416
1,0.466347
1,0.511905
1,0.448
1,0.257337
1,0.501338
1,0.473918
1,0.291354
1,0.292632
1,0.511246
1,0.16948
1,0.550262
1,0.432675
1,0.522769
1,0.646651
1,0.46231
1,0.429845
1,0.37806
1,0.38485
1,0.761741
1,0.506451
1,0.293941
1,0.437499
1,0.52557
1,0.644971
1,0.549496
1,0.523217
1,0.617617
1,0.345028
1,0.38063
1,0.574311
1,0.300585
1,0.41803
1,0.703221
1,0.443718
1,0.286685
1,0.590965
1,0.587369
1,0.291079
1,0.18429
1,0.695764
1,0.289377
1,0.494948
1,0.642283
1,0.500882
1,0.305003
1,0.647215
1,0.413666
1,0.755745
1,0.725868
1,0.657279
1,0.21798
1,0.375306
1,0.413648
1,0.401324
1,0.634993
1,0.476418
1,0.558959
1,0.426352
1,0.536501
1,0.337653
1,0.347155
1,0.775842
1,0.335076
1,0.588198
1,0.708594
1,0.692421
1,0.300617
1,0.699849
1,0.583543
1,0.655994
1,0.366432
1,0.44133
1,0.613013
1,0.531095
1,0.651763
1,0.553138
1,0.547705
1,0.734739
1,0.615112
1,0.472894
1,0.227296
1,0.691468
1,0.355331
1,0.490743
1,0.297879
1,0.344475
1,0.648651
1,0.450515
1,0.682972
1,0.606885
1,0.500767
1,0.58086
1,0.704241
1,0.529853
1,0.159301
1,0.423781
1,0.20626
1,0.570438
1,0.724157
1,0.479856
1,0.131662
1,0.653308
1,0.416548
1,0.514422
1,0.543338
1,0.686193
1,0.527482
1,0.485998
1,0.423251
1,0.580607
1,0.146974
1,0.08761
1,0.400929
1,0.527685
1,0.366986
1,0.19504
1,0.390775
1,0.626303
1,0.767651
1,0.410774
1,0.701588
1,0.270378
1,0.497397
1,0.404034
1,0.699766
1,0.263464
1,0.493528
1,0.31476
1,0.477446
1,0.634293
1,0.53306
1,0.643181
1,0.745963
1,0.230605
1,0.495436
1,0.55715
1,0.362591
1,0.557928
1,0.390084
1,0.572981
1,0.519927
1,0.51391
1,0.501256
1,0.645543
1,0.819518
1,0.697944
1,0.287747
1,0.157332
1,0.189814
1,0.385175
1,0.470222
1,0.202792
1,0.310353
1,0.649032
1,0.722701
1,0.31446
1,0.571245
1,0.652318
1,0.627502
1,0.745057
1,0.326991
1,0.548863
1,0.352136
1,0.277396
1,0.838528
1,0.480221
1,0.85423
1,0.670819
1,0.340688
1,0.240294
1,0.370717
1,0.513299
1,0.770874
1,0.538684
1,0.615871
1,0.317279
1,0.334523
1,0.712479
1,0.923316
1,0.611849
1,0.56801
1,0.363021
1,0.796184
1,0.759088
1,0.486579
1,0.59274
1,0.401532
1,0.397725
1,0.381145
1,0.456748
1,0.641235
1,0.752394
1,0.76302
1,0.898919
1,0.302692
1,0.397539
1,0.616297
1,0.528166
1,0.292338
1,0.224998
1,0.454536
1,0.797534
1,0.762866
1,0.426549
1,0.582956
1,0.229602
1,0.297203
1,0.588302
1,0.275782
1,0.408556
1,0.69599
1,0.686239
1,0.477755
1,0.532122
1,0.506469
1,0.377209
1,0.467444
1,0.473345
1,0.383453
1,0.50619
1,0.539411
1,0.342828
1,0.501368
1,0.542787
1,0.568305
1,0.466723
1,0.401349
1,0.506191
1,0.472631
1,0.343791
1,0.551505
1,0.26419
1,0.747545
1,0.396632
1,0.578397
1,0.417375
1,0.410749
1,0.350664
1,0.318846
1,0.297362
1,0.738193
1,0.319115
1,0.253593
1,0.617555
1,0.453428
1,0.811417
1,0.37656
1,0.635606
1,0.574399
1,0.367757
1,0.242741
1,0.284823
1,0.386493
1,0.531948
1,0.357538
1,0.294365
1,0.496688
1,0.348673
1,0.701912
1,0.560667
1,0.280448
1,0.33084
1,0.526911
1,0.303704
1,0.53766
1,0.521233
1,0.595753
1,0.530458
1,0.588911
1,0.41111
1,0.46836
1,0.55442
1,0.560665
1,0.342188
1,0.642981
1,0.649226
1,0.396061
1,0.541728
1,0.549146
1,0.399653
1,0.520965
1,0.323411
1,0.599915
1,0.285293
1,0.480332
1,0.472843
1,0.546731
1,0.300953
1,0.686201
1,0.466879
1,0.756707
1,0.579662
1,0.486096
1,0.607617
1,0.277889
1,0.338038
1,0.680542
1,0.654663
1,0.522997
1,0.314192
1,0.461493
1,0.491204
1,0.720806
1,0.26245
1,0.363939
1,0.473583
1,0.225637
1,0.747787
1,0.710617
1,0.502663
1,0.527287
1,0.69585
1,0.646268
1,0.179787
1,0.409115
1,0.626189
1,0.653736
1,0.266769
1,0.488937
1,0.464368
1,0.584094
1,0.715126
1,0.27282
1,0.538606
1,0.489204
1,0.673963
1,0.632592
1,0.479302
1,0.411119
1,0.248959
1,0.502202
1,0.785654
1,0.582572
1,0.491288
1,0.463558
1,0.338642
1,0.661575
1,0.320119
1,0.414378
1,0.356021
1,0.250773
1,0.33818
1,0.161278
1,0.355477
1,0.425211
1,0.274933
1,0.447531
1,0.772762
1,0.404164
1,0.498435
1,0.028013
1,0.690813
1,0.499311
1,0.142652
1,0.448166
1,0.561727
1,0.499448
1,0.515585
1,0.566494
1,0.136645
1,0.537438
1,0.387991
1,0.437755
1,0.656694
1,0.352862
1,0.58519
1,0.557059
1,0.557638
1,0.660785
1,0.494903
1,0.44076
1,0.647719
1,0.648695
1,0.855979
1,0.693224
1,0.490508
1,0.436552
1,0.424553
1,0.454313
1,0.290069
1,0.367492
1,0.494081
1,0.448225
1,0.235312
1,0.333577
1,0.537384
1,0.784826
1,0.294479
1,0.568259
1,0.129546
1,0.638103
1,0.664493
1,0.764174
1,0.478971
1,0.54929
1,0.72114
1,0.284446
1,0.611079
1,0.418043
1,0.436474
1,0.299282
1,0.315729
1,0.452149
1,0.147464
1,0.543468
1,0.301417
1,0.597531
1,0.544471
1,0.625535
1,0.328021
1,0.866104
1,0.593366
1,0.51242
1,0.779569
1,0.733174
1,0.321768
1,0.417623
1,0.700555
1,0.426
1,0.716207
1,0.686955
1,0.691269
1,0.723896
1,0.682481
1,0.680214
1,0.540129
1,0.460336
1,0.507277
1,0.747446
1,0.485454
1,0.599029
1,0.658217
1,0.52041
1,0.454695
1,0.198764
1,0.948296
1,0.38605
1,0.433527
1,0.304889
1,0.564804
1,0.795484
1,0.630467
1,0.396648
1,0.519519
1,0.373489
1,0.336502
1,0.54646
1,0.541732
1,0.890059
1,0.384235
1,0.695214
1,0.355911
1,0.872034
1,0.373771
1,0.651169
1,0.455273
1,0.766747
1,0.85055
1,0.516238
1,0.465486
1,0.087448
1,0.652209
1,0.475647
1,0.390263
1,0.561514
1,0.398368
1,0.141181
1,0.757849
1,0.627987
1,0.732287
1,0.624937
1,0.31228
1,0.448576
1,0.699365
1,0.510031
1,0.388451
1,0.665972
1,0.845332
1,0.571151
1,0.339108
1,0.317641
1,0.689386
1,0.425722
1,0.686369
1,0.61996
1,0.586206
1,0.646297
1,0.384096
1,0.210019
1,0.355995
1,0.375947
1,0.385333
1,0.618731
1,0.281386
1,0.572402
1,0.183314
1,0.797649
1,0.370857
1,0.63108
1,0.601914
1,0.62787
1,0.306737
1,0.553736
1,0.357825
1,0.452709
1,0.279076
1,0.2674
1,0.561853
1,0.539414
1,0.253049
1,0.539707
1,0.578586
1,0.602093
1,0.730838
1,0.436441
1,0.566232
1,0.699824
1,0.647133
1,0.321278
1,0.418385
1,0.513565
1,0.434337
1,0.281039
1,0.672122
1,0.395951
1,0.607267
1,0.285488
1,0.526413
1,0.807583
1,0.59528
1,0.574694
1,0.406077
1,0.214166
1,0.355829
1,0.586086
1,0.727343
1,0.673121
1,0.551783
1,0.551569
1,0.476893
1,0.417713
1,0.549007
1,0.662525
1,0.624986
1,0.454473
1,0.427669
1,0.341897
1,0.457103
1,0.273973
1,0.636599
1,0.603717
1,0.544395
1,0.652636
1,0.477481
1,0.371912
1,0.660761
1,0.677565
1,0.202553
1,0.48938
1,0.411019
1,0.496353
1,0.718394
1,0.802883
1,0.687066
1,0.775004
1,0.620975
1,0.182557
1,0.639065
1,0.866316
1,0.433702
1,0.699759
1,0.59597
1,0.236483
1,0.545622
1,0.473908
1,0.297694
1,0.866984
1,0.647702
1,0.408128
1,0.667556
1,0.3985
1,0.646777
1,0.537206
1,0.420234
1,0.239614
1,0.300145
1,0.657199
1,0.498024
1,0.659873
1,0.744442
1,0.475227
1,0.382121
1,0.382555
1,0.575499
1,0.250238
1,0.44399
1,0.426245
1,0.351969
1,0.22526
1,0.594334
1,0.55585
1,0.645317
1,0.732449
1,0.72726
1,0.254432
1,0.233313
1,0.637218
1,0.289536
1,0.670995
1,0.327781
1,0.524984
1,0.425297
1,0.509173
1,0.198142
1,0.676396
1,0.496873
1,0.454372
1,0.450264
1,0.686117
1,0.393271
1,0.42664
1,0.399424
1,0.622323
1,0.447825
1,0.691713
1,0.312128
1,0.586743
1,0.592236
1,0.521292
1,0.720258
1,0.343093
1,0.775626
1,0.594111
1,0.64294
1,0.320517
1,0.630407
1,0.736709
1,0.349487
1,0.519004
1,0.181279
1,0.572611
1,0.468397
1,0.658985
1,0.631484
1,0.604193
1,0.4645
1,0.578891
1,0.662696
1,0.484336
1,0.824527
1,0.579529
1,0.631163
1,0.780108
1,0.620933
1,0.295556
1,0.629789
1,0.213224
1,0.383898
1,0.372534
1,0.774386
1,0.736304
1,0.643197
1,0.213103
1,0.736092
1,0.419914
1,0.636422
1,0.503465
1,0.397295
1,0.442914
1,0.194716
1,0.297913
1,0.442777
1,0.188287
1,0.463983
1,0.510214
1,0.256681
1,0.579182
1,0.50026
1,0.656662
1,0.358836
1,0.453656
1,0.209732
1,0.614997
1,0.162791
1,0.915629
1,0.428487
1,0.460412
1,0.552721
1,0.570106
1,0.749846
1,0.339874
1,0.16986
1,0.754215
1,0.644697
1,0.452669
1,0.591118
1,0.225511
1,0.625579
1,0.580558
1,0.268411
1,0.450961
1,0.333123
1,0.373733
1,0.525167
1,0.480902
1,0.355972
1,0.428464
1,0.27935
1,0.575886
1,0.389765
1,0.511359
1,0.589066
1,0.408819
1,0.416977
1,0.487788
1,0.382754
1,0.31628
1,0.570855
1,0.688486
1,0.693163
1,0.443217
1,0.355021
1,0.317041
1,0.399066
1,0.312667
1,0.249215
1,0.607365
1,0.550744
1,0.537058
1,0.363943
1,0.459867
1,0.190757
1,0.534395
1,0.356058
1,0.469714
1,0.588832
1,0.552949
1,0.666655
1,0.486131
1,0.678924
1,0.380891
1,0.502651
1,0.585948
1,0.664934
1,0.259231
1,0.568344
1,0.325423
1,0.525847
1,0.833191
1,0.409887
1,0.394588
1,0.865757
1,0.236788
1,0.251379
1,0.539857
1,0.340709
1,0.31421
1,0.593871
1,0.408818
1,0.417625
1,0.471533
1,0.785791
1,0.782858
1,0.383737
1,0.320605
1,0.416171
1,0.808993
1,0.593801
1,0.456267
1,0.649046
1,0.454552
1,0.132906
1,0.546986
1,0.779829
1,0.596339
1,0.382708
1,0.650447
1,0.594873
1,0.622927
1,0.344671
1,0.654607
1,0.529002
1,0.731477
1,0.717463
1,0.37013
1,0.539295
1,0.558761
1,0.758511
1,0.30825
1,0.31466
1,0.653585
1,0.209127
1,0.472925
1,0.37965
1,0.303363
1,0.702301
1,0.59223
1,0.417968
1,0.360921
1,0.586958
1,0.204592
1,0.711816
1,0.91563
1,0.272672
1,0.472151
1,0.545894
1,0.439113
1,0.64545
1,0.261015
1,0.265676
1,0.530093
1,0.742311
1,0.537293
1,0.429129
1,0.226837
1,0.630985
1,0.567776
1,0.532376
1,0.769962
1,0.504655
1,0.718833
1,0.481519
1,0.588764
1,0.612488
1,0.388171
1,0.864838
1,0.614514
1,0.521682
1,0.744951
1,0.451261
1,0.402386
1,0.362903
1,0.703782
1,0.308002
1,0.579219
1,0.411579
1,0.399117
1,0.544048
1,0.69918
1,0.492864
1,0.413397
1,0.376039
1,0.492463
1,0.755538
1,0.78181
1,0.491669
1,0.509798
1,0.327953
1,0.249181
1,0.321321
1,0.518167
1,0.679955
1,0.648102
1,0.45164
1,0.353071
1,0.794277
1,0.495167
1,0.357372
1,0.389824
1,0.520444
1,0.493723
1,0.477554
1,0.281965
1,0.592217
1,0.448949
1,0.24841
1,0.299463
1,0.804855
1,0.377234
1,0.59123
1,0.270286
1,0.381803
1,0.366729
1,0.77942
1,0.245754
1,0.06747
1,0.638568
1,0.423066
1,0.22397
1,0.560886
1,0.732167
1,0.525164
1,0.30296
1,0.335829
1,0.683728
1,0.742116
1,0.552378
1,0.512486
1,0.475194
1,0.429866
1,0.490523
1,0.653329
1,0.674854
1,0.536394
1,0.603152
1,0.653642
1,0.193677
1,0.283887
1,0.241464
1,0.611499
1,0.140705
1,0.391417
1,0.408003
1,0.49734
1,0.453693
1,0.499504
1,0.64282
1,0.517648
1,0.463524
1,0.306211
1,0.684118
1,0.8674
1,0.841244
1,0.692346
1,0.625007
1,0.526607
1,0.438892
1,0.413153
1,0.463293
1,0.416934
1,0.908124
1,0.241679
1,0.741418
1,0.198911
1,0.568044
1,0.373675
1,0.686105
1,0.375171
1,0.303
1,0.63178
1,0.598765
1,0.693043
1,0.52418
1,0.354781
1,0.671697
1,0.657302
1,0.438923
1,0.668234
1,0.584822
1,0.602102
1,0.358962
1,0.38872
1,0.440373
1,0.15617
1,0.529549
1,0.379255
1,0.738879
1,0.270937
1,0.592645
1,0.536359
1,0.322242
1,0.186689
1,0.687161
1,0.550025
1,0.65589
1,0.195286
1,0.463823
1,0.494716
1,0.606182
1,0.703437
1,0.450346
1,0.411431
1,0.418857
1,0.756107
1,0.544594
1,0.551729
1,0.430374
1,0.690547
1,0.408939
1,0.318421
1,0.48224
1,0.769312
1,0.591611
1,0.618491
1,0.612568
1,0.50807
1,0.735119
1,0.566862
1,0.44584
1,0.450363
1,0.669482
1,0.618558
1,0.501356
1,0.361573
1,0.516242
1,0.381544
1,0.595889
1,0.5588
1,0.440216
1,0.655936
1,0.776963
1,0.316195
1,0.535696
1,0.410911
1,0.284688
1,0.538952
1,0.683413
1,0.826611
1,0.632552
1,0.572573
1,0.45004
1,0.682252
1,0.579503
1,0.120327
1,0.376465
1,0.601545
1,0.567965
1,0.3501
1,0.470527
1,0.32443
1,0.648718
1,0.63774
1,0.503519
1,0.434253
1,0.514221
1,0.895142
1,0.772412
1,0.732721
1,0.626563
1,0.665775
1,0.826317
1,0.527298
1,0.670045
1,0.651286
1,0.436078
1,0.317977
1,0.591284
1,0.499095
1,0.612623
1,0.483072
1,0.484358
1,0.701498
1,0.303724
1,0.464237
1,0.680122
1,0.325598
1,0.324728
1,0.424128
1,0.659889
1,0.736248
1,0.406132
1,0.315457
1,0.523298
1,0.622083
1,0.545655
1,0.264396
1,0.408643
1,0.369263
1,0.549895
1,0.644661
1,0.61545
1,0.404794
1,0.502391
1,0.113957
1,0.496528
1,0.344498
1,0.245871
1,0.518237
1,0.724418
1,0.609032
1,0.241393
1,0.672294
1,0.309257
1,0.220446
1,0.224415
1,0.487278
1,0.77857
1,0.654916
1,0.574793
1,0.502959
1,0.741411
1,0.358047
1,0.5531
1,0.761543
1,0.650441
1,0.115686
1,0.344524
1,0.410335
1,0.905687
1,0.565044
1,0.239871
1,0.629679
1,0.563579
1,0.318479
1,0.430814
1,0.630168
1,0.549283
1,0.380276
1,0.676512
1,0.503427
1,0.370107
1,0.638686
1,0.320313
1,0.614873
1,0.319994
1,0.237339
1,0.517911
1,0.435506
1,0.827144
1,0.780407
1,0.502893
1,0.367447
1,0.651783
1,0.899846
1,0.565351
1,0.598882
1,0.571528
1,0.342594
1,0.195551
1,0.407829
1,0.51395
1,0.599425
1,0.80004
1,0.473037
1,0.685474
1,0.474927
1,0.273664
1,0.7977
1,0.610415
1,0.556517
1,0.804418
1,0.466047
1,0.579999
1,0.671035
1,0.519886
1,0.380162
1,0.311355
1,0.440614
1,0.748533
1,0.305309
1,0.420729
1,0.545322
1,0.205313
1,0.608993
1,0.598695
1,0.779755
1,0.289102
1,0.511226
1,0.223798
1,0.219638
1,0.234059
1,0.642265
1,0.378451
1,0.323411
1,0.61063
1,0.249475
1,0.236761
1,0.689063
1,0.639692
1,0.335346
1,0.623308
1,0.414025
1,0.38524
1,0.418283
1,0.657285
1,0.238257
1,0.678883
1,0.350076
1,0.449754
1,0.44889
1,0.556458
1,0.474062
1,0.487317
1,0.637834
1,0.771351
1,0.609409
1,0.516887
1,0.547202
1,0.456174
1,0.564675
1,0.679284
1,0.630865
1,0.435859
1,0.61485
1,0.789024
1,0.437512
1,0.782511
1,0.475095
1,0.616751
1,0.64121
1,0.30201
1,0.540087
1,0.37982
1,0.699911
1,0.508807
1,0.602016
1,0.566691
1,0.089948
1,0.611426
1,0.725743
1,0.517355
1,0.444407
1,0.793372
1,0.290177
1,0.349605
1,0.363366
1,0.332579
1,0.708386
1,0.623634
1,0.380343
1,0.690214
1,0.510112
1,0.403647
1,0.283339
1,0.308246
1,0.657474
1,0.48097
1,0.54779
1,0.17695
1,0.592949
1,0.660724
1,0.311116
1,0.621983
1,0.378597
1,0.816505
1,0.492543
1,0.802918
1,0.744684
1,0.524621
1,0.800835
1,0.489733
1,0.344554
1,0.753133
1,0.501441
1,0.325455
1,0.31575
1,0.34934
1,0.422571
1,0.328819
1,0.819122
1,0.48758
1,0.427338
1,0.310424
1,0.72445
1,0.65254
1,0.637337
1,0.455009
1,0.838263
1,0.598852
1,0.666247
1,0.127827
1,0.30771
1,0.264943
1,0.587709
1,0.185826
1,0.301568
1,0.592645
1,0.731551
1,0.376693
1,0.881779
1,0.542981
1,0.79398
1,0.525102
1,0.38504
1,0.471791
1,0.247537
1,0.444635
1,0.799148
1,0.553669
1,0.771642
1,0.55609
1,0.664953
1,0.318641
1,0.506714
1,0.506773
1,0.518591
1,0.383842
1,0.915593
1,0.860531
1,0.602365
1,0.270353
1,0.714703
1,0.458628
1,0.448463
1,0.347673
1,0.302998
1,0.70466
1,0.611503
1,0.565115
1,0.199087
1,0.264883
1,0.337664
1,0.536048
1,0.478469
1,0.381123
1,0.629549
1,0.524067
1,0.509026
1,0.662767
1,0.561018
1,0.379381
1,0.685575
1,0.454652
1,0.509589
1,0.373557
1,0.758219
1,0.636461
1,0.5791
1,0.448092
1,0.588173
1,0.445668
1,0.768764
1,0.862768
1,0.731336
1,0.624333
1,0.380632
1,0.638389
1,0.486878
1,0.428058
1,0.590105
1,0.283504
1,0.602108
1,0.785869
1,0.478251
1,0.397547
1,0.585111
1,0.608594
1,0.640538
1,0.684451
1,0.345648
1,0.763137
1,0.473618
1,0.346094
1,0.330331
1,0.663563
1,0.236182
1,0.590083
1,0.704597
1,0.3764
1,0.414097
1,0.393496
1,0.475873
1,0.598616
1,0.624215
1,0.496659
1,0.697977
1,0.182488
1,0.473258
1,0.567199
1,0.456431
1,0.254556
1,0.642413
1,0.296045
1,0.525533
1,0.555554
1,0.733542
1,0.887491
1,0.142775
1,0.39199
1,0.296245
1,0.696032
1,0.474183
1,0.515242
1,0.312979
1,0.299428
1,0.588816
1,0.545036
1,0.694194
1,0.364971
1,0.521858
1,0.596996
1,0.574325
1,0.339791
1,0.304756
1,0.250943
1,0.611516
1,0.663884
1,0.616017
1,0.83022
1,0.471731
1,0.728578
1,0.360613
1,0.400066
1,0.464053
1,0.613584
1,0.536241
1,0.589001
1,0.482913
1,0.5486
1,0.599342
1,0.523519
1,0.29972
1,0.543374
1,0.23169
1,0.659429
1,0.540658
1,0.878035
1,0.687367
1,0.491993
1,0.641133
1,0.557249
1,0.239366
1,0.742585
1,0.793882
1,0.763449
1,0.455087
1,0.549016
1,0.363739
1,0.371182
1,0.581501
1,0.656821
1,0.431153
1,0.316029
1,0.897331
1,0.414091
1,0.557862
1,0.294489
1,0.721038
1,0.325997
1,0.827806
1,0.485885
1,0.616637
1,0.398555
1,0.7737
1,0.27595
1,0.246539
1,0.208248
1,0.604643
1,0.793552
1,0.728145
1,0.52784
1,0.420237
1,0.543232
1,0.643177
1,0.551334
1,0.201605
1,0.452601
1,0.642778
1,0.331904
1,0.571103
1,0.595977
1,0.341246
1,0.820082
1,0.52253
1,0.69345
1,0.53047
1,0.414665
1,0.681513
1,0.508457
1,0.333144
1,0.326574
1,0.772413
1,0.420029
1,0.513659
1,0.691186
1,0.475863
1,0.37991
1,0.716832
1,0.63812
1,0.72494
1,0.667494
1,0.396234
1,0.457014
1,0.503746
1,0.662513
1,0.219523
1,0.516227
1,0.643184
1,0.634785
1,0.488658
1,0.403453
1,0.423939
1,0.607718
1,0.268813
1,0.29194
1,0.836832
1,0.414769
1,0.57128
1,0.687601
1,0.509911
1,0.835726
1,0.516007
1,0.234673
1,0.585954
1,0.71146
1,0.560408
1,0.582998
1,0.283853
1,0.494796
1,0.34797
1,0.573952
1,0.56851
1,0.824665
1,0.829522
1,0.373127
1,0.454173
1,0.185654
1,0.416588
1,0.612927
1,0.507784
1,0.682362
1,0.292873
1,0.465666
1,0.494719
1,0.645859
1,0.821092
1,0.416338
1,0.394653
1,0.290647
1,0.519996
1,0.408869
1,0.564535
1,0.707722
1,0.541581
1,0.582647
1,0.548616
1,0.450337
1,0.539117
1,0.331701
1,0.658306
1,0.358755
1,0.50577
1,0.663309
1,0.725272
1,0.435185
1,0.598049
1,0.4456
1,0.245019
1,0.392844
1,0.823428
1,0.344403
1,0.765811
1,0.410927
1,0.197664
1,0.426844
1,0.804591
1,0.582023
1,0.263725
1,0.378962
1,0.452516
1,0.166657
1,0.863872
1,0.345123
1,0.225978
1,0.594162
1,0.758269
1,0.604337
1,0.557812
1,0.918101
1,0.473046
1,0.214112
1,0.149731
1,0.454368
1,0.769875
1,0.391355
1,0.394954
1,0.333259
1,0.845085
1,0.503319
1,0.738207
1,0.541361
1,0.354929
1,0.54923
1,0.718159
1,0.408757
1,0.725128
1,0.52939
1,0.677133
1,0.369825
1,0.225293
1,0.390678
1,0.718439
1,0.772898
1,0.206505
1,0.915212
1,0.506573
1,0.589666
1,0.475464
1,0.509136
1,0.659235
1,0.397653
1,0.535518
1,0.460033
1,0.478814
1,0.638392
1,0.791209
1,0.698019
1,0.36054
1,0.576525
1,0.370214
1,0.347947
1,0.483109
1,0.486688
1,0.516606
1,0.231448
1,0.168058
1,0.604856
1,0.864299
1,0.846831
1,0.638687
1,0.599255
1,0.35997
1,0.611701
1,0.55187
1,0.406252
1,0.457727
1,0.304779
1,0.347317
1,0.307574
1,0.655605
1,0.442968
1,0.488491
1,0.581562
1,0.785384
1,0.498861
1,0.363106
1,0.306361
1,0.426594
1,0.63855
1,0.542007
1,0.394127
1,0.568098
1,0.638428
1,0.295686
1,0.606309
1,0.578628
1,0.73766
1,0.588079
1,0.749654
1,0.202974
1,0.337353
1,0.391641
1,0.234754
1,0.275482
1,0.569378
1,0.43886
1,0.665149
1,0.779456
1,0.740302
1,0.793644
1,0.630629
1,0.313739
1,0.612199
1,0.517421
1,0.4877
1,0.509714
1,0.571282
1,0.54448
1,0.601822
1,0.53334
1,0.136046
1,0.836121
1,0.35069
1,0.468437
1,0.524107
1,0.700658
1,0.657391
1,0.590281
1,0.590027
1,0.656166
1,0.637282
1,0.815133
1,0.72966
1,0.563261
1,0.380035
1,0.174312
1,0.74627
1,0.331953
1,0.789348
1,0.894288
1,0.732413
1,0.409678
1,0.315165
1,0.926525
1,0.614836
1,0.441059
1,0.524602
1,0.814365
1,0.431947
1,0.735352
1,0.45489
1,0.400881
1,0.240751
1,0.403883
1,0.55189
1,0.61599
1,0.38548
1,0.753096
1,0.448061
1,0.532561
1,0.450222
1,0.390719
1,0.295511
1,0.569481
1,0.475768
1,0.572596
1,0.418165
1,0.474654
1,0.397719
1,0.453881
1,0.455139
1,0.688955
1,0.594249
1,0.659491
1,0.475518
1,0.446407
1,0.554165
1,0.693698
1,0.048496
1,0.238874
1,0.351779
1,0.24023
1,0.359917
1,0.381046
1,0.482044
1,0.647415
1,0.533163
1,0.435119
1,0.428987
1,0.300223
1,0.348792
1,0.538936
1,0.627393
1,0.534095
1,0.496973
1,0.367355
1,0.530709
1,0.390692
1,0.352089
1,0.541591
1,0.656773
1,0.735855
1,0.66961
1,0.361964
1,0.442131
1,0.733986
1,0.502412
1,0.449188
1,0.206337
1,0.630411
1,0.608092
1,0.476356
1,0.401426
1,0.388889
1,0.254169
1,0.450218
1,0.311929
1,0.529844
1,0.789817
1,0.757649
1,0.688956
1,0.662104
1,0.405801
1,0.475828
1,0.466762
1,0.72956
1,0.562007
1,0.690128
1,0.357588
1,0.536495
1,0.298393
1,0.546144
1,0.621883
1,0.186621
1,0.424611
1,0.578391
1,0.699096
1,0.404432
1,0.292263
1,0.790077
1,0.619823
1,0.578044
1,0.429092
1,0.304433
1,0.684626
1,0.419218
1,0.771663
1,0.459876
1,0.187285
1,0.635293
1,0.454374
1,0.470062
1,0.854637
1,0.380577
1,0.462784
1,0.368693
1,0.375479
1,0.19981
1,0.549167
1,0.355186
1,0.415162
1,0.770959
1,0.483197
1,0.367803
1,0.414995
1,0.769187
1,0.501018
1,0.256805
1,0.487104
1,0.467027
1,0.355755
1,0.639729
1,0.387617
1,0.430939
1,0.489273
1,0.593132
1,0.631558
1,0.641298
1,0.209498
1,0.34889
1,0.709432
1,0.780573
1,0.447663
1,0.483847
1,0.344048
1,0.277966
1,0.507196
1,0.231779
1,0.702041
1,0.329652
1,0.328806
1,0.380069
1,0.426427
1,0.846556
1,0.53324
1,0.249684
1,0.463387
1,0.43429
1,0.652348
1,0.212619
1,0.618008
1,0.49041
1,0.521234
1,0.349098
1,0.160524
1,0.42428
1,0.599461
1,0.750987
1,0.592962
1,0.4755
1,0.43139
1,0.764745
1,0.550703
1,0.462377
1,0.798352
1,0.547671
1,0.448727
1,0.572039
1,0.505068
1,0.395001
1,0.597479
1,0.457428
1,0.38291
1,0.515139
1,0.572962
1,0.65776
1,0.613004
1,0.666931
1,0.386146
1,0.427642
1,0.527391
1,0.446568
1,0.613275
1,0.678184
1,0.358168
1,0.378107
1,0.5799
1,0.525172
1,0.451534
1,0.609233
1,0.542285
1,0.522213
1,0.262662
1,0.528109
1,0.358675
1,0.497088
1,0.673985
1,0.526467
1,0.443089
1,0.600934
1,0.62455
1,0.364701
1,0.158405
1,0.228602
1,0.508068
1,0.420132
1,0.715395
1,0.637353
1,0.787728
1,0.388195
1,0.206228
1,0.517742
1,0.846341
1,0.282689
1,0.682516
1,0.565875
1,0.758778
1,0.413423
1,0.286551
1,0.650436
1,0.525067
1,0.38036
1,0.242129
1,0.721486
1,0.301916
1,0.8671
1,0.481142
1,0.491729
1,0.174481
1,0.508908
1,0.437124
1,0.707818
1,0.535767
1,0.538071
1,0.462029
1,0.554554
1,0.337685
1,0.433348
1,0.400022
1,0.459277
1,0.352375
1,0.445167
1,0.418887
1,0.277723
1,0.511165
1,0.368221
1,0.497025
1,0.545562
1,0.562899
1,0.380327
1,0.535587
1,0.568438
1,0.797485
1,0.743673
1,0.669548
1,0.824298
1,0.238922
1,0.373779
1,0.389404
1,0.39396
1,0.569583
1,0.517119
1,0.546878
1,0.43118
1,0.537356
1,0.469594
1,0.409383
1,0.413079
1,0.383867
1,0.248035
1,0.316033
1,0.552521
1,0.284956
1,0.49045
1,0.601634
1,0.326789
1,0.482368
1,0.798391
1,0.424682
1,0.416079
1,0.919117
1,0.389168
1,0.652665
1,0.466911
1,0.735863
1,0.533301
1,0.501253
1,0.801382
1,0.648205
1,0.592024
1,0.396277
1,0.299562
1,0.686063
1,0.478719
1,0.45569
1,0.263216
1,0.581549
1,0.418795
1,0.702531
1,0.541874
1,0.630561
1,0.650496
1,0.496862
1,0.318226
1,0.369107
1,0.534227
1,0.340015
1,0.572816
1,0.610835
1,0.258376
1,0.613082
1,0.444641
1,0.377736
1,0.522872
1,0.38123
1,0.627372
1,0.574428
1,0.519756
1,0.276092
1,0.553081
1,0.674502
1,0.651362
1,0.415195
1,0.20601
1,0.682465
1,0.742938
1,0.556151
1,0.480839
1,0.595898
1,0.148977
1,0.627974
1,0.634799
1,0.36468
1,0.232196
1,0.290724
1,0.323018
1,0.56536
1,0.7796
1,0.412315
1,0.205291
1,0.544211
1,0.500213
1,0.176327
1,0.362501
1,0.53218
1,0.368222
1,0.45285
1,0.344473
1,0.672671
1,0.466639
1,0.208186
1,0.502784
1,0.556497
1,0.634082
1,0.570337
1,0.400231
1,0.103784
1,0.449817
1,0.327467
1,0.220068
1,0.573533
1,0.318868
1,0.812732
1,0.700263
1,0.675688
1,0.279111
1,0.366102
1,0.638414
1,0.649414
1,0.402111
1,0.803497
1,0.560801
1,0.803062
1,0.577526
1,0.402986
1,0.575851
1,0.455041
1,0.18474
1,0.367694
1,0.442809
1,0.429498
1,0.569735
1,0.598847
1,0.599699
1,0.590214
1,0.415039
1,0.445198
1,0.239793
1,0.604765
1,0.530756
1,0.089517
1,0.397913
1,0.545955
1,0.785817
1,0.53939
1,0.511136
1,0.532404
1,0.58982
1,0.514721
1,0.59479
1,0.401462
1,0.343408
1,0.449262
1,0.44428
1,0.28877
1,0.408505
1,0.592533
1,0.283982
1,0.46692
1,0.69066
1,0.238655
1,0.542254
1,0.734218
1,0.16483
1,0.728553
1,0.3228
1,0.560155
1,0.31049
1,0.613321
1,0.649987
1,0.578896
1,0.619843
1,0.251642
1,0.253395
1,0.352209
1,0.408518
1,0.122654
1,0.546304
1,0.623521
1,0.706821
1,0.30482
1,0.636617
1,0.157632
1,0.289542
1,0.681248
1,0.474367
1,0.332234
1,0.592451
1,0.66963
1,0.382563
1,0.375536
1,0.55146
1,0.568008
1,0.376847
1,0.633641
1,0.390532
1,0.274901
1,0.507494
1,0.652027
1,0.217681
1,0.277014
1,0.432674
1,0.331349
1,0.385635
1,0.514671
1,0.413548
1,0.135472
1,0.612793
1,0.497144
1,0.635879
1,0.633869
1,0.742408
1,0.469354
1,0.55264
1,0.331979
1,0.538038
1,0.528426
1,0.578072
1,0.50245
1,0.603271
1,0.69907
1,0.54228
1,0.316565
1,0.599136
1,0.44755
1,0.195327
1,0.676662
1,0.46912
1,0.487175
1,0.688062
1,0.188335
1,0.179059
1,0.305678
1,0.384107
1,0.503512
1,0.487769
1,0.32844
1,0.873687
1,0.627033
1,0.551807
1,0.536753
1,0.627305
1,0.463868
1,0.358881
1,0.624033
1,0.533026
1,0.560935
1,0.693642
1,0.661566
1,0.371626
1,0.614101
1,0.791025
1,0.529317
1,0.285182
1,0.607816
1,0.562858
1,0.272308
1,0.625429
1,0.39704
1,0.401284
1,0.552101
1,0.799513
1,0.613392
1,0.208602
1,0.76952
1,0.510306
1,0.806038
1,0.47949
1,0.588184
1,0.620185
1,0.498454
1,0.622131
1,0.491615
1,0.531887
1,0.566535
1,0.413216
1,0.232381
1,0.469712
1,0.637013
1,0.629085
1,0.672164
1,0.731036
1,0.44026
1,0.681029
1,0.553293
1,0.688772
1,0.597146
1,0.483402
1,0.738525
1,0.364121
1,0.591851
1,0.384891
1,0.560195
1,0.367645
1,0.466774
1,0.558334
1,0.291243
1,0.642134
1,0.316968
1,0.369518
1,0.887083
1,0.257758
1,0.103409
1,0.599558
1,0.4773
1,0.334523
1,0.418307
1,0.395458
1,0.350395
1,0.260726
1,0.553494
1,0.724593
1,0.33826
1,0.577595
1,0.627549
1,0.540355
1,0.516927
1,0.615887
1,0.540598
1,0.908609
1,0.767787
1,0.295343
1,0.343587
1,0.545211
1,0.41645
1,0.250879
1,0.716198
1,0.435736
1,0.869826
1,0.796722
1,0.695047
1,0.810543
1,0.541982
1,0.146547
1,0.477434
1,0.724912
1,0.323204
1,0.766503
1,0.394572
1,0.287266
1,0.378567
1,0.522334
1,0.355112
1,0.501753
1,0.38551
1,0.73948
1,0.521914
1,0.408148
1,0.515915
1,0.731788
1,0.50856
1,0.710676
1,0.731781
1,0.732071
1,0.380481
1,0.608538
1,0.644799
1,0.380976
1,0.575877
1,0.54327
1,0.63532
1,0.650058
1,0.545402
1,0.656383
1,0.761076
1,0.391362
1,0.491437
1,0.630456
1,0.588035
1,0.433133
1,0.653066
1,0.462934
1,0.57636
1,0.412113
1,0.525948
1,0.555721
1,0.486007
1,0.396861
1,0.61414
1,0.621682
1,0.546572
1,0.410917
1,0.45838
1,0.851701
1,0.580322
1,0.749491
1,0.456455
1,0.401029
1,0.400338
1,0.50484
1,0.807622
1,0.420332
1,0.531485
1,0.521893
1,0.423317
1,0.667191
1,0.513177
1,0.408298
1,0.481069
1,0.293804
1,0.635888
1,0.527419
1,0.132133
1,0.440615
1,0.476822
1,0.575953
1,0.521061
1,0.743056
1,0.410925
1,0.479505
1,0.340767
1,0.363223
1,0.878889
1,0.620458
1,0.808483
1,0.52106
1,0.48995
1,0.577878
1,0.524246
1,0.29995
1,0.156779
1,0.389145
1,0.614268
1,0.202826
1,0.347358
1,0.908871
1,0.448493
1,0.555154
1,0.556574
1,0.143418
1,0.274025
1,0.574184
1,0.477635
1,0.571312
1,0.879808
1,0.552723
1,0.292554
1,0.698794
1,0.713143
1,0.709216
1,0.441241
1,0.650295
1,0.75561
1,0.192225
1,0.462509
1,0.677376
1,0.325303
1,0.447472
1,0.479297
1,0.811664
1,0.645265
1,0.257707
1,0.725085
1,0.857514
1,0.6134
1,0.696355
1,0.516206
1,0.631706
1,0.410702
1,0.212985
1,0.561246
1,0.446646
1,0.512778
1,0.702087
1,0.653672
1,0.424165
1,0.579664
1,0.572842
1,0.884134
1,0.542256
1,0.394333
1,0.433597
1,0.4851
1,0.699416
1,0.455371
1,0.677478
1,0.705958
1,0.538147
1,0.492565
1,0.51557
1,0.648099
1,0.573521
1,0.517878
1,0.623956
1,0.3836
1,0.613877
1,0.57022
1,0.294906
1,0.763369
1,0.631574
1,0.163628
1,0.252116
1,0.721123
1,0.503536
1,0.509541
1,0.232655
1,0.607424
1,0.281902
1,0.822874
1,0.397694
1,0.205732
1,0.364608
1,0.540636
1,0.414108
1,0.16302
1,0.553478
1,0.412364
1,0.447113
1,0.581489
1,0.226781
1,0.586877
1,0.761948
1,0.231774
1,0.545389
1,0.480253
1,0.419679
1,0.647006
1,0.414461
1,0.391745
1,0.60594
1,0.620407
1,0.814118
1,0.89647
1,0.601649
1,0.587946
1,0.407944
1,0.780008
1,0.460708
1,0.264818
1,0.20923
1,0.258444
1,0.152897
1,0.349423
1,0.553344
1,0.422642
1,0.735958
1,0.661927
1,0.431443
1,0.425798
1,0.632887
1,0.606733
1,0.349845
1,0.227086
1,0.455197
1,0.640662
1,0.766164
1,0.573953
1,0.598722
1,0.521586
1,0.551453
1,0.338051
1,0.644492
1,0.342437
1,0.269804
1,0.53252
1,0.281175
1,0.6277
1,0.532131
1,0.75304
1,0.427348
1,0.48914
1,0.541428
1,0.468163
1,0.462809
1,0.637347
1,0.228272
1,0.620372
1,0.510449
1,0.396759
1,0.394489
1,0.481893
1,0.623915
1,0.640001
1,0.487316
1,0.502511
1,0.482693
1,0.246113
1,0.28693
1,0.60751
1,0.537415
1,0.406013
1,0.538587
1,0.479011
1,0.272492
1,0.298601
1,0.520126
1,0.572765
1,0.354552
1,0.773189
1,0.317176
1,0.458426
1,0.540546
1,0.738788
1,0.655175
1,0.216397
1,0.786364
1,0.666659
1,0.360824
1,0.871356
1,0.771301
1,0.276193
1,0.399924
1,0.265026
1,0.63664
1,0.404033
1,0.543275
1,0.2686
1,0.523507
1,0.511006
1,0.336171
1,0.786462
1,0.793335
1,0.384043
1,0.324306
1,0.17221
1,0.55201
1,0.719886
1,0.327544
1,0.552368
1,0.293493
1,0.512419
1,0.429303
1,0.416898
1,0.354616
1,0.535792
1,0.7619
1,0.726167
1,0.814436
1,0.488633
1,0.511575
1,0.313462
1,0.570049
1,0.830147
1,0.544886
1,0.607251
1,0.110485
1,0.353044
1,0.670466
1,0.680396
1,0.585281
1,0.645406
1,0.596551
1,0.131192
1,0.656792
1,0.397499
1,0.798669
1,0.397988
1,0.556133
1,0.446111
1,0.58324
1,0.651469
1,0.648466
1,0.46639
1,0.681484
1,0.279673
1,0.726024
1,0.629034
1,0.422709
1,0.760394
1,0.706873
1,0.191076
1,0.370629
1,0.278785
1,0.607532
1,0.224268
1,0.901821
1,0.477169
1,0.54712
1,0.581492
1,0.458244
1,0.654255
1,0.320722
1,0.520972
1,0.371235
1,0.058232
1,0.597683
1,0.51116
1,0.654402
1,0.707106
1,0.604759
1,0.670871
1,0.537077
1,0.440096
1,0.637721
1,0.346675
1,0.453989
1,0.711164
1,0.753302
1,0.578507
1,0.492691
1,0.514206
1,0.335204
1,0.410606
1,0.608602
1,0.367521
1,0.611047
1,0.290171
1,0.470023
1,0.381322
1,0.758712
1,0.595922
1,0.481182
1,0.349189
1,0.77247
1,0.759469
1,0.493462
1,0.630432
1,0.640358
1,0.341818
1,0.740381
1,0.686837
1,0.508246
1,0.649255
1,0.54449
1,0.753267
1,0.883889
1,0.618342
1,0.449914
1,0.56585
1,0.379082
1,0.519181
1,0.671416
1,0.794861
1,0.374838
1,0.338826
1,0.279075
1,0.616848
1,0.176832
1,0.367082
1,0.917424
1,0.506797
1,0.79995
1,0.609482
1,0.552729
1,0.337156
1,0.522777
1,0.367273
1,0.48621
1,0.273199
1,0.669009
1,0.532467
1,0.415377
1,0.37228
1,0.174179
1,0.452529
1,0.253439
1,0.462496
1,0.269081
1,0.483958
1,0.552717
1,0.577209
1,0.813645
1,0.517797
1,0.674711
1,0.324199
1,0.562698
1,0.501016
1,0.720492
1,0.460572
1,0.696012
1,0.595895
1,0.260716
1,0.311045
1,0.74453
1,0.561925
1,0.61373
1,0.629042
1,0.565077
1,0.500139
1,0.761828
1,0.532927
1,0.554953
1,0.342776
1,0.57034
1,0.211856
1,0.785195
1,0.472474
1,0.482383
1,0.576441
1,0.406814
1,0.327939
1,0.286839
1,0.541032
1,0.591721
1,0.499426
1,0.564324
1,0.198264
1,0.667672
1,0.480528
1,0.635098
1,0.348531
1,0.662505
1,0.658277
1,0.407513
1,0.5152
1,0.529698
1,0.438495
1,0.544894
1,0.407873
1,0.743011
1,0.771481
1,0.686026
1,0.491374
1,0.393075
1,0.489227
1,0.738516
1,0.567727
1,0.792624
1,0.530876
1,0.42032
1,0.519001
1,0.422717
1,0.909775
1,0.46352
1,0.304182
1,0.611347
1,0.681211
1,0.574432
1,0.449374
1,0.32483
1,0.6193
1,0.525506
1,0.637477
1,0.589661
1,0.486569
1,0.724288
1,0.145507
1,0.27059
1,0.448806
1,0.592047
1,0.653794
1,0.536884
1,0.216517
1,0.402817
1,0.656078
1,0.594814
1,0.62798
1,0.191496
1,0.531081
1,0.621375
1,0.493815
1,0.389538
1,0.321331
1,0.700912
1,0.463837
1,0.68473
1,0.684337
1,0.372755
1,0.552906
1,0.583212
1,0.616832
1,0.593949
1,0.393831
1,0.230661
1,0.471836
1,0.522259
1,0.252612
1,0.395935
1,0.404768
1,0.460469
1,0.315482
1,0.417923
1,0.552383
1,0.374196
1,0.580397
1,0.565953
1,0.507325
1,0.658286
1,0.621282
1,0.349804
1,0.761573
1,0.784885
1,0.745898
1,0.515104
1,0.544946
1,0.494003
1,0.535753
1,0.847499
1,0.825693
1,0.392936
1,0.231232
1,0.274531
1,0.530714
1,0.603089
1,0.609196
1,0.138132
1,0.241334
1,0.44887
1,0.756709
1,0.484281
1,0.17833
1,0.435096
1,0.516788
1,0.446537
1,0.685386
1,0.444289
1,0.656024
1,0.736964
1,0.735616
1,0.420751
1,0.151534
1,0.877263
1,0.31452
1,0.419473
1,0.498541
1,0.544802
1,0.798422
1,0.335782
1,0.1663
1,0.584637
1,0.641354
1,0.54968
1,0.579194
1,0.431963
1,0.607345
1,0.575312
1,0.744962
1,0.387331
1,0.774148
1,0.416693
1,0.500878
1,0.707262
1,0.588096
1,0.532058
1,0.289573
1,0.720558
1,0.341962
1,0.457875
1,0.448173
1,0.643594
1,0.826754
1,0.790693
1,0.760068
1,0.487419
1,0.584079
1,0.567313
1,0.608224
1,0.400654
1,0.753941
1,0.442512
1,0.380179
1,0.103352
1,0.703754
1,0.281661
1,0.420291
1,0.40498
1,0.585316
1,0.242049
1,0.24911
1,0.710483
1,0.5973
1,0.632186
1,0.337204
1,0.741679
1,0.506919
1,0.402787
1,0.643745
1,0.474281
1,0.802315
1,0.409559
1,0.584002
1,0.401891
1,0.367836
1,0.304088
1,0.557303
1,0.649748
1,0.32938
1,0.289763
1,0.479302
1,0.469185
1,0.438279
1,0.703014
1,0.754207
1,0.633074
1,0.64393
1,0.598898
1,0.657193
1,0.605858
1,0.41562
1,0.506644
1,0.47787
1,0.501262
1,0.851887
1,0.472403
1,0.825726
1,0.326803
1,0.326123
1,0.398511
1,0.590968
1,0.473492
1,0.486579
1,0.534131
1,0.63299
1,0.526186
1,0.514153
1,0.640806
1,0.562698
1,0.620253
1,0.455315
1,0.593634
1,0.805125
1,0.364278
1,0.818729
1,0.386984
1,0.508436
1,0.452749
1,0.230902
1,0.702804
1,0.472074
1,0.501074
1,0.332405
1,0.313995
1,0.474108
1,0.330196
1,0.219393
1,0.71565
1,0.79243
1,0.256982
1,0.788834
1,0.604744
1,0.349293
1,0.226973
1,0.424488
1,0.616502
1,0.788566
1,0.596607
1,0.502605
1,0.50792
1,0.211151
1,0.63975
1,0.495731
1,0.442643
1,0.709621
1,0.511647
1,0.593113
1,0.465325
1,0.498981
1,0.445059
1,0.436854
1,0.349534
1,0.374127
1,0.832493
1,0.548617
1,0.279308
1,0.69755
1,0.552832
1,0.36093
1,0.394272
1,0.631882
1,0.336673
1,0.778398
1,0.207504
1,0.813446
1,0.400635
1,0.427458
1,0.626586
1,0.269515
1,0.606747
1,0.45034
1,0.61059
1,0.794452
1,0.47406
1,0.375596
1,0.3592
1,0.539379
1,0.656257
1,0.480182
1,0.902607
1,0.515994
1,0.635758
1,0.62582
1,0.423587
1,0.555747
1,0.615569
1,0.473793
1,0.424012
1,0.48629
1,0.577791
1,0.305675
1,0.460496
1,0.622466
1,0.552371
1,0.466817
1,0.280147
1,0.815898
1,0.333917
1,0.378171
1,0.585988
1,0.640494
1,0.807669
1,0.342346
1,0.505959
1,0.417911
1,0.467328
1,0.361287
1,0.450817
1,0.617801
1,0.342338
1,0.170488
1,0.557823
1,0.504796
1,0.566955
1,0.531893
1,0.256479
1,0.655324
1,0.426052
1,0.89001
1,0.428906
1,0.334236
1,0.475617
1,0.259515
1,0.655744
1,0.490051
1,0.554221
1,0.697532
1,0.716636
1,0.4035
1,0.450415
1,0.476358
1,0.51079
1,0.43634
1,0.540474
1,0.477712
1,0.343195
1,0.402805
1,0.464553
1,0.761346
1,0.419763
1,0.729604
1,0.578408
1,0.186686
1,0.231977
1,0.741994
1,0.742668
1,0.770264
1,0.544403
1,0.64249
1,0.199358
1,0.482548
1,0.217805
1,0.441021
1,0.63294
1,0.130887
1,0.623833
1,0.606511
1,0.683115
1,0.492681
1,0.532999
1,0.346818
1,0.451328
1,0.236324
1,0.446503
1,0.360426
1,0.577767
1,0.298991
1,0.757737
1,0.902054
1,0.229068
1,0.566243
1,0.304272
1,0.676316
1,0.785204
1,0.415453
1,0.493635
1,0.443116
1,0.635678
1,0.820263
1,0.506191
1,0.356645
1,0.480775
1,0.542412
1,0.833778
1,0.50227
1,0.479595
1,0.855456
1,0.156086
1,0.391522
1,0.689691
1,0.445341
1,0.323869
1,0.611754
1,0.446717
1,0.603108
1,0.286044
1,0.435433
1,0.570505
1,0.27678
1,0.770319
1,0.449173
1,0.851024
1,0.329626
1,0.381637
1,0.393112
1,0.313922
1,0.498645
1,0.820887
1,0.524747
1,0.57428
1,0.831389
1,0.59586
1,0.403729
1,0.480338
1,0.317707
1,0.597433
1,0.422323
1,0.462428
1,0.682317
1,0.397847
1,0.5304
1,0.674126
1,0.311126
1,0.552768
1,0.382278
1,0.61285
1,0.400581
1,0.430188
1,0.698187
1,0.633855
1,0.708834
1,0.459809
1,0.606639
1,0.882591
1,0.367337
1,0.580863
1,0.173503
1,0.565192
1,0.618844
1,0.671317
1,0.243007
1,0.83406
1,0.483022
1,0.600093
1,0.731508
1,0.494033
1,0.698973
1,0.364187
1,0.423441
1,0.755488
1,0.31135
1,0.462654
1,0.514884
1,0.595314
1,0.442412
1,0.593835
1,0.42856
1,0.286291
1,0.414131
1,0.427558
1,0.523655
1,0.618827
1,0.554311
1,0.246676
1,0.426988
1,0.583873
1,0.45902
1,0.316905
1,0.727958
1,0.284724
1,0.411426
1,0.735002
1,0.290215
1,0.369885
1,0.483017
1,0.491204
1,0.096452
1,0.427507
1,0.534511
1,0.507395
1,0.292383
1,0.637773
1,0.478054
1,0.802465
1,0.293358
1,0.624005
1,0.515114
1,0.676875
1,0.290636
1,0.624963
1,0.506248
1,0.631105
1,0.267662
1,0.503253
1,0.494931
1,0.493537
1,0.500842
1,0.54806
1,0.329397
1,0.553038
1,0.543219
1,0.822633
1,0.390614
1,0.366815
1,0.347271
1,0.403103
1,0.656942
1,0.413223
1,0.52949
1,0.083919
1,0.704764
1,0.611406
1,0.353763
1,0.804611
1,0.482706
1,0.685984
1,0.364319
1,0.814624
1,0.288912
1,0.434587
1,0.396097
1,0.567765
1,0.4169
1,0.169206
1,0.648906
1,0.38692
1,0.544961
1,0.387286
1,0.442933
1,0.419464
1,0.311935
1,0.692186
1,0.625027
1,0.802397
1,0.582796
1,0.566907
1,0.648358
1,0.212867
1,0.494345
1,0.581186
1,0.44117
1,0.525138
1,0.30776
1,0.410428
1,0.616227
1,0.450866
1,0.39243
1,0.322282
1,0.413891
1,0.520838
1,0.561785
1,0.483879
1,0.3714
1,0.598539
1,0.316217
1,0.275996
1,0.737082
1,0.200367
1,0.575417
1,0.798475
1,0.691197
1,0.479213
1,0.337741
1,0.84121
1,0.341923
1,0.64173
1,0.34277
1,0.583736
1,0.472507
1,0.806408
1,0.476717
1,0.541668
1,0.616841
1,0.442671
1,0.502145
1,0.381113
1,0.507998
1,0.514452
1,0.590682
1,0.719013
1,0.603265
1,0.248792
1,0.481817
1,0.307875
1,0.313913
1,0.629715
1,0.321081
1,0.467043
1,0.62394
1,0.217594
1,0.471227
1,0.461129
1,0.501825
1,0.628739
1,0.433173
1,0.619812
1,0.443335
1,0.767409
1,0.529806
1,0.52032
1,0.831458
1,0.821855
1,0.351712
1,0.33839
1,0.655596
1,0.585999
1,0.499593
1,0.698215
1,0.654778
1,0.115692
1,0.453704
1,0.244976
1,0.678055
1,0.452576
1,0.630266
1,0.698961
1,0.351532
1,0.379421
1,0.520013
1,0.356995
1,0.556491
1,0.585966
1,0.669055
1,0.180881
1,0.432319
1,0.514096
1,0.429512
1,0.237682
1,0.738848
1,0.596948
1,0.517017
1,0.565184
1,0.576561
1,0.509217
1,0.607508
1,0.387078
1,0.24523
1,0.682082
1,0.30328
1,0.675892
1,0.144333
1,0.310774
1,0.387771
1,0.586535
1,0.318781
1,0.789781
1,0.536834
1,0.545747
1,0.703906
1,0.460395
1,0.666212
1,0.546695
1,0.888662
1,0.324804
1,0.501141
1,0.152774
1,0.490516
1,0.578716
1,0.852826
1,0.501957
1,0.343185
1,0.559942
1,0.393756
1,0.414216
1,0.359229
1,0.138285
1,0.191838
1,0.15054
1,0.671188
1,0.519735
1,0.326028
1,0.159704
1,0.529635
1,0.404096
1,0.115559
1,0.112024
1,0.277311
1,0.275418
1,0.405993
1,0.643326
1,0.886123
1,0.604611
1,0.779134
1,0.243649
1,0.61946
1,0.789821
1,0.635732
1,0.461553
1,0.545814
1,0.199453
1,0.791226
1,0.38139
1,0.271297
1,0.347098
1,0.749368
1,0.546808
1,0.635271
1,0.216394
1,0.700286
1,0.626766
1,0.564643
1,0.502478
1,0.313746
1,0.323639
1,0.797947
1,0.42154
1,0.358364
1,0.396639
1,0.478359
1,0.799129
1,0.688606
1,0.558703
1,0.394731
1,0.268947
1,0.599859
1,0.333182
1,0.60876
1,0.720368
1,0.32795
1,0.474873
1,0.548783
1,0.232102
1,0.767662
1,0.260504
1,0.395148
1,0.498665
1,0.061545
1,0.481761
1,0.251263
1,0.407667
1,0.40067
1,0.429267
1,0.513769
1,0.609279
1,0.417924
1,0.429752
1,0.53957
1,0.404622
1,0.564212
1,0.624513
1,0.312869
1,0.830316
1,0.146182
1,0.374526
1,0.596205
1,0.350952
1,0.285933
1,0.352502
1,0.298989
1,0.598904
1,0.801605
1,0.23665
1,0.467919
1,0.579297
1,0.288201
1,0.498043
1,0.644518
1,0.615765
1,0.747465
1,0.623896
1,0.706695
1,0.806743
1,0.305343
1,0.309704
1,0.560858
1,0.594841
1,0.543022
1,0.57835
1,0.701156
1,0.667694
1,0.326875
1,0.538813
1,0.552432
1,0.386415
1,0.453502
1,0.439009
1,0.452531
1,0.564323
1,0.50862
1,0.734703
1,0.706021
1,0.587565
1,0.193197
1,0.564397
1,0.569116
1,0.578001
1,0.480074
1,0.55024
1,0.585962
1,0.605747
1,0.566874
1,0.577213
1,0.736657
1,0.73314
1,0.255198
1,0.609922
1,0.328074
1,0.34085
1,0.709921
1,0.598379
1,0.50144
1,0.688311
1,0.632097
1,0.606866
1,0.272947
1,0.697735
1,0.513376
1,0.792101
1,0.40307
1,0.285572
1,0.229796
1,0.457631
1,0.328466
1,0.635622
1,0.452287
1,0.399946
1,0.481179
1,0.345919
1,0.480569
1,0.572376
1,0.611968
1,0.45176
1,0.747683
1,0.483667
1,0.472561
1,0.694758
1,0.742542
1,0.342907
1,0.535825
1,0.841728
1,0.368023
1,0.305716
1,0.709389
1,0.794245
1,0.455591
1,0.56849
1,0.638971
1,0.27219
1,0.244073
1,0.628956
1,0.375405
1,0.618063
1,0.44922
1,0.536765
1,0.598211
1,0.416574
1,0.500086
1,0.358926
1,0.23854
1,0.585341
1,0.626358
1,0.507796
1,0.613822
1,0.4721
1,0.527792
1,0.449948
1,0.254296
1,0.66243
1,0.305234
1,0.422282
1,0.253528
1,0.659837
1,0.048598
1,0.358453
1,0.439476
1,0.419847
1,0.359229
1,0.485137
1,0.831218
1,0.146339
1,0.528807
1,0.220644
1,0.333682
1,0.461221
1,0.398889
1,0.80643
1,0.64661
1,0.696281
1,0.610212
1,0.271636
1,0.385917
1,0.364371
1,0.72191
1,0.46544
1,0.602504
1,0.391303
1,0.893671
1,0.730675
1,0.858722
1,0.102076
1,0.753005
1,0.249544
1,0.373302
1,0.225729
1,0.627087
1,0.202088
1,0.311574
1,0.349291
1,0.297635
1,0.618804
1,0.771092
1,0.384922
1,0.319413
1,0.573385
1,0.642016
1,0.592007
1,0.505502
1,0.115229
1,0.726422
1,0.451662
1,0.698852
1,0.501118
1,0.555713
1,0.526595
1,0.716471
1,0.605375
1,0.099802
1,0.403844
1,0.722322
1,0.521104
1,0.336043
1,0.656473
1,0.418916
1,0.492082
1,0.343049
1,0.5059
1,0.812603
1,0.17357
1,0.706827
1,0.22345
1,0.251789
1,0.509949
1,0.66182
1,0.370852
1,0.374553
1,0.293724
1,0.655257
1,0.56184
1,0.661294
1,0.662672
1,0.769385
1,0.446076
1,0.692634
1,0.544396
1,0.356605
1,0.836108
1,0.408823
1,0.542553
1,0.701373
1,0.596727
1,0.189557
1,0.626876
1,0.784627
1,0.585469
1,0.528037
1,0.496163
1,0.748118
1,0.466682
1,0.520827
1,0.648379
1,0.741898
1,0.723217
1,0.605658
1,0.463016
1,0.249347
1,0.582929
1,0.824948
1,0.367784
1,0.919841
1,0.503548
1,0.653541
1,0.537819
1,0.589803
1,0.645961
1,0.521872
1,0.547373
1,0.39682
1,0.531446
1,0.492742
1,0.35616
1,0.783731
1,0.411416
1,0.428842
1,0.201732
1,0.404831
1,0.727121
1,0.544552
1,0.460567
1,0.533431
1,0.54308
1,0.503629
1,0.210885
1,0.522576
1,0.497835
1,0.672319
1,0.525093
1,0.533058
1,0.330672
1,0.608172
1,0.356417
1,0.713593
1,0.508986
1,0.336442
1,0.546272
1,0.445911
1,0.336186
1,0.543586
1,0.436123
1,0.440727
1,0.626247
1,0.519599
1,0.83159
1,0.260564
1,0.414472
1,0.645447
1,0.418071
1,0.495013
1,0.368392
1,0.258704
1,0.742556
1,0.795431
1,0.838586
1,0.576173
1,0.700228
1,0.51991
1,0.317914
1,0.338145
1,0.37397
1,0.600427
1,0.421523
1,0.623963
1,0.358997
1,0.387454
1,0.320013
1,0.355969
1,0.296011
1,0.586698
1,0.497909
1,0.551479
1,0.56086
1,0.394529
1,0.379681
1,0.444062
1,0.301437
1,0.570158
1,0.617872
1,0.596858
1,0.480792
1,0.324069
1,0.575037
1,0.353736
1,0.3549
1,0.280907
1,0.606804
1,0.368114
1,0.592999
1,0.348824
1,0.373974
1,0.58434
1,0.528914
1,0.461409
1,0.595531
1,0.563051
1,0.682283
1,0.393481
1,0.762077
1,0.723079
1,0.694498
1,0.276913
1,0.198944
1,0.539711
1,0.254066
1,0.69727
1,0.430841
1,0.755378
1,0.638011
1,0.528498
1,0.461231
1,0.4252
1,0.230722
1,0.738765
1,0.272045
1,0.312755
1,0.52039
1,0.636529
1,0.336277
1,0.579822
1,0.813646
1,0.373509
1,0.572855
1,0.738109
1,0.539537
1,0.647337
1,0.409055
1,0.486686
1,0.736753
1,0.642555
1,0.69701
1,0.722495
1,0.322385
1,0.684775
1,0.523968
1,0.517099
1,0.56343
1,0.713625
1,0.552462
1,0.840569
1,0.503027
1,0.679246
1,0.573343
1,0.670987
1,0.625915
1,0.589256
1,0.482647
1,0.361846
1,0.63829
1,0.61044
1,0.570605
1,0.77004
1,0.450053
1,0.500893
1,0.576851
1,0.365679
1,0.577837
1,0.836935
1,0.412411
1,0.405512
1,0.772234
1,0.492843
1,0.448163
1,0.654796
1,0.353103
1,0.537449
1,0.37371
1,0.745531
1,0.540421
1,0.713041
1,0.445408
1,0.352971
1,0.306105
1,0.533512
1,0.479258
1,0.430038
1,0.598115
1,0.367683
1,0.433655
1,0.310614
1,0.519642
1,0.586397
1,0.562412
1,0.585164
1,0.681265
1,0.608482
1,0.830638
1,0.646084
1,0.367453
1,0.628701
1,0.480404
1,0.496179
1,0.503192
1,0.723451
1,0.483025
1,0.593517
1,0.441983
1,0.647432
1,0.153214
1,0.52715
1,0.661017
1,0.391925
1,0.420888
1,0.364551
1,0.483303
1,0.571638
1,0.593355
1,0.582815
1,0.773545
1,0.278054
1,0.765009
1,0.691893
1,0.538842
1,0.336699
1,0.34944
1,0.718141
1,0.572308
1,0.746511
1,0.691308
1,0.850091
1,0.57074
1,0.339184
1,0.306894
1,0.87706
1,0.248187
1,0.473599
1,0.42584
1,0.555489
1,0.628536
1,0.207121
1,0.548161
1,0.28064
1,0.502938
1,0.43508
1,0.490074
1,0.425654
1,0.533636
1,0.327765
1,0.449855
1,0.756965
1,0.444014
1,0.826205
1,0.639584
1,0.452569
1,0.443019
1,0.538594
1,0.095018
1,0.385212
1,0.521512
1,0.456333
1,0.573476
1,0.250615
1,0.431526
1,0.676184
1,0.384036
1,0.270639
1,0.486155
1,0.278126
1,0.519096
1,0.5139
1,0.526448
1,0.376788
1,0.579115
1,0.714622
1,0.345683
1,0.706447
1,0.7989
1,0.246614
1,0.331421
1,0.595338
1,0.499387
1,0.658551
1,0.334744
1,0.402102
1,0.759714
1,0.375669
1,0.624431
1,0.59784
1,0.385421
1,0.373164
1,0.626184
1,0.647968
1,0.703845
1,0.387456
1,0.352302
1,0.414442
1,0.401315
1,0.361517
1,0.376228
1,0.613347
1,0.414976
1,0.601458
1,0.401133
1,0.552411
1,0.418431
1,0.677352
1,0.453308
1,0.26268
1,0.526517
1,0.421574
1,0.607817
1,0.204531
1,0.420064
1,0.350306
1,0.59574
1,0.762238
1,0.380496
1,0.842419
1,0.419373
1,0.446858
1,0.45213
1,0.570374
1,0.727771
1,0.23304
1,0.248784
1,0.56149
1,0.542994
1,0.430636
1,0.413466
1,0.423436
1,0.678498
1,0.548509
1,0.513711
1,0.649455
1,0.571708
1,0.361676
1,0.570013
1,0.319154
1,0.447516
1,0.302066
1,0.854931
1,0.418644
1,0.618502
1,0.657803
1,0.63898
1,0.731965
1,0.528441
1,0.692945
1,0.596819
1,0.528745
1,0.451595
1,0.422038
1,0.457936
1,0.799207
1,0.378476
1,0.547407
1,0.473918
1,0.538723
1,0.394902
1,0.676428
1,0.415626
1,0.739909
1,0.577978
1,0.531236
1,0.693829
1,0.640888
1,0.754814
1,0.379616
1,0.678145
1,0.509966
1,0.754811
1,0.652282
1,0.345538
1,0.567895
1,0.567864
1,0.368173
1,0.615888
1,0.468894
1,0.647063
1,0.416976
1,0.592032
1,0.528882
1,0.114359
1,0.795217
1,0.336526
1,0.105197
1,0.486463
1,0.185968
1,0.412849
1,0.491446
1,0.220972
1,0.574455
1,0.406832
1,0.51947
1,0.287322
1,0.515738
1,0.260989
1,0.403909
1,0.443765
1,0.615709
1,0.338732
1,0.370984
1,0.873318
1,0.48824
1,0.713783
1,0.49973
1,0.473151
1,0.571429
1,0.294097
1,0.309485
1,0.724558
1,0.738498
1,0.167114
1,0.53147
1,0.231721
1,0.369193
1,0.433772
1,0.588363
1,0.236165
1,0.549801
1,0.146206
1,0.80348
1,0.511621
1,0.590723
1,0.470224
1,0.601447
1,0.638938
1,0.7621
1,0.800015
1,0.790817
1,0.777372
1,0.5127
1,0.392499
1,0.430998
1,0.353936
1,0.335891
1,0.568031
1,0.646877
1,0.398173
1,0.405687
1,0.44068
1,0.387667
1,0.455628
1,0.834281
1,0.452797
1,0.788997
1,0.76441
1,0.54002
1,0.615778
1,0.662345
1,0.339951
1,0.762107
1,0.579055
1,0.603575
1,0.851655
1,0.163768
1,0.545682
1,0.261084
1,0.45456
1,0.245885
1,0.45855
1,0.63988
1,0.778929
1,0.429882
1,0.815202
1,0.378038
1,0.444087
1,0.427083
1,0.228114
1,0.790715
1,0.657084
1,0.533913
1,0.811166
1,0.52291
1,0.531932
1,0.293782
1,0.437566
1,0.599117
1,0.692885
1,0.550618
1,0.53074
1,0.47581
1,0.560816
1,0.644257
1,0.611811
1,0.859599
1,0.608501
1,0.66332
1,0.548694
1,0.609813
1,0.545837
1,0.306281
1,0.508642
1,0.167759
1,0.79181
1,0.620141
1,0.716508
1,0.25514
1,0.434354
1,0.387999
1,0.187342
1,0.197744
1,0.533862
1,0.725166
1,0.680327
1,0.393384
1,0.346237
1,0.504467
1,0.343548
1,0.759735
1,0.635521
1,0.594686
1,0.340141
1,0.345943
1,0.816779
1,0.594489
1,0.743848
1,0.259534
1,0.371481
1,0.363893
1,0.822217
1,0.792417
1,0.460397
1,0.514493
1,0.422132
1,0.338112
1,0.519795
1,0.698138
1,0.534439
1,0.536415
1,0.496698
1,0.595309
1,0.35466
1,0.234949
1,0.791898
1,0.245017
1,0.652015
1,0.391191
1,0.464088
1,0.454943
1,0.590198
1,0.420527
1,0.489245
1,0.453411
1,0.737416
1,0.724988
1,0.427522
1,0.642302
1,0.575135
1,0.527421
1,0.521272
1,0.157032
1,0.296283
1,0.644953
1,0.653382
1,0.515136
1,0.309179
1,0.176821
1,0.559252
1,0.637563
1,0.682293
1,0.775378
1,0.307601
1,0.575961
1,0.484272
1,0.680308
1,0.603272
1,0.682528
1,0.659769
1,0.313677
1,0.680553
1,0.724704
1,0.770754
1,0.551794
1,0.42702
1,0.358433
1,0.486895
1,0.612021
1,0.441965
1,0.444299
1,0.322979
1,0.875442
1,0.414289
1,0.433492
1,0.41192
1,0.485271
1,0.293301
1,0.612205
1,0.577063
1,0.506111
1,0.416235
1,0.43668
1,0.360611
1,0.273753
1,0.698275
1,0.388136
1,0.730957
1,0.491085
1,0.389902
1,0.612969
1,0.82653
1,0.532161
1,0.341167
1,0.474079
1,0.571859
1,0.233493
1,0.596593
1,0.301276
1,0.560009
1,0.696187
1,0.240859
1,0.730527
1,0.568491
1,0.593706
1,0.36888
1,0.555551
1,0.489066
1,0.376815
1,0.359964
1,0.589135
1,0.254112
1,0.305944
1,0.885659
1,0.415122
1,0.782962
1,0.653454
1,0.479887
1,0.318138
1,0.478488
1,0.673644
1,0.379358
1,0.708897
1,0.763141
1,0.594301
1,0.682786
1,0.606585
1,0.454308
1,0.514872
1,0.357285
1,0.763455
1,0.822938
1,0.672574
1,0.443078
1,0.458581
1,0.377897
1,0.375333
1,0.670139
1,0.452978
1,0.686368
1,0.482126
1,0.356984
1,0.501601
1,0.56496
1,0.571908
1,0.558449
1,0.62227
1,0.593729
1,0.724155
1,0.819752
1,0.693341
1,0.432576
1,0.778433
1,0.327604
1,0.351764
1,0.692971
1,0.596205
1,0.564931
1,0.470096
1,0.524842
1,0.514224
1,0.491884
1,0.54035
1,0.683816
1,0.461706
1,0.603566
1,0.498211
1,0.444996
1,0.723462
1,0.775801
1,0.430223
1,0.654659
1,0.500669
1,0.602937
1,0.708729
1,0.577614
1,0.302741
1,0.511465
1,0.464565
1,0.766043
1,0.384694
1,0.600651
1,0.490817
1,0.303602
1,0.330154
1,0.745516
1,0.707121
1,0.479923
1,0.633384
1,0.588641
1,0.600035
1,0.750169
1,0.726207
1,0.415631
1,0.162168
1,0.607787
1,0.667971
1,0.413938
1,0.525098
1,0.403573
1,0.502877
1,0.479018
1,0.387958
1,0.76806
1,0.362073
1,0.639705
1,0.409491
1,0.595862
1,0.653832
1,0.522894
1,0.750214
1,0.730826
1,0.662015
1,0.733075
1,0.142684
1,0.62591
1,0.893328
1,0.303578
1,0.526743
1,0.325448
1,0.687971
1,0.787997
1,0.439023
1,0.623559
1,0.579827
1,0.26963
1,0.485092
1,0.71552
1,0.667448
1,0.55745
1,0.562965
1,0.773635
1,0.285805
1,0.456923
1,0.488622
1,0.340256
1,0.194836
1,0.189248
1,0.317925
1,0.619957
1,0.241866
1,0.41181
1,0.663092
1,0.455432
1,0.569422
1,0.630279
1,0.554502
1,0.485053
1,0.419644
1,0.566572
1,0.500988
1,0.681458
1,0.45069
1,0.46038
1,0.417309
1,0.444261
1,0.708835
1,0.530998
1,0.648536
1,0.512567
1,0.359595
1,0.807424
1,0.746243
1,0.620058
1,0.681878
1,0.457431
1,0.59761
1,0.391645
1,0.492984
1,0.856849
1,0.41896
1,0.734428
1,0.315455
1,0.442595
1,0.687369
1,0.615001
1,0.678219
1,0.612707
1,0.412198
1,0.354994
1,0.369943
1,0.589629
1,0.507948
1,0.586213
1,0.503903
1,0.551686
1,0.325747
1,0.441781
1,0.853883
1,0.433859
1,0.450052
1,0.261731
1,0.504943
1,0.641601
1,0.475694
1,0.678888
1,0.278743
1,0.631351
1,0.194246
1,0.810864
1,0.509632
1,0.358471
1,0.64376
1,0.496418
1,0.477524
1,0.820907
1,0.752589
1,0.396779
1,0.563156
1,0.488263
1,0.778101
1,0.39276
1,0.324643
1,0.66567
1,0.581253
1,0.60127
1,0.746149
1,0.786961
1,0.34583
1,0.588522
1,0.481181
1,0.280383
1,0.506042
1,0.23077
1,0.327228
1,0.266936
1,0.577327
1,0.534083
1,0.418614
1,0.482217
1,0.673328
1,0.406864
1,0.463939
1,0.472916
1,0.597051
1,0.527868
1,0.43369
1,0.438705
1,0.693407
1,0.371272
1,0.289242
1,0.530901
1,0.753368
1,0.415617
1,0.558383
1,0.708916
1,0.293326
1,0.373446
1,0.422073
1,0.745947
1,0.305252
1,0.703284
1,0.902236
1,0.545604
1,0.381416
1,0.593503
1,0.596455
1,0.270953
1,0.294765
1,0.488732
1,0.285883
1,0.470588
1,0.71754
1,0.468752
1,0.641553
1,0.147564
1,0.58277
1,0.37234
1,0.36287
1,0.732449
1,0.560661
1,0.674871
1,0.544292
1,0.409407
1,0.533837
1,0.376226
1,0.422175
1,0.257788
1,0.352188
1,0.75644
1,0.648379
1,0.467021
1,0.38601
1,0.606898
1,0.548017
1,0.50885
1,0.316767
1,0.323202
1,0.714495
1,0.527686
1,0.574971
1,0.523877
1,0.184316
1,0.476715
1,0.279072
1,0.557313
1,0.660357
1,0.168936
1,0.399509
1,0.628142
1,0.17249
1,0.795642
1,0.402089
1,0.224929
1,0.766027
1,0.371619
1,0.539503
1,0.709865
1,0.685858
1,0.349943
1,0.311741
1,0.819383
1,0.537265
1,0.456673
1,0.576167
1,0.582257
1,0.606499
1,0.659458
1,0.221976
1,0.334567
1,0.632704
1,0.357832
1,0.557516
1,0.55131
1,0.502393
1,0.542767
1,0.088366
1,0.341519
1,0.677297
1,0.648576
1,0.347318
1,0.407231
1,0.571014
1,0.751159
1,0.559909
1,0.535527
1,0.422362
1,0.561964
1,0.30212
1,0.528145
1,0.627575
1,0.559348
1,0.563402
1,0.60617
1,0.59646
1,0.610495
1,0.50469
1,0.53869
1,0.848832
1,0.135469
1,0.478037
1,0.681704
1,0.195489
1,0.538154
1,0.313477
1,0.374391
1,0.555032
1,0.747589
1,0.577669
1,0.275703
1,0.730774
1,0.397378
1,0.403864
1,0.641524
1,0.509533
1,0.570006
1,0.396389
1,0.526379
1,0.334702
1,0.390282
1,0.271464
1,0.57777
1,0.521273
1,0.367751
1,0.61681
1,0.36914
1,0.616284
1,0.546904
1,0.652403
1,0.387966
1,0.494601
1,0.401189
1,0.60157
1,0.691925
1,0.705925
1,0.302012
1,0.493681
1,0.531074
1,0.652165
1,0.620945
1,0.522412
1,0.443042
1,0.306171
1,0.580614
1,0.477546
1,0.626626
1,0.708339
1,0.754614
1,0.68956
1,0.270656
1,0.428134
1,0.643807
1,0.390491
1,0.299653
1,0.312523
1,0.700485
1,0.263066
1,0.222374
1,0.294361
1,0.478518
1,0.356523
1,0.562353
1,0.727964
1,0.378297
1,0.38093
1,0.555407
1,0.604592
1,0.649612
1,0.252978
1,0.253282
1,0.555474
1,0.44552
1,0.708536
1,0.469989
1,0.335705
1,0.677833
1,0.249358
1,0.362591
1,0.373634
1,0.216455
1,0.541012
1,0.550652
1,0.492911
1,0.439357
1,0.466104
1,0.52398
1,0.373316
1,0.778633
1,0.550203
1,0.484687
1,0.679328
1,0.325633
1,0.571646
1,0.488959
1,0.644682
1,0.435568
1,0.531094
1,0.89017
1,0.718521
1,0.156202
1,0.555667
1,0.259838
1,0.315416
1,0.379873
1,0.375458
1,0.382297
1,0.523183
1,0.681059
1,0.541838
1,0.698965
1,0.466193
1,0.358319
1,0.723348
1,0.688145
1,0.68335
1,0.26114
1,0.442356
1,0.709001
1,0.214129
1,0.584279
1,0.480376
1,0.503529
1,0.465771
1,0.253972
1,0.573951
1,0.20137
1,0.280883
1,0.671898
1,0.36154
1,0.599238
1,0.584104
1,0.578643
1,0.63966
1,0.588368
1,0.542866
1,0.655697
1,0.664543
1,0.223769
1,0.725213
1,0.330165
1,0.413026
1,0.306779
1,0.75266
1,0.500835
1,0.493743
1,0.402337
1,0.63768
1,0.473951
1,0.877032
1,0.683547
1,0.618441
1,0.636029
1,0.404491
1,0.720824
1,0.862241
1,0.583475
1,0.544545
1,0.323776
1,0.381029
1,0.575421
1,0.194133
1,0.27648
1,0.43713
1,0.605685
1,0.184767
1,0.475585
1,0.501499
1,0.735765
1,0.618911
1,0.742133
1,0.557661
1,0.67649
1,0.471111
1,0.339282
1,0.626497
1,0.63596
1,0.541928
1,0.345186
1,0.557402
1,0.670815
1,0.26363
1,0.172499
1,0.416658
1,0.437621
1,0.341589
1,0.438554
1,0.34168
1,0.031175
1,0.317827
1,0.310317
1,0.514533
1,0.41083
1,0.533879
1,0.268145
1,0.470311
1,0.180018
1,0.465607
1,0.690768
1,0.523003
1,0.733636
1,0.354905
1,0.359705
1,0.367127
1,0.299362
1,0.550464
1,0.570301
1,0.681507
1,0.55901
1,0.794726
1,0.487374
1,0.677505
1,0.725661
1,0.696104
1,0.615843
1,0.684188
1,0.602903
1,0.395524
1,0.208977
1,0.605922
1,0.498377
1,0.575026
1,0.53264
1,0.29587
1,0.3915
1,0.427784
1,0.310111
1,0.556222
1,0.54925
1,0.45549
1,0.813063
1,0.368117
1,0.297218
1,0.658757
1,0.439235
1,0.344912
1,0.610433
1,0.578311
1,0.249362
1,0.351392
1,0.37426
1,0.57436
1,0.431915
1,0.515555
1,0.62574
1,0.368165
1,0.833465
1,0.680697
1,0.669583
1,0.425243
1,0.475747
1,0.603042
1,0.795532
1,0.560501
1,0.580097
1,0.241121
1,0.713755
1,0.72274
1,0.586762
1,0.198348
1,0.089554
1,0.25895
1,0.182413
1,0.597211
1,0.513704
1,0.746801
1,0.444704
1,0.50052
1,0.553466
1,0.197648
1,0.327813
1,0.81464
1,0.58
1,0.624686
1,0.570837
1,0.582412
1,0.466455
1,0.590134
1,0.444224
1,0.595527
1,0.723241
1,0.614831
1,0.298365
1,0.655761
1,0.389673
1,0.828203
1,0.670039
1,0.297754
1,0.368129
1,0.299841
1,0.594661
1,0.433607
1,0.739826
1,0.572467
1,0.404981
1,0.710438
1,0.589612
1,0.235523
1,0.658265
1,0.303684
1,0.194408
1,0.299262
1,0.676126
1,0.131428
1,0.441747
1,0.519291
1,0.394378
1,0.333615
1,0.5797
1,0.581649
1,0.336497
1,0.344323
1,0.117175
1,0.456195
1,0.337538
1,0.598083
1,0.639489
1,0.554954
1,0.492112
1,0.404562
1,0.598562
1,0.349282
1,0.167993
1,0.310486
1,0.592046
1,0.397127
1,0.4189
1,0.674864
1,0.381746
1,0.589293
1,0.698536
1,0.64366
1,0.633745
1,0.482765
1,0.180306
1,0.259527
1,0.561471
1,0.804519
1,0.339683
1,0.488357
1,0.228222
1,0.472508
1,0.169361
1,0.398157
1,0.493848
1,0.619873
1,0.726616
1,0.666528
1,0.466772
1,0.445849
1,0.706695
1,0.590069
1,0.48939
1,0.594267
1,0.333424
1,0.576509
1,0.629265
1,0.347443
1,0.067169
1,0.615571
1,0.395387
1,0.310273
1,0.324345
1,0.374494
1,0.561416
1,0.520254
1,0.550945
1,0.677035
1,0.537031
1,0.334946
1,0.395399
1,0.489793
1,0.412216
1,0.278756
1,0.576284
1,0.696375
1,0.253549
1,0.726355
1,0.722653
1,0.623564
1,0.451244
1,0.928523
1,0.684102
1,0.458161
1,0.298673
1,0.453454
1,0.29374
1,0.52632
1,0.53362
1,0.20333
1,0.301895
1,0.514091
1,0.526881
1,0.618399
1,0.630733
1,0.884382
1,0.139663
1,0.681234
1,0.709295
1,0.378117
1,0.469707
1,0.699178
1,0.493575
1,0.414775
1,0.452313
1,0.408433
1,0.513453
1,0.535823
1,0.382878
1,0.674332
1,0.84281
1,0.437625
1,0.768185
1,0.638032
1,0.55239
1,0.462949
1,0.279751
1,0.214501
1,0.507116
1,0.764
1,0.2591
1,0.476706
1,0.448841
1,0.361355
1,0.775426
1,0.76475
1,0.369778
1,0.423982
1,0.159637
1,0.472421
1,0.443789
1,0.655975
1,0.320061
1,0.145562
1,0.451349
1,0.450877
1,0.687505
1,0.62322
1,0.758951
1,0.677316
1,0.299406
1,0.604237
1,0.737488
1,0.470992
1,0.462535
1,0.22055
1,0.483078
1,0.408091
1,0.480595
1,0.560138
1,0.375664
1,0.479604
1,0.502954
1,0.61027
1,0.308569
1,0.643103
1,0.690311
1,0.655325
1,0.794454
1,0.402939
1,0.395165
1,0.643905
1,0.322394
1,0.664255
1,0.517459
1,0.459169
1,0.347327
1,0.402582
1,0.533779
1,0.623029
1,0.414393
1,0.645155
1,0.729821
1,0.184784
1,0.608897
1,0.840211
1,0.200405
1,0.295508
1,0.510199
1,0.511837
1,0.604488
1,0.623848
1,0.510808
1,0.427305
1,0.764795
1,0.473842
1,0.241255
1,0.432976
1,0.636356
1,0.151438
1,0.502287
1,0.445934
1,0.476786
1,0.428203
1,0.34626
1,0.440002
1,0.436763
1,0.775794
1,0.639706
1,0.521754
1,0.671692
1,0.709826
1,0.388225
1,0.485184
1,0.529226
1,0.331269
1,0.466093
1,0.556414
1,0.593065
1,0.434589
1,0.707383
1,0.567985
1,0.310079
1,0.227292
1,0.706389
1,0.597328
1,0.74221
1,0.518232
1,0.527516
1,0.556113
1,0.418808
1,0.415201
1,0.403564
1,0.781427
1,0.651201
1,0.456819
1,0.306281
1,0.360537
1,0.887932
1,0.50177
1,0.682112
1,0.385957
1,0.475864
1,0.537183
1,0.804799
1,0.681097
1,0.474776
1,0.680825
1,0.581123
1,0.761521
1,0.611326
1,0.659751
1,0.737663
1,0.774661
1,0.417934
1,0.268194
1,0.664267
1,0.424592
1,0.716667
1,0.810218
1,0.520686
1,0.401532
1,0.390168
1,0.72724
1,0.899978
1,0.410181
1,0.748598
1,0.648361
1,0.597393
1,0.563241
1,0.249414
1,0.421787
1,0.361444
1,0.410174
1,0.304724
1,0.686354
1,0.390073
1,0.294018
1,0.372657
1,0.552086
1,0.796333
1,0.237131
1,0.445425
1,0.517453
1,0.802969
1,0.620572
1,0.160728
1,0.195563
1,0.66182
1,0.505154
1,0.513247
1,0.119444
1,0.488049
1,0.635523
1,0.582979
1,0.385946
1,0.624207
1,0.621764
1,0.558889
1,0.60533
1,0.63183
1,0.337709
1,0.297049
1,0.534528
1,0.429974
1,0.206558
1,0.257949
1,0.461758
1,0.62802
1,0.22199
1,0.352232
1,0.680925
1,0.383858
1,0.450609
1,0.395924
1,0.440761
1,0.910922
1,0.636477
1,0.135254
1,0.740375
1,0.748962
1,0.325893
1,0.426213
1,0.509885
1,0.459264
1,0.559358
1,0.810395
1,0.306582
1,0.507515
1,0.518187
1,0.57645
1,0.549309
1,0.599157
1,0.389084
1,0.544883
1,0.456079
1,0.461184
1,0.478749
1,0.548284
1,0.680899
1,0.449439
1,0.459632
1,0.881821
1,0.214327
1,0.692239
1,0.208855
1,0.698962
1,0.297131
1,0.269146
1,0.57574
1,0.469576
1,0.241149
1,0.665162
1,0.51364
1,0.588952
1,0.523422
1,0.512688
1,0.618955
1,0.320023
1,0.764042
1,0.549468
1,0.539904
1,0.530908
1,0.744916
1,0.590759
1,0.351924
1,0.844364
1,0.323338
1,0.518106
1,0.40621
1,0.57635
1,0.26173
1,0.57733
1,0.491486
1,0.312982
1,0.517711
1,0.379743
1,0.71926
1,0.558327
1,0.771003
1,0.599997
1,0.417194
1,0.59518
1,0.366558
1,0.746495
1,0.454149
1,0.57576
1,0.270745
1,0.532565
1,0.814985
1,0.402848
1,0.275691
1,0.734675
1,0.317476
1,0.656546
1,0.759917
1,0.278934
1,0.49613
1,0.571445
1,0.284404
1,0.293769
1,0.747208
1,0.80076
1,0.339548
1,0.537081
1,0.260417
1,0.133496
1,0.739549
1,0.386839
1,0.71616
1,0.563595
1,0.674684
1,0.355554
1,0.449625
1,0.379288
1,0.258803
1,0.583316
1,0.718401
1,0.671398
1,0.676024
1,0.870049
1,0.258225
1,0.469109
1,0.415964
1,0.115082
1,0.151097
1,0.724234
1,0.309216
1,0.723491
1,0.540077
1,0.461125
1,0.565058
1,0.503295
1,0.311179
1,0.684197
1,0.250089
1,0.41927
1,0.647053
1,0.45401
1,0.553406
1,0.491496
1,0.589217
1,0.633559
1,0.443151
1,0.549595
1,0.449514
1,0.272437
1,0.29077
1,0.698193
1,0.544794
1,0.480886
1,0.173853
1,0.585651
1,0.457672
1,0.301342
1,0.464046
1,0.605306
1,0.705677
1,0.392035
1,0.491826
1,0.291751
1,0.501058
1,0.773262
1,0.569498
1,0.756291
1,0.719878
1,0.263405
1,0.689397
1,0.232514
1,0.609941
1,0.351401
1,0.415783
1,0.265604
1,0.461285
1,0.324404
1,0.382398
1,0.563556
1,0.657124
1,0.499636
1,0.563919
1,0.579096
1,0.386676
1,0.495402
1,0.624301
1,0.509141
1,0.492104
1,0.622824
1,0.625147
1,0.595886
1,0.669718
1,0.622391
1,0.43449
1,0.517795
1,0.482813
1,0.344547
1,0.459654
1,0.632636
1,0.32301
1,0.469287
1,0.411411
1,0.451621
1,0.319678
1,0.376416
1,0.499883
1,0.432897
1,0.345906
1,0.455831
1,0.602624
1,0.458563
1,0.848928
1,0.623883
1,0.551305
1,0.345064
1,0.332883
1,0.623944
1,0.360332
1,0.550191
1,0.875251
1,0.274956
1,0.431018
1,0.416979
1,0.246367
1,0.76076
1,0.87186
1,0.748665
1,0.290435
1,0.306532
1,0.759513
1,0.530927
1,0.506585
1,0.472945
1,0.42758
1,0.13872
1,0.424898
1,0.438901
1,0.569636
1,0.929756
1,0.615536
1,0.644208
1,0.161903
1,0.375542
1,0.355946
1,0.475886
1,0.187115
1,0.730822
1,0.583357
1,0.703494
1,0.677593
1,0.51289
1,0.535397
1,0.432213
1,0.420102
1,0.701219
1,0.695385
1,0.151579
1,0.169047
1,0.382621
1,0.608587
1,0.504923
1,0.390479
1,0.396805
1,0.398663
1,0.525296
1,0.630156
1,0.460687
1,0.55076
1,0.479602
1,0.472667
1,0.59373
1,0.493465
1,0.806679
1,0.577078
1,0.445444
1,0.823393
1,0.593863
1,0.783259
1,0.684642
1,0.381993
1,0.64757
1,0.571786
1,0.415554
1,0.596701
1,0.423504
1,0.602714
1,0.696833
1,0.18028
1,0.555181
1,0.638802
1,0.588436
1,0.49931
1,0.599278
1,0.587228
1,0.792679
1,0.507781
1,0.423401
1,0.428181
1,0.457392
1,0.244565
1,0.402823
1,0.586284
1,0.300242
1,0.583788
1,0.666423
1,0.293924
1,0.608973
1,0.442259
1,0.283971
1,0.862184
1,0.191477
1,0.458175
1,0.366047
1,0.546062
1,0.476678
1,0.565937
1,0.500062
1,0.240438
1,0.524246
1,0.28958
1,0.24823
1,0.536206
1,0.510292
1,0.452685
1,0.555361
1,0.449025
1,0.450921
1,0.308549
1,0.745868
1,0.499217
1,0.535258
1,0.355805
1,0.532043
1,0.528006
1,0.71897
1,0.665538
1,0.322385
1,0.427442
1,0.519509
1,0.20247
1,0.703637
1,0.444874
1,0.202113
1,0.540108
1,0.49317
1,0.728059
1,0.677647
1,0.471684
1,0.475835
1,0.629544
1,0.334455
1,0.397768
1,0.247834
1,0.758436
1,0.603063
1,0.659246
1,0.744569
1,0.430484
1,0.535966
1,0.380569
1,0.206596
1,0.445216
1,0.85852
1,0.438668
1,0.60025
1,0.479648
1,0.63522
1,0.782557
1,0.687425
1,0.285236
1,0.514516
1,0.431744
1,0.664177
1,0.484012
1,0.495267
1,0.208004
1,0.100456
1,0.277443
1,0.837108
1,0.262365
1,0.312628
1,0.282038
1,0.251721
1,0.495754
1,0.422302
1,0.809405
1,0.421702
1,0.58814
1,0.794949
1,0.566208
1,0.665195
1,0.641817
1,0.348398
1,0.440421
1,0.921773
1,0.293874
1,0.634469
1,0.494864
1,0.396186
1,0.488971
1,0.733668
1,0.545126
1,0.475588
1,0.518688
1,0.448864
1,0.349947
1,0.844989
1,0.384522
1,0.614612
1,0.333404
1,0.532195
1,0.485705
1,0.454218
1,0.268955
1,0.520621
1,0.556178
1,0.597418
1,0.508656
1,0.731957
1,0.62976
1,0.48173
1,0.548011
1,0.240036
1,0.419899
1,0.351449
1,0.837462
1,0.515743
1,0.619663
1,0.408698
1,0.40674
1,0.354449
1,0.473793
1,0.236302
1,0.309379
1,0.540022
1,0.577366
1,0.63208
1,0.122091
1,0.756943
1,0.440927
1,0.566239
1,0.793547
1,0.769067
1,0.502611
1,0.551054
1,0.299006
1,0.116805
1,0.28714
1,0.729426
1,0.414244
1,0.327824
1,0.498668
1,0.575257
1,0.572378
1,0.200799
1,0.305475
1,0.169963
1,0.765792
1,0.683106
1,0.455647
1,0.61582
1,0.477242
1,0.576976
1,0.609832
1,0.84734
1,0.223535
1,0.562734
1,0.655857
1,0.423435
1,0.449668
1,0.38083
1,0.429595
1,0.703284
1,0.508088
1,0.41306
1,0.857464
1,0.358516
1,0.394411
1,0.480246
1,0.463351
1,0.541204
1,0.628677
1,0.339788
1,0.268572
1,0.220417
1,0.183658
1,0.732366
1,0.208375
1,0.183447
1,0.519909
1,0.345344
1,0.140193
1,0.255924
1,0.403141
1,0.405376
1,0.589719
1,0.574392
1,0.664245
1,0.496477
1,0.694235
1,0.584045
1,0.394313
1,0.435952
1,0.668929
1,0.2614
1,0.156486
1,0.699567
1,0.521169
1,0.407996
1,0.403191
1,0.592007
1,0.534431
1,0.392488
1,0.438615
1,0.377363
1,0.159462
1,0.648831
1,0.27976
1,0.365332
1,0.80501
1,0.715173
1,0.607207
1,0.30175
1,0.568606
1,0.536148
1,0.353303
1,0.625237
1,0.570109
1,0.269049
1,0.415141
1,0.767153
1,0.765983
1,0.599446
1,0.579223
1,0.297895
1,0.562512
1,0.448615
1,0.403798
1,0.349846
1,0.487529
1,0.648621
1,0.442744
1,0.626806
1,0.745041
1,0.602336
1,0.389966
1,0.377847
1,0.57893
1,0.365584
1,0.691043
1,0.229808
1,0.369318
1,0.546323
1,0.558808
1,0.462586
1,0.724019
1,0.648491
1,0.430382
1,0.708588
1,0.405949
1,0.601571
1,0.358101
1,0.785302
1,0.370947
1,0.312309
1,0.549819
1,0.38709
1,0.475715
1,0.43065
1,0.741659
1,0.321532
1,0.484017
1,0.569154
1,0.461383
1,0.372255
1,0.197013
1,0.415651
1,0.5661
1,0.723695
1,0.57795
1,0.609698
1,0.462316
1,0.190069
1,0.320717
1,0.126899
1,0.465996
1,0.347259
1,0.575358
1,0.170321
1,0.615521
1,0.38518
1,0.473247
1,0.631387
1,0.864167
1,0.6783
1,0.564096
1,0.460274
1,0.36396
1,0.777498
1,0.379759
1,0.408628
1,0.339404
1,0.737778
1,0.160825
1,0.276275
1,0.72371
1,0.325171
1,0.766058
1,0.327008
1,0.408884
1,0.680797
1,0.269937
1,0.713427
1,0.641644
1,0.635359
1,0.642919
1,0.554122
1,0.605813
1,0.396319
1,0.22555
1,0.568695
1,0.379991
1,0.552925
1,0.726298
1,0.313114
1,0.478157
1,0.562786
1,0.389217
1,0.457321
1,0.296736
1,0.467657
1,0.660329
1,0.463457
1,0.495038
1,0.323642
1,0.568196
1,0.811358
1,0.247408
1,0.572413
1,0.522196
1,0.757046
1,0.749858
1,0.398137
1,0.687808
1,0.153923
1,0.507094
1,0.640118
1,0.516613
1,0.490908
1,0.203542
1,0.558076
1,0.646483
1,0.258598
1,0.734084
1,0.775071
1,0.567661
1,0.509552
1,0.354727
1,0.810688
1,0.802295
1,0.225059
1,0.50179
1,0.612125
1,0.589855
1,0.303169
1,0.89836
1,0.226035
1,0.450036
1,0.707229
1,0.676919
1,0.569415
1,0.419868
1,0.77713
1,0.462968
1,0.285013
1,0.385691
1,0.231544
1,0.389081
1,0.354762
1,0.657386
1,0.648553
1,0.291237
1,0.293951
1,0.538895
1,0.725186
1,0.425776
1,0.241925
1,0.364653
1,0.381005
1,0.4866
1,0.355656
1,0.725298
1,0.326735
1,0.613724
1,0.394655
1,0.404692
1,0.55716
1,0.22337
1,0.523949
1,0.571812
1,0.613316
1,0.455792
1,0.212744
1,0.780241
1,0.242463
1,0.573382
1,0.590895
1,0.358992
1,0.57696
1,0.608716
1,0.502831
1,0.815321
1,0.498148
1,0.647967
1,0.619581
1,0.285191
1,0.357859
1,0.379088
1,0.555295
1,0.295487
1,0.458254
1,0.236359
1,0.666913
1,0.424804
1,0.726272
1,0.295776
1,0.157955
1,0.611647
1,0.517485
1,0.636976
1,0.618367
1,0.256986
1,0.701344
1,0.595536
1,0.439914
1,0.221253
1,0.716826
1,0.622025
1,0.477905
1,0.383641
1,0.461426
1,0.430348
1,0.777403
1,0.546036
1,0.217916
1,0.645785
1,0.34344
1,0.855796
1,0.424833
1,0.306352
1,0.377009
1,0.582318
1,0.388043
1,0.1854
1,0.760816
1,0.376288
1,0.633859
1,0.65049
1,0.337088
1,0.438564
1,0.508368
1,0.512686
1,0.673851
1,0.305583
1,0.576309
1,0.683815
1,0.28023
1,0.335673
1,0.425019
1,0.497789
1,0.368663
1,0.59002
1,0.429031
1,0.420691
1,0.857342
1,0.68536
1,0.630265
1,0.543494
1,0.693164
1,0.628134
1,0.384809
1,0.422022
1,0.451097
1,0.552534
1,0.632358
1,0.647541
1,0.492433
1,0.826085
1,0.40115
1,0.298169
1,0.800206
1,0.27356
1,0.452132
1,0.604013
1,0.589565
1,0.258417
1,0.622385
1,0.49081
1,0.649659
1,0.567372
1,0.36711
1,0.554283
1,0.49808
1,0.311107
1,0.457692
1,0.474515
1,0.398044
1,0.56571
1,0.52462
1,0.460105
1,0.653866
1,0.321736
1,0.421318
1,0.28677
1,0.672929
1,0.416159
1,0.733875
1,0.283302
1,0.479611
1,0.877153
1,0.475071
1,0.598583
1,0.378986
1,0.753447
1,0.513659
1,0.692933
1,0.542129
1,0.402611
1,0.237372
1,0.47485
1,0.622687
1,0.735998
1,0.766767
1,0.547415
1,0.738201
1,0.241108
1,0.519253
1,0.719124
1,0.670711
1,0.411226
1,0.573545
1,0.556811
1,0.331649
1,0.43826
1,0.680298
1,0.485884
1,0.333115
1,0.191998
1,0.437413
1,0.607502
1,0.507903
1,0.636876
1,0.441381
1,0.673293
1,0.684502
1,0.251189
1,0.611608
1,0.748958
1,0.402274
1,0.715836
1,0.752941
1,0.503009
1,0.350418
1,0.864957
1,0.626576
1,0.451881
1,0.368479
1,0.174299
1,0.645602
1,0.420891
1,0.510798
1,0.270199
1,0.303331
1,0.576006
1,0.442249
1,0.553278
1,0.451581
1,0.66531
1,0.569908
1,0.464552
1,0.612905
1,0.655529
1,0.362095
1,0.636246
1,0.468314
1,0.522188
1,0.790523
1,0.720108
1,0.711989
1,0.523118
1,0.363132
1,0.500047
1,0.346691
1,0.61508
1,0.646353
1,0.243716
1,0.570957
1,0.427928
1,0.555389
1,0.5427
1,0.389547
1,0.374814
1,0.639533
1,0.367501
1,0.676647
1,0.667827
1,0.920416
1,0.850277
1,0.78457
1,0.439735
1,0.675189
1,0.600667
1,0.489601
1,0.436846
1,0.582861
1,0.788667
1,0.568779
1,0.25976
1,0.224396
1,0.651715
1,0.52281
1,0.802548
1,0.491058
1,0.798999
1,0.491521
1,0.61555
1,0.496602
1,0.33176
1,0.710067
1,0.229458
1,0.348769
1,0.360387
1,0.684257
1,0.38162
1,0.780369
1,0.045426
1,0.832885
1,0.409824
1,0.323328
1,0.418004
1,0.563863
1,0.473925
1,0.365562
1,0.367441
1,0.369326
1,0.596553
1,0.488314
1,0.377851
1,0.439222
1,0.302751
1,0.303938
1,0.661231
1,0.697455
1,0.459838
1,0.563876
1,0.45118
1,0.648759
1,0.736344
1,0.220657
1,0.460557
1,0.482177
1,0.294143
1,0.343495
1,0.697778
1,0.339174
1,0.325534
1,0.627962
1,0.488839
1,0.534392
1,0.688765
1,0.620202
1,0.496569
1,0.484123
1,0.30058
1,0.419208
1,0.787593
1,0.417569
1,0.516186
1,0.33753
1,0.738574
1,0.561942
1,0.22386
1,0.876317
1,0.454772
1,0.057691
1,0.474646
1,0.376249
1,0.611641
1,0.26182
1,0.483155
1,0.621682
1,0.46559
1,0.60855
1,0.375524
1,0.816294
1,0.839617
1,0.65443
1,0.236371
1,0.405019
1,0.408594
1,0.710983
1,0.439892
1,0.590442
1,0.229415
1,0.293399
1,0.220601
1,0.432787
1,0.145559
1,0.370436
1,0.394927
1,0.374046
1,0.680295
1,0.512833
1,0.436765
1,0.660494
1,0.363714
1,0.400607
1,0.443211
1,0.75506
1,0.090359
1,0.251293
1,0.633265
1,0.137431
1,0.530882
1,0.364668
1,0.680461
1,0.564462
1,0.547746
1,0.367541
1,0.352423
1,0.363247
1,0.729471
1,0.404587
1,0.7784
1,0.692418
1,0.143238
1,0.518177
1,0.47756
1,0.563785
1,0.378165
1,0.214111
1,0.702984
1,0.262769
1,0.714137
1,0.229671
1,0.636132
1,0.569268
1,0.284625
1,0.314222
1,0.422038
1,0.426665
1,0.218308
1,0.373423
1,0.854819
1,0.301964
1,0.506318
1,0.507029
1,0.316294
1,0.417435
1,0.694554
1,0.303572
1,0.587717
1,0.597028
1,0.400121
1,0.370233
1,0.739579
1,0.517264
1,0.11996
1,0.273692
1,0.586386
1,0.559726
1,0.420781
1,0.227038
1,0.182289
1,0.584534
1,0.512221
1,0.87372
1,0.440971
1,0.658858
1,0.154583
1,0.289888
1,0.747621
1,0.787091
1,0.565897
1,0.27347
1,0.394092
1,0.43871
1,0.46317
1,0.408871
1,0.117652
1,0.54371
1,0.311801
1,0.437764
1,0.706
1,0.929755
1,0.466088
1,0.782295
1,0.456838
1,0.369452
1,0.372527
1,0.566603
1,0.589782
1,0.602388
1,0.56726
1,0.331666
1,0.726339
1,0.572027
1,0.422498
1,0.652765
1,0.400697
1,0.436888
1,0.17193
1,0.441838
1,0.503057
1,0.58352
1,0.314614
1,0.282538
1,0.582932
1,0.584443
1,0.53667
1,0.747038
1,0.250055
1,0.248324
1,0.496302
1,0.29232
1,0.614418
1,0.666302
1,0.39991
1,0.610118
1,0.673204
1,0.389756
1,0.499722
1,0.401928
1,0.491301
1,0.340877
1,0.472715
1,0.517785
1,0.260591
1,0.400282
1,0.302953
1,0.602456
1,0.53712
1,0.816922
1,0.680311
1,0.369998
1,0.482785
1,0.615745
1,0.573486
1,0.30839
1,0.457815
1,0.777889
1,0.398313
1,0.412389
1,0.492143
1,0.696444
1,0.527059
1,0.660643
1,0.69574
1,0.714477
1,0.506732
1,0.214716
1,0.391432
1,0.47008
1,0.669149
1,0.74005
1,0.854244
1,0.315929
1,0.434817
1,0.344393
1,0.663798
1,0.43075
1,0.752114
1,0.600183
1,0.285295
1,0.477398
1,0.486497
1,0.497908
1,0.315251
1,0.550042
1,0.493145
1,0.438001
1,0.406319
1,0.625599
1,0.158147
1,0.518046
1,0.659006
1,0.494745
1,0.348514
1,0.351351
1,0.489778
1,0.522585
1,0.441256
1,0.356633
1,0.751122
1,0.620889
1,0.502752
1,0.431555
1,0.699721
1,0.929669
1,0.721126
1,0.53451
1,0.457901
1,0.704119
1,0.68072
1,0.853611
1,0.299798
1,0.763653
1,0.412367
1,0.696791
1,0.449647
1,0.36927
1,0.374777
1,0.639168
1,0.373549
1,0.188102
1,0.592524
1,0.30549
1,0.309179
1,0.532235
1,0.261666
1,0.169742
1,0.528576
1,0.673179
1,0.429643
1,0.159533
1,0.572908
1,0.117575
1,0.821365
1,0.479602
1,0.177873
1,0.58263
1,0.561781
1,0.684458
1,0.653567
1,0.683602
1,0.625305
1,0.591989
1,0.429315
1,0.478159
1,0.496452
1,0.129635
1,0.263474
1,0.339963
1,0.420797
1,0.49179
1,0.364759
1,0.517086
1,0.457376
1,0.529118
1,0.35687
1,0.443931
1,0.623265
1,0.51396
1,0.567585
1,0.441429
1,0.537744
1,0.582816
1,0.44448
1,0.623079
1,0.339287
1,0.823496
1,0.594999
1,0.707258
1,0.43766
1,0.246006
1,0.419494
1,0.554234
1,0.340932
1,0.608321
1,0.586182
1,0.285054
1,0.213569
1,0.516482
1,0.720092
1,0.459573
1,0.577006
1,0.5643
1,0.150471
1,0.446975
1,0.134576
1,0.40797
1,0.491554
1,0.527236
1,0.7487
1,0.296425
1,0.568734
1,0.622924
1,0.574337
1,0.569975
1,0.637562
1,0.751799
1,0.340604
1,0.443106
1,0.439951
1,0.778136
1,0.691942
1,0.298854
1,0.540212
1,0.61677
1,0.302312
1,0.360004
1,0.864731
1,0.438908
1,0.524033
1,0.55283
1,0.305449
1,0.643321
1,0.30075
1,0.31335
1,0.417393
1,0.654324
1,0.798119
1,0.816534
1,0.209
1,0.356106
1,0.227564
1,0.424964
1,0.663396
1,0.474163
1,0.483355
1,0.372303
1,0.294214
1,0.354464
1,0.135417
1,0.402017
1,0.754974
1,0.362391
1,0.587267
1,0.319471
1,0.480644
1,0.748156
1,0.729646
1,0.488208
1,0.876186
1,0.594882
1,0.491753
1,0.783762
1,0.800355
1,0.568436
1,0.579266
1,0.51723
1,0.434807
1,0.455745
1,0.747823
1,0.695622
1,0.321113
1,0.547148
1,0.5034
1,0.166519
1,0.45971
1,0.541612
1,0.394583
1,0.634312
1,0.429699
1,0.567235
1,0.611495
1,0.709129
1,0.188943
1,0.657397
1,0.188893
1,0.797513
1,0.388837
1,0.497221
1,0.141251
1,0.620837
1,0.526146
1,0.568728
1,0.29654
1,0.531592
1,0.540798
1,0.299361
1,0.426054
1,0.314424
1,0.271014
1,0.407265
1,0.590836
1,0.459671
1,0.615137
1,0.520686
1,0.190542
1,0.295213
1,0.486751
1,0.758588
1,0.554109
1,0.36321
1,0.433122
1,0.546225
1,0.398201
1,0.526726
1,0.652498
1,0.314181
1,0.742627
1,0.442185
1,0.464668
1,0.775532
1,0.178045
1,0.796098
1,0.55678
1,0.228175
1,0.393636
1,0.407282
1,0.431967
1,0.727963
1,0.500214
1,0.52233
1,0.401381
1,0.371707
1,0.193362
1,0.567487
1,0.315879
1,0.261462
1,0.828061
1,0.314376
1,0.662113
1,0.586111
1,0.565877
1,0.349753
1,0.498899
1,0.766906
1,0.609569
1,0.372424
1,0.789493
1,0.494627
1,0.54288
1,0.433482
1,0.166858
1,0.786366
1,0.379012
1,0.795945
1,0.422167
1,0.571402
1,0.814942
1,0.51733
1,0.808984
1,0.605192
1,0.390098
1,0.414359
1,0.397107
1,0.364482
1,0.472038
1,0.50891
1,0.407485
1,0.78734
1,0.399944
1,0.554132
1,0.672787
1,0.573026
1,0.611174
1,0.309619
1,0.477985
1,0.843334
1,0.317557
1,0.644399
1,0.711501
1,0.684063
1,0.337269
1,0.54213
1,0.444224
1,0.487963
1,0.524226
1,0.477663
1,0.660626
1,0.579424
1,0.364586
1,0.530365
1,0.25409
1,0.487804
1,0.498251
1,0.615252
1,0.511147
1,0.348899
1,0.753996
1,0.88278
1,0.331292
1,0.922092
1,0.397881
1,0.557023
1,0.430482
1,0.837513
1,0.52413
1,0.07458
1,0.270076
1,0.683061
1,0.314394
1,0.330503
1,0.691466
1,0.712354
1,0.609824
1,0.597121
1,0.800398
1,0.213744
1,0.342455
1,0.408689
1,0.683013
1,0.540806
1,0.383556
1,0.752189
1,0.353934
1,0.816902
1,0.385429
1,0.375238
1,0.756333
1,0.719241
1,0.356712
1,0.224563
1,0.648718
1,0.467825
1,0.631533
1,0.642919
1,0.646157
1,0.615788
1,0.596615
1,0.68958
1,0.129824
1,0.732783
1,0.566098
1,0.406155
1,0.399469
1,0.537269
1,0.630367
1,0.568888
1,0.558141
1,0.38815
1,0.723277
1,0.548265
1,0.58012
1,0.465148
1,0.623776
1,0.633279
1,0.656646
1,0.426952
1,0.690337
1,0.329768
1,0.644348
1,0.421303
1,0.902035
1,0.505081
1,0.513324
1,0.521604
1,0.612752
1,0.630004
1,0.62222
1,0.685769
1,0.664437
1,0.492534
1,0.605557
1,0.339155
1,0.898915
1,0.878898
1,0.689479
1,0.443822
1,0.199261
1,0.367336
1,0.434635
1,0.428657
1,0.555006
1,0.501666
1,0.746464
1,0.569171
1,0.696295
1,0.338458
1,0.749659
1,0.524024
1,0.511009
1,0.639683
1,0.309736
1,0.730128
1,0.52474
1,0.080922
1,0.283467
1,0.840904
1,0.636949
1,0.225007
1,0.458189
1,0.534355
1,0.328022
1,0.56892
1,0.45014
1,0.611295
1,0.806697
1,0.413742
1,0.397627
1,0.513636
1,0.70673
1,0.385959
1,0.35207
1,0.469057
1,0.195919
1,0.542852
1,0.513321
1,0.306285
1,0.378362
1,0.263615
1,0.07102
1,0.520542
1,0.675112
1,0.207724
1,0.471198
1,0.432007
1,0.455213
1,0.647155
1,0.606828
1,0.63935
1,0.204262
1,0.445145
1,0.482813
1,0.373706
1,0.510355
1,0.281435
1,0.43258
1,0.526808
1,0.465744
1,0.420833
1,0.278749
1,0.856708
1,0.732526
1,0.369345
1,0.9571
1,0.430001
1,0.357733
1,0.314924
1,0.45738
1,0.521412
1,0.799868
1,0.315837
1,0.521954
1,0.288673
1,0.294183
1,0.802464
1,0.518732
1,0.60453
1,0.639901
1,0.694542
1,0.523397
1,0.553597
1,0.50218
1,0.584451
1,0.372369
1,0.617494
1,0.878136
1,0.473815
1,0.580037
1,0.402434
1,0.375732
1,0.741875
1,0.531423
1,0.507997
1,0.483425
1,0.614727
1,0.493651
1,0.31456
1,0.283573
1,0.649439
1,0.588971
1,0.771067
1,0.723952
1,0.328778
1,0.444322
1,0.539584
1,0.598235
1,0.751894
1,0.551857
1,0.66322
1,0.233945
1,0.826725
1,0.425202
1,0.360849
1,0.431992
1,0.583211
1,0.687267
1,0.235685
1,0.621204
1,0.532407
1,0.751455
1,0.728211
1,0.462604
1,0.205126
1,0.646548
1,0.378424
1,0.593761
1,0.534282
1,0.778165
1,0.708508
1,0.536889
1,0.543253
1,0.840747
1,0.375564
1,0.537534
1,0.601265
1,0.501768
1,0.63248
1,0.265644
1,0.36224
1,0.363301
1,0.613388
1,0.450103
1,0.601572
1,0.496594
1,0.738499
1,0.240312
1,0.343146
1,0.488911
1,0.34895
1,0.237432
1,0.402826
1,0.199711
1,0.283664
1,0.297709
1,0.603424
1,0.345416
1,0.575707
1,0.757994
1,0.399881
1,0.573224
1,0.224499
1,0.463992
1,0.309735
1,0.685723
1,0.845273
1,0.322547
1,0.489497
1,0.553636
1,0.407832
1,0.544793
1,0.251882
1,0.37049
1,0.49477
1,0.861762
1,0.801315
1,0.510677
1,0.489113
1,0.194721
1,0.356513
1,0.608346
1,0.409304
1,0.349023
1,0.795098
1,0.236327
1,0.35543
1,0.372458
1,0.353888
1,0.303708
1,0.532151
1,0.49305
1,0.38006
1,0.638955
1,0.586419
1,0.222711
1,0.649912
1,0.474286
1,0.505494
1,0.400139
1,0.229417
1,0.329625
1,0.263296
1,0.139679
1,0.54265
1,0.440397
1,0.263229
1,0.520782
1,0.462682
1,0.416289
1,0.61409
1,0.280189
1,0.567311
1,0.136344
1,0.49002
1,0.239175
1,0.503071
1,0.755082
1,0.666633
1,0.518956
1,0.182219
1,0.338223
1,0.270275
1,0.657312
1,0.774934
1,0.615029
1,0.369203
1,0.421241
1,0.593362
1,0.563197
1,0.407346
1,0.486115
1,0.440633
1,0.617851
1,0.565218
1,0.711688
1,0.336574
1,0.840682
1,0.557622
1,0.439636
1,0.615226
1,0.926158
1,0.502694
1,0.341947
1,0.892643
1,0.47906
1,0.618754
1,0.413713
1,0.703564
1,0.411557
1,0.356113
1,0.611114
1,0.405518
1,0.437816
1,0.426841
1,0.712045
1,0.412899
1,0.352409
1,0.439788
1,0.343789
1,0.358898
1,0.357323
1,0.475179
1,0.332773
1,0.745542
1,0.469159
1,0.519928
1,0.360731
1,0.561925
1,0.5374
1,0.447587
1,0.534967
1,0.65
1,0.889245
1,0.320615
1,0.572671
1,0.631754
1,0.204768
1,0.368947
1,0.43457
1,0.555168
1,0.530426
1,0.594681
1,0.652502
1,0.504517
1,0.533945
1,0.431343
1,0.609159
1,0.469769
1,0.491432
1,0.513637
1,0.574204
1,0.429862
1,0.722877
1,0.345266
1,0.855652
1,0.681663
1,0.33379
1,0.755851
1,0.821133
1,0.306478
1,0.572664
1,0.384954
1,0.345291
1,0.834061
1,0.778119
1,0.352861
1,0.574115
1,0.597118
1,0.317812
1,0.556677
1,0.460024
1,0.651466
1,0.762384
1,0.687629
1,0.5747
1,0.764298
1,0.452018
1,0.379042
1,0.457212
1,0.566601
1,0.353546
1,0.879107
1,0.458081
1,0.729131
1,0.430166
1,0.410137
1,0.576882
1,0.518186
1,0.476665
1,0.393283
1,0.284796
1,0.845646
1,0.401628
1,0.669261
1,0.331944
1,0.739883
1,0.361108
1,0.480956
1,0.557172
1,0.675058
1,0.14732
1,0.450541
1,0.389825
1,0.671919
1,0.413326
1,0.659474
1,0.653335
1,0.764796
1,0.410145
1,0.444816
1,0.576857
1,0.379714
1,0.635073
1,0.355336
1,0.427245
1,0.439626
1,0.678455
1,0.646887
1,0.445103
1,0.503448
1,0.160014
1,0.49668
1,0.649515
1,0.209694
1,0.095714
1,0.196812
1,0.460387
1,0.859627
1,0.530457
1,0.698977
1,0.55912
1,0.312526
1,0.480151
1,0.804397
1,0.439887
1,0.338451
1,0.334939
1,0.340712
1,0.415441
1,0.563274
1,0.485211
1,0.20795
1,0.256387
1,0.391855
1,0.69108
1,0.370344
1,0.588016
1,0.818606
1,0.639887
1,0.260623
1,0.500724
1,0.687601
1,0.611105
1,0.514612
1,0.733249
1,0.81821
1,0.537588
1,0.288291
1,0.188477
1,0.795435
1,0.810994
1,0.422276
1,0.703835
1,0.710759
1,0.433751
1,0.580959
1,0.671478
1,0.388228
1,0.644603
1,0.293362
1,0.245064
1,0.420745
1,0.583041
1,0.401819
1,0.640188
1,0.622098
1,0.507425
1,0.736901
1,0.273138
1,0.841774
1,0.321239
1,0.46074
1,0.683495
1,0.636354
1,0.508431
1,0.435965
1,0.491518
1,0.382046
1,0.502172
1,0.122318
1,0.70728
1,0.647022
1,0.548599
1,0.20079
1,0.636185
1,0.439066
1,0.250303
1,0.558304
1,0.441809
1,0.431659
1,0.380557
1,0.342409
1,0.247921
1,0.463805
1,0.343299
1,0.447657
1,0.329057
1,0.436787
1,0.288249
1,0.769407
1,0.188535
1,0.493695
1,0.729589
1,0.139749
1,0.756866
1,0.852865
1,0.435199
1,0.387875
1,0.471353
1,0.399048
1,0.39164
1,0.473086
1,0.581301
1,0.428418
1,0.411962
1,0.791688
1,0.459299
1,0.425355
1,0.617718
1,0.460895
1,0.483809
1,0.612509
1,0.742994
1,0.484474
1,0.701753
1,0.657769
1,0.786169
1,0.710755
1,0.459089
1,0.496714
1,0.401163
1,0.245448
1,0.663425
1,0.167917
1,0.252173
1,0.75805
1,0.69677
1,0.268474
1,0.437369
1,0.41588
1,0.676434
1,0.419866
1,0.804072
1,0.701999
1,0.388473
1,0.181007
1,0.253972
1,0.568507
1,0.546194
1,0.553493
1,0.47778
1,0.610548
1,0.39442
1,0.282246
1,0.822394
1,0.256185
1,0.069824
1,0.291659
1,0.502437
1,0.733861
1,0.3684
1,0.310464
1,0.369659
1,0.779266
1,0.760128
1,0.509407
1,0.342656
1,0.54118
1,0.636897
1,0.477596
1,0.284172
1,0.60167
1,0.344002
1,0.65122
1,0.701759
1,0.567605
1,0.67196
1,0.725064
1,0.501258
1,0.476754
1,0.481673
1,0.521539
1,0.862504
1,0.296749
1,0.402963
1,0.267771
1,0.628995
1,0.32869
1,0.183478
1,0.411917
1,0.29212
1,0.535945
1,0.609839
1,0.401279
1,0.472294
1,0.459038
1,0.636978
1,0.484985
1,0.575962
1,0.528219
1,0.222441
1,0.630736
1,0.853407
1,0.689076
1,0.339016
1,0.554623
1,0.3727
1,0.289919
1,0.802035
1,0.592165
1,0.659801
1,0.743579
1,0.170256
1,0.524053
1,0.309972
1,0.662613
1,0.468698
1,0.676669
1,0.175601
1,0.505393
1,0.407929
1,0.381638
1,0.568214
1,0.32166
1,0.468058
1,0.457158
1,0.37068
1,0.352597
1,0.545789
1,0.441791
1,0.349973
1,0.317936
1,0.582137
1,0.341986
1,0.516491
1,0.49844
1,0.629892
1,0.296029
1,0.570338
1,0.40584
1,0.535341
1,0.53248
1,0.23796
1,0.452714
1,0.34889
1,0.352336
1,0.3683
1,0.348094
1,0.414366
1,0.744699
1,0.528043
1,0.178597
1,0.56833
1,0.420312
1,0.387574
1,0.465628
1,0.261532
1,0.408921
1,0.461966
1,0.40517
1,0.631475
1,0.623177
1,0.25278
1,0.711983
1,0.251836
1,0.472182
1,0.805682
1,0.687722
1,0.470983
1,0.667355
1,0.507227
1,0.636401
1,0.71945
1,0.539074
1,0.710518
1,0.538047
1,0.619749
1,0.120164
1,0.286367
1,0.658621
1,0.569351
1,0.338094
1,0.695959
1,0.416538
1,0.630205
1,0.555268
1,0.416953
1,0.623595
1,0.467959
1,0.520341
1,0.787537
1,0.408593
1,0.702761
1,0.563429
1,0.575108
1,0.276487
1,0.409397
1,0.535263
1,0.520758
1,0.540425
1,0.66858
1,0.485604
1,0.239728
1,0.087559
1,0.397463
1,0.567906
1,0.304948
1,0.54275
1,0.3305
1,0.550431
1,0.461589
1,0.759807
1,0.633946
1,0.820861
1,0.81331
1,0.364574
1,0.494496
1,0.584155
1,0.675926
1,0.621736
1,0.610595
1,0.420037
1,0.362015
1,0.816144
1,0.58947
1,0.342993
1,0.278909
1,0.679076
1,0.432173
1,0.441888
1,0.521245
1,0.41252
1,0.399946
1,0.311701
1,0.316493
1,0.869044
1,0.885007
1,0.660592
1,0.468088
1,0.193037
1,0.66174
1,0.249982
1,0.478249
1,0.715442
1,0.640961
1,0.713007
1,0.748564
1,0.750971
1,0.543781
1,0.541376
1,0.400989
1,0.635495
1,0.650715
1,0.792604
1,0.554521
1,0.606457
1,0.606992
1,0.461242
1,0.654414
1,0.261538
1,0.445164
1,0.502965
1,0.113051
1,0.509382
1,0.421478
1,0.749704
1,0.362457
1,0.300353
1,0.25599
1,0.712935
1,0.601172
1,0.600371
1,0.323781
1,0.657262
1,0.791253
1,0.649328
1,0.862385
1,0.599368
1,0.626118
1,0.48327
1,0.535077
1,0.769023
1,0.584804
1,0.25514
1,0.368727
1,0.498553
1,0.690124
1,0.610273
1,0.815106
1,0.411167
1,0.305152
1,0.73746
1,0.405837
1,0.226974
1,0.335829
1,0.230173
1,0.640177
1,0.324593
1,0.133953
1,0.498611
1,0.552832
1,0.187515
1,0.43001
1,0.384575
1,0.599971
1,0.576782
1,0.547337
1,0.150133
1,0.457433
1,0.862398
1,0.252563
1,0.773631
1,0.627242
1,0.850879
1,0.632561
1,0.437606
1,0.577679
1,0.671459
1,0.204317
1,0.218442
1,0.254973
1,0.624239
1,0.43685
1,0.62768
1,0.478639
1,0.487293
1,0.343556
1,0.616796
1,0.638694
1,0.649394
1,0.603697
1,0.485911
1,0.620477
1,0.765371
1,0.223687
1,0.382583
1,0.674626
1,0.436852
1,0.714241
1,0.453531
1,0.607696
1,0.665532
1,0.338571
1,0.49888
1,0.421457
1,0.566327
1,0.499001
1,0.491614
1,0.249444
1,0.295123
1,0.504576
1,0.578759
1,0.569707
1,0.363236
1,0.236528
1,0.629572
1,0.594729
1,0.482425
1,0.646953
1,0.391035
1,0.543567
1,0.65858
1,0.472774
1,0.583678
1,0.349303
1,0.336018
1,0.737161
1,0.603189
1,0.296428
1,0.201713
1,0.753162
1,0.196687
1,0.513216
1,0.516023
1,0.529666
1,0.6073
1,0.559156
1,0.486679
1,0.728018
1,0.67621
1,0.606884
1,0.58189
1,0.311943
1,0.750944
1,0.573548
1,0.275577
1,0.481246
1,0.597142
1,0.729723
1,0.373967
1,0.535446
1,0.448055
1,0.490415
1,0.848512
1,0.589681
1,0.319228
1,0.55677
1,0.537763
1,0.496896
1,0.47784
1,0.348845
1,0.541781
1,0.582172
1,0.404282
1,0.340996
1,0.528868
1,0.654916
1,0.399696
1,0.474122
1,0.327314
1,0.693407
1,0.655424
1,0.633759
1,0.261568
1,0.592059
1,0.419883
1,0.551425
1,0.547388
1,0.685749
1,0.557406
1,0.399371
1,0.313334
1,0.623256
1,0.643811
1,0.459194
1,0.625615
1,0.529908
1,0.429549
1,0.424941
1,0.58016
1,0.469794
1,0.125703
1,0.541871
1,0.623941
1,0.5095
1,0.358797
1,0.344169
1,0.500779
1,0.579015
1,0.819821
1,0.442707
1,0.401186
1,0.447315
1,0.200824
1,0.77488
1,0.627577
1,0.389851
1,0.730569
1,0.228916
1,0.365807
1,0.85906
1,0.638477
1,0.238796
1,0.583701
1,0.340326
1,0.604966
1,0.592643
1,0.400072
1,0.475142
1,0.667248
1,0.397749
1,0.480165
1,0.374114
1,0.774509
1,0.387831
1,0.612045
1,0.791829
1,0.592489
1,0.39264
1,0.515258
1,0.586383
1,0.387247
1,0.781869
1,0.801279
1,0.555553
1,0.364174
1,0.575244
1,0.498449
1,0.739927
1,0.44687
1,0.225947
1,0.23248
1,0.394851
1,0.369596
1,0.48949
1,0.66792
1,0.579004
1,0.56903
1,0.602685
1,0.611795
1,0.798105
1,0.445712
1,0.53877
1,0.765595
1,0.840896
1,0.668541
1,0.728188
1,0.735046
1,0.384773
1,0.247067
1,0.72243
1,0.629817
1,0.711458
1,0.543671
1,0.748872
1,0.439593
1,0.526951
1,0.663071
1,0.56006
1,0.322403
1,0.293881
1,0.664091
1,0.613642
1,0.413199
1,0.441793
1,0.574916
1,0.397845
1,0.494737
1,0.748949
1,0.57968
1,0.45616
1,0.691301
1,0.495514
1,0.494917
1,0.56762
1,0.225013
1,0.528299
1,0.698896
1,0.204602
1,0.164812
1,0.351732
1,0.77044
1,0.859466
1,0.666406
1,0.684712
1,0.600241
1,0.675332
1,0.163916
1,0.399011
1,0.488863
1,0.348491
1,0.398142
1,0.272421
1,0.489565
1,0.149222
1,0.627669
1,0.455689
1,0.685212
1,0.843447
1,0.618321
1,0.252393
1,0.234848
1,0.814957
1,0.582744
1,0.742931
1,0.86856
1,0.426557
1,0.402058
1,0.355172
1,0.486894
1,0.701744
1,0.393598
1,0.65067
1,0.313877
1,0.490658
1,0.706288
1,0.402913
1,0.445127
1,0.494688
1,0.552621
1,0.341249
1,0.414381
1,0.342562
1,0.640641
1,0.447985
1,0.62967
1,0.585851
1,0.774866
1,0.436387
1,0.68096
1,0.252002
1,0.43542
1,0.517328
1,0.519584
1,0.669693
1,0.41758
1,0.25277
1,0.862185
1,0.25897
1,0.252913
1,0.334362
1,0.851593
1,0.616395
1,0.786976
1,0.414959
1,0.485732
1,0.454044
1,0.226624
1,0.460628
1,0.430116
1,0.2862
1,0.502881
1,0.27871
1,0.342149
1,0.353445
1,0.34015
1,0.771125
1,0.274128
1,0.449135
1,0.49104
1,0.238581
1,0.54415
1,0.415458
1,0.318063
1,0.731157
1,0.374047
1,0.373195
1,0.403737
1,0.77962
1,0.26422
1,0.282289
1,0.218144
1,0.778527
1,0.479133
1,0.409069
1,0.234656
1,0.496193
1,0.673828
1,0.317056
1,0.434557
1,0.642852
1,0.158738
1,0.788348
1,0.509066
1,0.319423
1,0.478504
1,0.741476
1,0.366714
1,0.572334
1,0.677478
1,0.469442
1,0.670973
1,0.71652
1,0.761867
1,0.528284
1,0.589498
1,0.505346
1,0.373204
1,0.77508
1,0.242836
1,0.57791
1,0.281477
1,0.908133
1,0.263704
1,0.735798
1,0.687048
1,0.349534
1,0.555917
1,0.360729
1,0.547156
1,0.566352
1,0.231473
1,0.49672
1,0.629582
1,0.669144
1,0.464334
1,0.476127
1,0.629006
1,0.422164
1,0.699434
1,0.447607
1,0.512554
1,0.47733
1,0.380381
1,0.332148
1,0.390293
1,0.506738
1,0.446299
1,0.37524
1,0.45
1,0.762999
1,0.577467
1,0.537408
1,0.254378
1,0.367473
1,0.549354
1,0.555651
1,0.729322
1,0.644971
1,0.403365
1,0.761468
1,0.433551
1,0.954022
1,0.54014
1,0.292923
1,0.616897
1,0.355348
1,0.563101
1,0.585359
1,0.36665
1,0.603676
1,0.531314
1,0.342619
1,0.355195
1,0.41751
1,0.477822
1,0.46802
1,0.593392
1,0.261735
1,0.379155
1,0.799154
1,0.398662
1,0.660573
1,0.505582
1,0.669164
1,0.76756
1,0.522514
1,0.53764
1,0.672432
1,0.576938
1,0.539377
1,0.503463
1,0.409522
1,0.140451
1,0.679004
1,0.603339
1,0.453606
1,0.685067
1,0.750335
1,0.578998
1,0.781822
1,0.643033
1,0.597718
1,0.38371
1,0.377943
1,0.542872
1,0.623155
1,0.417324
1,0.625897
1,0.662056
1,0.391216
1,0.300547
1,0.342283
1,0.51041
1,0.321457
1,0.544628
1,0.794469
1,0.710762
1,0.146686
1,0.803552
1,0.468108
1,0.182176
1,0.453613
1,0.622935
1,0.480771
1,0.476462
1,0.790634
1,0.658955
1,0.725032
1,0.640151
1,0.661003
1,0.647548
1,0.533923
1,0.441327
1,0.560657
1,0.69243
1,0.554631
1,0.263687
1,0.535765
1,0.176222
1,0.540754
1,0.331112
1,0.421508
1,0.687561
1,0.547746
1,0.753447
1,0.667709
1,0.489131
1,0.703727
1,0.39541
1,0.709847
1,0.515935
1,0.683916
1,0.849011
1,0.772998
1,0.631298
1,0.565178
1,0.329507
1,0.546785
1,0.275994
1,0.597087
1,0.669003
1,0.284317
1,0.53767
1,0.21629
1,0.393086
1,0.228192
1,0.600228
1,0.259709
1,0.7614
1,0.602594
1,0.442521
1,0.613846
1,0.271477
1,0.296266
1,0.589398
1,0.737662
1,0.408948
1,0.367574
1,0.446127
1,0.549454
1,0.315691
1,0.221673
1,0.49165
1,0.383839
1,0.694307
1,0.491559
1,0.584219
1,0.518057
1,0.449834
1,0.477046
1,0.414527
1,0.713804
1,0.534796
1,0.519688
1,0.643484
1,0.827231
1,0.678411
1,0.675897
1,0.44612
1,0.525366
1,0.410821
1,0.834192
1,0.582454
1,0.762782
1,0.63779
1,0.539285
1,0.250564
1,0.512958
1,0.435923
1,0.562968
1,0.502849
1,0.732276
1,0.591851
1,0.585778
1,0.348414
1,0.669797
1,0.629736
1,0.606904
1,0.560727
1,0.397649
1,0.425142
1,0.49315
1,0.627132
1,0.278123
1,0.782092
1,0.208333
1,0.590074
1,0.206222
1,0.766659
1,0.419545
1,0.562305
1,0.385027
1,0.24484
1,0.687718
1,0.698893
1,0.584618
1,0.557694
1,0.337626
1,0.227895
1,0.715669
1,0.310462
1,0.299032
1,0.548407
1,0.389329
1,0.499359
1,0.309586
1,0.058713
1,0.23209
1,0.477188
1,0.370572
1,0.334225
1,0.427884
1,0.210064
1,0.195176
1,0.703997
1,0.551305
1,0.871427
1,0.603753
1,0.854646
1,0.354294
1,0.379103
1,0.643864
1,0.404169
1,0.360818
1,0.590453
1,0.561731
1,0.902835
1,0.281329
1,0.37691
1,0.73571
1,0.706122
1,0.311094
1,0.433586
1,0.894445
1,0.723938
1,0.505824
1,0.41364
1,0.399127
1,0.569235
1,0.333706
1,0.80893
1,0.350259
1,0.186487
1,0.617794
1,0.121932
1,0.328154
1,0.350981
1,0.36031
1,0.689651
1,0.381262
1,0.416551
1,0.66738
1,0.719186
1,0.299754
1,0.821108
1,0.429111
1,0.591213
1,0.291778
1,0.725348
1,0.660956
1,0.299011
1,0.405596
1,0.503038
1,0.632621
1,0.659967
1,0.255476
1,0.424788
1,0.56101
1,0.502652
1,0.391946
1,0.249389
1,0.714202
1,0.464369
1,0.367913
1,0.4545
1,0.292578
1,0.630288
1,0.750109
1,0.232102
1,0.429454
1,0.566192
1,0.734644
1,0.626905
1,0.579537
1,0.321604
1,0.255241
1,0.423384
1,0.567898
1,0.693652
1,0.723381
1,0.461201
1,0.316285
1,0.754608
1,0.620707
1,0.547139
1,0.545568
1,0.868327
1,0.816394
1,0.888912
1,0.643271
1,0.632783
1,0.66357
1,0.6696
1,0.382838
1,0.604492
1,0.682874
1,0.578276
1,0.43478
1,0.418741
1,0.55089
1,0.61777
1,0.876647
1,0.648934
1,0.72093
1,0.25979
1,0.290384
1,0.73747
1,0.530406
1,0.35946
1,0.187771
1,0.584003
1,0.349375
1,0.265734
1,0.579647
1,0.356037
1,0.295815
1,0.764671
1,0.372335
1,0.486909
1,0.548444
1,0.377331
1,0.845405
1,0.620269
1,0.60269
1,0.79055
1,0.622562
1,0.566328
1,0.491251
1,0.524564
1,0.253867
1,0.539993
1,0.510831
1,0.54689
1,0.408233
1,0.690006
1,0.399282
1,0.624639
1,0.634783
1,0.271556
1,0.256185
1,0.624979
1,0.288251
1,0.417082
1,0.927427
1,0.564906
1,0.665348
1,0.72558
1,0.508732
1,0.606696
1,0.390847
1,0.477635
1,0.160692
1,0.789424
1,0.649522
1,0.741185
1,0.778623
1,0.683086
1,0.348983
1,0.336091
1,0.57346
1,0.477738
1,0.442678
1,0.559385
1,0.812705
1,0.563526
1,0.611133
1,0.542528
1,0.552956
1,0.545537
1,0.451938
1,0.535889
1,0.450746
1,0.658834
1,0.357993
1,0.353081
1,0.23995
1,0.81134
1,0.598377
1,0.620446
1,0.501287
1,0.725973
1,0.416735
1,0.381643
1,0.35904
1,0.304721
1,0.358062
1,0.598716
1,0.361932
1,0.531319
1,0.67597
1,0.421332
1,0.353865
1,0.460475
1,0.737714
1,0.49632
1,0.400171
1,0.859947
1,0.262532
1,0.576047
1,0.629967
1,0.463257
1,0.605247
1,0.647923
1,0.460029
1,0.359567
1,0.498556
1,0.340207
1,0.451713
1,0.547322
1,0.43863
1,0.559275
1,0.52559
1,0.413311
1,0.736804
1,0.617329
1,0.513993
1,0.840079
1,0.280096
1,0.59563
1,0.623117
1,0.643507
1,0.660415
1,0.648277
1,0.55011
1,0.589226
1,0.596954
1,0.537909
1,0.372183
1,0.747089
1,0.669248
1,0.345163
1,0.281252
1,0.572102
1,0.450771
1,0.376232
1,0.45872
1,0.240238
1,0.956665
1,0.830602
1,0.379807
1,0.760385
1,0.301134
1,0.894271
1,0.744258
1,0.671251
1,0.427567
1,0.318878
1,0.618245
1,0.354462
1,0.855319
1,0.328336
1,0.758719
1,0.313837
1,0.390982
1,0.416995
1,0.614329
1,0.498004
1,0.553204
1,0.559232
1,0.894874
1,0.541427
1,0.475158
1,0.328471
1,0.661057
1,0.272156
1,0.547479
1,0.600423
1,0.544984
1,0.480401
1,0.436845
1,0.605973
1,0.388051
1,0.249963
1,0.698536
1,0.409792
1,0.22846
1,0.301038
1,0.251446
1,0.495828
1,0.708938
1,0.517079
1,0.307956
1,0.321825
1,0.456455
1,0.710424
1,0.488526
1,0.193896
1,0.822257
1,0.696773
1,0.625632
1,0.084671
1,0.437136
1,0.651719
1,0.476123
1,0.472818
1,0.663134
1,0.928536
1,0.721794
1,0.504811
1,0.511789
1,0.413308
1,0.832673
1,0.167846
1,0.335217
1,0.46782
1,0.37989
1,0.566067
1,0.672756
1,0.469738
1,0.711687
1,0.325107
1,0.649775
1,0.580903
1,0.797503
1,0.413212
1,0.036917
1,0.27362
1,0.529648
1,0.537071
1,0.47761
1,0.595897
1,0.408572
1,0.40857
1,0.564663
1,0.289817
1,0.353264
1,0.544199
1,0.313074
1,0.379532
1,0.266022
1,0.521411
1,0.451822
1,0.207641
1,0.624629
1,0.706214
1,0.593359
1,0.637084
1,0.605995
1,0.615568
1,0.567888
1,0.461341
1,0.272208
1,0.250739
1,0.661577
1,0.79763
1,0.560646
1,0.381022
1,0.370155
1,0.251838
1,0.572574
1,0.623256
1,0.339942
1,0.650433
1,0.548692
1,0.711957
1,0.673248
1,0.682114
1,0.679323
1,0.280246
1,0.699154
1,0.517069
1,0.40162
1,0.746021
1,0.786836
1,0.34967
1,0.724244
1,0.751872
1,0.490524
1,0.545477
1,0.455822
1,0.614643
1,0.408844
1,0.385704
1,0.747234
1,0.446929
1,0.441145
1,0.80656
1,0.810929
1,0.554958
1,0.217075
1,0.662565
1,0.69763
1,0.366873
1,0.593946
1,0.562479
1,0.889052
1,0.851879
1,0.260255
1,0.468038
1,0.526851
1,0.286521
1,0.74521
1,0.118338
1,0.61877
1,0.507175
1,0.689001
1,0.313857
1,0.514296
1,0.395495
1,0.429377
1,0.313091
1,0.668047
1,0.208666
1,0.676162
1,0.649292
1,0.215081
1,0.458301
1,0.387486
1,0.274893
1,0.602696
1,0.661971
1,0.304064
1,0.32691
1,0.328234
1,0.417149
1,0.524812
1,0.681413
1,0.508117
1,0.425142
1,0.758727
1,0.348575
1,0.464459
1,0.477519
1,0.615409
1,0.565218
1,0.184151
1,0.943553
1,0.600605
1,0.502983
1,0.188379
1,0.592929
1,0.403717
1,0.690961
1,0.42355
1,0.499784
1,0.126015
1,0.309313
1,0.566366
1,0.362997
1,0.184431
1,0.514838
1,0.542617
1,0.61782
1,0.378813
1,0.466611
1,0.44231
1,0.291881
1,0.415794
1,0.641445
1,0.609872
1,0.78658
1,0.66068
1,0.476061
1,0.621281
1,0.447103
1,0.422799
1,0.778846
1,0.656673
1,0.546899
1,0.578926
1,0.700948
1,0.789244
1,0.310789
1,0.686537
1,0.490904
1,0.581425
1,0.542816
1,0.630503
1,0.534182
1,0.583234
1,0.331602
1,0.608924
1,0.421954
1,0.662246
1,0.214482
1,0.697938
1,0.537644
1,0.685126
1,0.562882
1,0.495626
1,0.4884
1,0.549523
1,0.546311
1,0.537857
1,0.480438
1,0.412565
1,0.344117
1,0.417142
1,0.721266
1,0.233264
1,0.319998
1,0.116425
1,0.623138
1,0.443972
1,0.278863
1,0.38392
1,0.313039
1,0.30992
1,0.403081
1,0.545641
1,0.563235
1,0.558868
1,0.588871
1,0.853605
1,0.903003
1,0.394873
1,0.327802
1,0.576147
1,0.592383
1,0.845821
1,0.47364
1,0.322072
1,0.741086
1,0.710344
1,0.437579
1,0.714751
1,0.196158
1,0.690999
1,0.662027
1,0.74937
1,0.361659
1,0.65984
1,0.435308
1,0.290211
1,0.570069
1,0.35336
1,0.776164
1,0.489181
1,0.485084
1,0.573678
1,0.414379
1,0.281496
1,0.688373
1,0.269814
1,0.452621
1,0.357666
1,0.604277
1,0.33653
1,0.681822
1,0.538119
1,0.782924
1,0.255121
1,0.666525
1,0.563889
1,0.57695
1,0.368857
1,0.733961
1,0.490604
1,0.439869
1,0.715472
1,0.833254
1,0.194674
1,0.437192
1,0.537739
1,0.186601
1,0.383803
1,0.284888
1,0.570475
1,0.261388
1,0.623206
1,0.363213
1,0.655874
1,0.468567
1,0.597143
1,0.545951
1,0.608757
1,0.645171
1,0.620189
1,0.41623
1,0.799004
1,0.650851
1,0.26854
1,0.397595
1,0.556767
1,0.280884
1,0.428309
1,0.845455
1,0.425041
1,0.503897
1,0.570802
1,0.433259
1,0.242336
1,0.58775
1,0.648117
1,0.742761
1,0.336448
1,0.371407
1,0.634025
1,0.618276
1,0.375164
1,0.735522
1,0.291004
1,0.721747
1,0.382604
1,0.179067
1,0.606484
1,0.600748
1,0.636109
1,0.539972
1,0.551321
1,0.429072
1,0.739539
1,0.275634
1,0.442607
1,0.791601
1,0.577354
1,0.495865
1,0.444651
1,0.823676
1,0.613058
1,0.5815
1,0.633802
1,0.586057
1,0.275361
1,0.305853
1,0.920564
1,0.39674
1,0.254252
1,0.405046
1,0.380515
1,0.542351
1,0.533973
1,0.288872
1,0.347335
1,0.75235
1,0.22123
1,0.615716
1,0.328838
1,0.744836
1,0.703731
1,0.304167
1,0.528847
1,0.510573
1,0.445242
1,0.465662
1,0.539472
1,0.642224
1,0.642092
1,0.528863
1,0.65354
1,0.579981
1,0.118612
1,0.451635
1,0.811778
1,0.481909
1,0.502405
1,0.617041
1,0.553207
1,0.440545
1,0.344594
1,0.371291
1,0.387346
1,0.701476
1,0.312126
1,0.201206
1,0.440988
1,0.673605
1,0.811383
1,0.204659
1,0.206556
1,0.362196
1,0.640484
1,0.5613
1,0.404777
1,0.649798
1,0.343307
1,0.797523
1,0.496785
1,0.492837
1,0.572171
1,0.247181
1,0.533632
1,0.492945
1,0.603346
1,0.504185
1,0.381025
1,0.694651
1,0.401288
1,0.322873
1,0.322834
1,0.305577
1,0.642453
1,0.704347
1,0.399747
1,0.263413
1,0.430058
1,0.7345
1,0.434174
1,0.541516
1,0.364902
1,0.265174
1,0.223327
1,0.776273
1,0.352393
1,0.743948
1,0.591848
1,0.695593
1,0.669831
1,0.378016
1,0.49619
1,0.371983
1,0.363525
1,0.105795
1,0.646927
1,0.182176
1,0.395621
1,0.763885
1,0.671342
1,0.693638
1,0.581505
1,0.621474
1,0.694191
1,0.562997
1,0.510648
1,0.766914
1,0.701337
1,0.226292
1,0.481725
1,0.609793
1,0.372039
1,0.574391
1,0.772422
1,0.681098
1,0.560738
1,0.516078
1,0.775945
1,0.639338
1,0.595847
1,0.688538
1,0.750287
1,0.562222
1,0.55239
1,0.605161
1,0.530961
1,0.501484
1,0.393363
1,0.27889
1,0.839201
1,0.548096
1,0.453795
1,0.700296
1,0.566811
1,0.721054
1,0.339468
1,0.567238
1,0.561268
1,0.469942
1,0.824031
1,0.250782
1,0.462881
1,0.645237
1,0.574859
1,0.590772
1,0.336484
1,0.480821
1,0.191519
1,0.593135
1,0.603222
1,0.525518
1,0.5008
1,0.500499
1,0.38704
1,0.70241
1,0.221871
1,0.610588
1,0.464914
1,0.508297
1,0.471593
1,0.707795
1,0.452612
1,0.340632
1,0.517
1,0.433554
1,0.368865
1,0.583821
1,0.358694
1,0.566714
1,0.231334
1,0.658652
1,0.531757
1,0.5845
1,0.803322
1,0.327674
1,0.501138
1,0.378435
1,0.518774
1,0.826899
1,0.354162
1,0.29136
1,0.868749
1,0.793539
1,0.478457
1,0.190697
1,0.503793
1,0.378984
1,0.790432
1,0.668551
1,0.471847
1,0.545992
1,0.110021
1,0.27761
1,0.349116
1,0.363138
1,0.388788
1,0.914419
1,0.538211
1,0.519886
1,0.406052
1,0.649219
1,0.845375
1,0.685889
1,0.618054
1,0.227983
1,0.820344
1,0.270631
1,0.522429
1,0.379607
1,0.754353
1,0.664241
1,0.361942
1,0.359001
1,0.730728
1,0.646567
1,0.221596
1,0.749353
1,0.596415
1,0.721231
1,0.64111
1,0.328313
1,0.317685
1,0.927652
1,0.716189
1,0.632903
1,0.54828
1,0.592038
1,0.635574
1,0.436265
1,0.347458
1,0.585459
1,0.615318
1,0.720518
1,0.438564
1,0.321517
1,0.772951
1,0.17988
1,0.568427
1,0.502467
1,0.543766
1,0.440923
1,0.605442
1,0.502884
1,0.450054
1,0.382326
1,0.405442
1,0.613606
1,0.333636
1,0.366904
1,0.570815
1,0.351698
1,0.548982
1,0.481679
1,0.850714
1,0.924517
1,0.482204
1,0.796339
1,0.571535
1,0.575965
1,0.21928
1,0.462728
1,0.515461
1,0.605382
1,0.475021
1,0.706314
1,0.349316
1,0.295801
1,0.391932
1,0.3394
1,0.259966
1,0.345832
1,0.540639
1,0.640187
1,0.704499
1,0.556895
1,0.340981
1,0.306751
1,0.299231
1,0.462851
1,0.332999
1,0.444111
1,0.056328
1,0.363519
1,0.690251
1,0.703307
1,0.496162
1,0.64174
1,0.358751
1,0.855484
1,0.39227
1,0.577077
1,0.539056
1,0.603025
1,0.457926
1,0.304665
1,0.414142
1,0.516282
1,0.186663
1,0.808116
1,0.414424
1,0.412561
1,0.615226
1,0.716971
1,0.685793
1,0.617811
1,0.71405
1,0.301076
1,0.523879
1,0.423512
1,0.583602
1,0.299867
1,0.6982
1,0.574392
1,0.410263
1,0.421873
1,0.372874
1,0.804887
1,0.415451
1,0.803316
1,0.386842
1,0.362156
1,0.285884
1,0.723409
1,0.597315
1,0.545767
1,0.534134
1,0.794148
1,0.407725
1,0.147133
1,0.238439
1,0.658573
1,0.647702
1,0.59222
1,0.202906
1,0.595373
1,0.761987
1,0.566038
1,0.490939
1,0.569001
1,0.515552
1,0.795282
1,0.433655
1,0.330915
1,0.32698
1,0.61564
1,0.577405
1,0.585111
1,0.380053
1,0.635355
1,0.884138
1,0.585112
1,0.649439
1,0.456931
1,0.501367
1,0.519961
1,0.63562
1,0.50255
1,0.696453
1,0.736981
1,0.7204
1,0.616288
1,0.588591
1,0.254618
1,0.351527
1,0.710607
1,0.189327
1,0.681079
1,0.588529
1,0.691337
1,0.498925
1,0.824651
1,0.565874
1,0.108605
1,0.595971
1,0.448444
1,0.626121
1,0.727871
1,0.619104
1,0.689007
1,0.355555
1,0.456207
1,0.731087
1,0.548712
1,0.791635
1,0.513261
1,0.454079
1,0.318135
1,0.614107
1,0.197372
1,0.788298
1,0.481475
1,0.336776
1,0.285457
1,0.461026
1,0.26493
1,0.357134
1,0.675872
1,0.551402
1,0.292879
1,0.226545
1,0.423272
1,0.269341
1,0.871015
1,0.395275
1,0.63012
1,0.726171
1,0.659759
1,0.351205
1,0.382144
1,0.459879
1,0.54659
1,0.76831
1,0.380099
1,0.450729
1,0.630893
1,0.581617
1,0.689901
1,0.464055
1,0.522355
1,0.367166
1,0.590918
1,0.484404
1,0.417369
1,0.811245
1,0.504406
1,0.285787
1,0.45372
1,0.524762
1,0.403221
1,0.753934
1,0.557654
1,0.510966
1,0.294741
1,0.59982
1,0.313008
1,0.744616
1,0.62986
1,0.774211
1,0.503839
1,0.695399
1,0.237696
1,0.095705
1,0.606152
1,0.371909
1,0.578509
1,0.731853
1,0.378091
1,0.853504
1,0.400401
1,0.587312
1,0.746508
1,0.506367
1,0.692065
1,0.597169
1,0.598292
1,0.685362
1,0.393968
1,0.475517
1,0.680387
1,0.226132
1,0.521429
1,0.61487
1,0.244358
1,0.398766
1,0.647624
1,0.661309
1,0.290531
1,0.526871
1,0.387389
1,0.590014
1,0.648076
1,0.581223
1,0.539511
1,0.365013
1,0.258127
1,0.39255
1,0.403688
1,0.772736
1,0.46194
1,0.768456
1,0.889984
1,0.395204
1,0.320654
1,0.599157
1,0.560069
1,0.820096
1,0.650954
1,0.813532
1,0.454382
1,0.710278
1,0.186017
1,0.443159
1,0.736236
1,0.741928
1,0.299794
1,0.539503
1,0.78767
1,0.200792
1,0.51556
1,0.552182
1,0.449592
1,0.127148
1,0.550647
1,0.647147
1,0.65706
1,0.651467
1,0.389448
1,0.42
1,0.307903
1,0.381304
1,0.750808
1,0.572764
1,0.584758
1,0.281204
1,0.298734
1,0.631698
1,0.196225
1,0.513919
1,0.474805
1,0.380781
1,0.411897
1,0.501302
1,0.701193
1,0.448327
1,0.629972
1,0.408049
1,0.857342
1,0.547973
1,0.519244
1,0.245665
1,0.652045
1,0.75855
1,0.292234
1,0.32544
1,0.585304
1,0.362425
1,0.470632
1,0.720693
1,0.771645
1,0.926671
1,0.588994
1,0.597499
1,0.391226
1,0.491245
1,0.311778
1,0.701803
1,0.147307
1,0.684666
1,0.278356
1,0.600234
1,0.427496
1,0.404938
1,0.272555
1,0.384875
1,0.17207
1,0.851777
1,0.60654
1,0.420095
1,0.479228
1,0.851804
1,0.535831
1,0.34543
1,0.429432
1,0.689838
1,0.623688
1,0.494629
1,0.418243
1,0.434204
1,0.405043
1,0.493834
1,0.101627
1,0.397152
1,0.525774
1,0.513715
1,0.441813
1,0.603169
1,0.201182
1,0.634072
1,0.414246
1,0.544412
1,0.438205
1,0.646853
1,0.547079
1,0.789397
1,0.697506
1,0.34142
1,0.544588
1,0.341838
1,0.414289
1,0.471086
1,0.368623
1,0.450449
1,0.69171
1,0.505858
1,0.524052
1,0.382988
1,0.684409
1,0.799811
1,0.589901
1,0.543467
1,0.400702
1,0.621105
1,0.585329
1,0.624486
1,0.380155
1,0.68655
1,0.357108
1,0.548964
1,0.43229
1,0.455755
1,0.338259
1,0.62341
1,0.619319
1,0.414274
1,0.480197
1,0.434353
1,0.278211
1,0.457523
1,0.378595
1,0.46213
1,0.501402
1,0.649005
1,0.437477
1,0.248636
1,0.597136
1,0.910531
1,0.469034
1,0.440229
1,0.453451
1,0.557024
1,0.610924
1,0.398288
1,0.626911
1,0.337361
1,0.498489
1,0.242869
1,0.567543
1,0.361993
1,0.500396
1,0.345802
1,0.296433
1,0.477259
1,0.585165
1,0.637674
1,0.256515
1,0.150606
1,0.49127
1,0.517626
1,0.323527
1,0.630193
1,0.58503
1,0.429344
1,0.462543
1,0.498994
1,0.412219
1,0.859093
1,0.268412
1,0.773605
1,0.606116
1,0.562203
1,0.570239
1,0.151926
1,0.164015
1,0.512986
1,0.455387
1,0.445271
1,0.258511
1,0.569032
1,0.059784
1,0.563053
1,0.302241
1,0.200681
1,0.496796
1,0.807417
1,0.648298
1,0.403903
1,0.556699
1,0.457014
1,0.766645
1,0.548027
1,0.568883
1,0.39687
1,0.344103
1,0.580963
1,0.907308
1,0.693994
1,0.684769
1,0.559809
1,0.71768
1,0.807532
1,0.718527
1,0.603503
1,0.579864
1,0.644207
1,0.449222
1,0.435673
1,0.662257
1,0.401791
1,0.755576
1,0.518924
1,0.619985
1,0.835987
1,0.401427
1,0.570844
1,0.44468
1,0.274262
1,0.450127
1,0.381187
1,0.471417
1,0.521388
1,0.509541
1,0.558332
1,0.541715
1,0.499256
1,0.363219
1,0.361163
1,0.808283
1,0.62456
1,0.729791
1,0.613571
1,0.632636
1,0.408264
1,0.278483
1,0.546983
1,0.4201
1,0.86438
1,0.718895
1,0.531616
1,0.412553
1,0.64741
1,0.64173
1,0.309278
1,0.810056
1,0.589117
1,0.525277
1,0.799481
1,0.692205
1,0.359524
1,0.564793
1,0.779254
1,0.43868
1,0.584695
1,0.849056
1,0.594245
1,0.804293
1,0.484257
1,0.278131
1,0.430853
1,0.453154
1,0.63431
1,0.438597
1,0.724452
1,0.651789
1,0.521858
1,0.62618
1,0.562489
1,0.377053
1,0.266562
1,0.358487
0,0.06584
0,0.017349
0,0.549293
0,0.351566
0,0.263413
0,0.251053
0,0.146834
0,0.998275
0,0.001318
0,0.7427
0,0.581065
0,0.945793
0,0.018949
0,0.063895
0,0.313745
0,0.952473
0,0.824858
0,0.584475
0,0.675035
0,0.168706
0,0.426129
0,0.076487
0,0.6516
0,0.475032
0,0.856196
0,0.011263
0,4e-05
0,0.904163
0,0.022555
0,0.127725
0,0.982915
0,0.26175
0,0.981059
0,0.014225
0,0.481618
0,0.155558
0,0.716248
0,0.025579
0,0.998152
0,0.99988
0,0.302331
0,0.338089
0,0.370662
0,0.792616
0,0.394634
0,0.173102
0,0.754405
0,0.999946
0,0.914405
0,0.852682
0,0.609566
0,0.597024
0,0.203382
0,0.00066
0,0.569043
0,0.99301
0,0.941905
0,0.732148
0,0.87021
0,0.10977
0,0.962406
0,0.51831
0,0.017867
0,0.611126
0,0.253539
0,0.977885
0,0.332427
0,0.512947
0,0.137303
0,0.669324
0,0.567667
0,0.884579
0,0.908299
0,0.857621
0,0.802105
0,0.131419
0,0.991381
0,0.648664
0,0.852639
0,0.80087
0,0.38395
0,0.382938
0,0.7424
0,0.083874
0,0.970556
0,0.696639
0,0.762602
0,0.010119
0,0.981664
0,0.425336
0,0.102362
0,0.202822
0,0.97595
0,0.104028
0,0.088793
0,0.010457
0,0.060109
0,0.908099
0,0.8769
0,0.494487
0,0.607434
0,0.17481
0,0.106142
0,0.530673
0,0.605793
0,0.044852
0,0.319069
0,0.422832
0,0.921048
0,0.095501
0,0.331188
0,0.049473
0,0.514681
0,0.009504
0,0.005008
0,0.582211
0,0.833649
0,0.53814
0,0.525128
0,0.201192
0,0.990395
0,0.55434
0,0.998049
0,0.107556
0,0.125676
0,0.031288
0,0.004346
0,0.987403
0,0.014962
0,0.322901
0,0.958423
0,0.007655
0,0.023529
0,0.934052
0,0.182284
0,0.051837
0,0.069487
0,0.744681
0,0.020812
0,0.97378
0,0.951723
0,0.500776
0,0.860153
0,0.180553
0,0.863844
0,0.083569
0,0.489014
0,0.012543
0,0.550744
0,0.572154
0,0.373831
0,0.250667
0,0.215044
0,0.857686
0,0.987187
0,0.231541
0,0.014952
0,0.484187
0,0.160879
0,0.496888
0,0.966997
0,0.539904
0,0.052604
0,0.465679
0,0.971922
0,0.082061
0,0.739247
0,0.811656
0,0.615854
0,0.084798
0,0.553897
0,0.897594
0,0.990457
0,0.762167
0,0.099817
0,0.615451
0,0.50867
0,0.681609
0,0.992378
0,0.026954
0,0.754322
0,0.15545
0,0.976887
0,0.804132
0,0.004571
0,0.208179
0,0.272745
0,0.762703
0,0.398465
0,0.834796
0,0.965412
0,0.642571
0,0.720125
0,0.35379
0,0.653439
0,0.01855
0,0.999794
0,0.950767
0,0.899504
0,0.000545
0,0.333737
0,0.523636
0,0.942456
0,0.899215
0,0.876811
0,0.776771
0,0.853569
0,0.536558
0,0.980045
0,0.000385
0,0.823581
0,0.892406
0,0.993616
0,0.383306
0,0.020305
0,0.98271
0,0.666364
0,0.040492
0,0.002519
0,0.004192
0,0.780076
0,0.300466
0,0.774392
0,0.459305
0,0.895977
0,0.843276
0,0.848396
0,0.222877
0,0.617414
0,0.149342
0,0.822805
0,0.632166
0,0.999756
0,0.74929
0,0.167525
0,0.033706
0,0.445782
0,0.42922
0,0.040438
0,0.998091
0,0.873687
0,0.035802
0,0.963258
0,0.436785
0,0.150009
0,0.018578
0,0.519985
0,0.12065
0,0.992982
0,0.903451
0,0.523986
0,0.437067
0,0.014576
0,0.020779
0,0.013627
0,0.084931
0,0.142766
0,0.107727
0,0.999648
0,0.190711
0,0.007072
0,0.108044
0,0.3847
0,0.261751
0,0.999315
0,0.82324
0,0.458367
0,0.08763
0,0.498356
0,0.790036
0,0.230618
0,0.027496
0,0.000352
0,0.541877
0,0.962007
0,0.095301
0,0.000603
0,0.775827
0,0.461611
0,0.926017
0,0.023629
0,0.227706
0,0.529956
0,0.231837
0,0.100765
0,0.534701
0,0.795476
0,0.242894
0,0.766776
0,0.497945
0,0.34002
0,0.67463
0,0.709814
0,0.630633
0,0.97668
0,0.480177
0,0.539553
0,0.200347
0,0.08369
0,0.107522
0,0.747072
0,0.205666
0,0.048046
0,0.058246
0,0.075539
0,0.033059
0,0.004544
0,0.200444
0,0.885374
0,0.173775
0,0.001114
0,0.027999
0,0.474549
0,0.004324
0,0.199219
0,0.171257
0,0.379243
0,0.002474
0,0.875482
0,0.313082
0,0.886118
0,0.190009
0,0.456306
0,0.265266
0,0.497102
0,0.996414
0,0.558665
0,0.629129
0,0.02053
0,0.733914
0,0.822548
0,0.902935
0,0.208107
0,0.28163
0,0.0001
0,0.436429
0,0.826589
0,0.995751
0,0.003428
0,0.287952
0,0.999998
0,0.036727
0,0.000339
0,0.00492
0,0.004235
0,0.836474
0,0.943019
0,0.985885
0,0.098941
0,0.004928
0,0.021345
0,0.001366
0,0.028995
0,0.357403
0,0.32604
0,0.050251
0,0.128929
0,0.943889
0,0.574643
0,0.112548
0,0.377902
0,0.705339
0,0.088806
0,0.085744
0,0.921181
0,0.440172
0,0.042511
0,0.728468
0,0.968669
0,0.924697
0,0.330931
0,0.030465
0,0.294891
0,0.381186
0,0.125088
0,0.01117
0,0.052262
0,0.030753
0,0.002334
0,0.748917
0,0.210663
0,0.4951
0,0.739513
0,0.02617
0,0.388032
0,0.119642
0,0.761542
0,0.026642
0,0.935921
0,0.498882
0,0.633643
0,0.040027
0,0.91757
0,0.928902
0,0.998734
0,0.966243
0,0.651987
0,0.468839
0,0.318554
0,0.834664
0,0.970815
0,0.472499
0,0.878307
0,0.017252
0,0.277415
0,0.232081
0,0.899675
0,0.931893
0,0.798792
0,0.074778
0,0.205773
0,0.585403
0,0.208205
0,0.028868
0,0.961768
0,0.724181
0,0.072389
0,0.993945
0,0.282572
0,0.439656
0,0.999441
0,0.016436
0,0.114311
0,0.092824
0,0.167365
0,0.009225
0,1.5e-05
0,0.293639
0,0.053808
0,0.80199
0,0.602014
0,0.559756
0,0.002144
0,0.681021
0,0.82676
0,0.951019
0,0.975817
0,0.996476
0,0.037132
0,0.890378
0,0.392406
0,0.643549
0,0.856729
0,0.998342
0,0.115935
0,0.05683
0,0.333243
0,0.98239
0,0.015253
0,0.800888
0,0.609763
0,0.996433
0,0.960461
0,0.141198
0,0.040242
0,0.00123
0,0.966973
0,0.998621
0,0.963344
0,0.410459
0,0.696723
0,0.942377
0,0.040478
0,0.147766
0,0.783053
0,0.856783
0,0.147894
0,0.361191
0,0.378295
0,0.978698
0,0.115885
0,0.515176
0,0.999324
0,0.181612
0,0.628618
0,0.080681
0,0.002204
0,0.803207
0,0.972214
0,0.553835
0,0.9662
0,0.036452
0,0.219433
0,0.101521
0,0.461991
0,0.922748
0,0.549052
0,0.999998
0,0.380589
0,0.033416
0,0.018484
0,0.514957
0,0.559701
0,0.077189
0,0.922829
0,0.82423
0,0.029383
0,0.811346
0,0.264953
0,0.473537
0,0.989699
0,0.791048
0,0.016284
0,0.767965
0,0.814599
0,0.24382
0,0.214589
0,0.635421
0,0.115083
0,0.012685
0,0.796676
0,0.633068
0,0.606911
0,0.089646
0,0.003646
0,0.966963
0,0.031166
0,0.43078
0,0.185925
0,0.415657
0,0.992425
0,0.056673
0,0.036581
0,0.861511
0,0.960862
0,0.921915
0,0.06794
0,0.481848
0,0.410616
0,0.273858
0,0.740203
0,0.962414
0,0.982541
0,0.566941
0,0.00452
0,0.889923
0,0.004883
0,0.702981
0,0.584492
0,0.106049
0,0.013723
0,0.913585
0,0.713832
0,0.893406
0,0.161347
0,0.013248
0,0.686849
0,0.014468
0,0.682591
0,0.979732
0,0.706596
0,0.964742
0,0.104555
0,0.002208
0,0.384052
0,0.145029
0,0.641085
0,0.121087
0,0.885597
0,0.857251
0,0.308283
0,0.827174
0,0.929016
0,0.735977
0,0.181253
0,0.929616
0,0.102267
0,0.827884
0,0.997802
0,0.132076
0,0.058351
0,0.046347
0,0.997381
0,0.016741
0,0.266158
0,0.438714
0,0.654762
0,0.998631
0,0.936175
0,0.607322
0,0.505508
0,0.138576
0,0.980934
0,0.98736
0,0.000154
0,0.015311
0,0.946715
0,0.048869
0,0.071907
0,0.256772
0,0.717119
0,0.41851
0,0.006176
0,0.154861
0,0.996355
0,0.002382
0,0.061841
0,0.001346
0,0.24169
0,0.53792
0,0.752862
0,0.981956
0,0.979655
0,0.971679
0,0.703011
0,0.013867
0,0.179433
0,0.964551
0,0.21815
0,0.219376
0,0.031827
0,0.980098
0,0.319776
0,0.999896
0,0.973503
0,0.375101
0,0.674617
0,0.631821
0,0.004209
0,0.430921
0,0.146055
0,0.798252
0,0.980961
0,0.999808
0,0.000714
0,5e-05
0,0.085488
0,0.197427
0,0.639915
0,0.973277
0,0.369084
0,0.268709
0,0.454304
0,0.093511
0,0.889389
0,6e-06
0,0.579609
0,0.880691
0,0.160008
0,0.559562
0,0.574477
0,0.036429
0,0.774574
0,0.996303
0,0.854562
0,0.331885
0,0.112672
0,6e-06
0,0.554831
0,0.95194
0,0.295236
0,0.538594
0,0.810693
0,0.392527
0,0.986893
0,0.946096
0,0.011049
0,0.774944
0,0.546699
0,0.854915
0,0.339867
0,0.059602
0,0.997944
0,0.412563
0,0.812644
0,0.956198
0,0.976981
0,0.09241
0,0.881547
0,0.72323
0,0.666942
0,0.060749
0,0.951144
0,0.447687
0,0.754217
0,0.951524
0,0.185867
0,0.128718
0,0.457111
0,0.229792
0,0.177015
0,0.99752
0,0.958026
0,0.976378
0,0.010498
0,0.248088
0,0.002323
0,0.51918
0,0.285387
0,0.916841
0,0.444816
0,0.384756
0,0.080412
0,0.192372
0,0.026604
0,0.999678
0,0.95008
0,0.851893
0,0.012679
0,0.830546
0,0.076523
0,0.129874
0,0.162255
0,0.850943
0,0.002638
0,0.087365
0,0.107921
0,0.954851
0,0.967723
0,0.865135
0,0.037106
0,0.460875
0,0.456906
0,7e-06
0,0.160386
0,0.011856
0,0.548688
0,0.46411
0,0.771381
0,0.003384
0,0.66586
0,0.038672
0,0.901781
0,0.623922
0,0.090451
0,0.556209
0,0.927106
0,0.144262
0,0.00846
0,0.992673
0,0.455049
0,0.372928
0,0.99996
0,0.947682
0,0.979012
0,0.981245
0,0.870039
0,0.612028
0,0.980842
0,0.968014
0,0.350152
0,0.614097
0,0.58503
0,0.043997
0,0.242263
0,0.094861
0,0.896957
0,0.650272
0,0.001212
0,0.280168
0,0.76247
0,0.575235
0,0.779924
0,0.205357
0,0.550186
0,0.990007
0,0.36083
0,0.033386
0,0.704454
0,0.739106
0,0.56974
0,0.316084
0,0.424203
0,0.684258
0,0.404677
0,0.0
0,0.989135
0,0.370036
0,0.892343
0,0.375988
0,0.300062
0,0.212264
0,0.689608
0,0.120674
0,0.981249
0,0.851248
0,0.051181
0,0.998139
0,0.111203
0,0.543848
0,0.075394
0,0.976956
0,0.749193
0,0.842887
0,0.999678
0,0.996588
0,0.320159
0,0.002919
0,0.042965
0,0.836514
0,0.041938
0,0.948795
0,0.888585
0,0.212101
0,0.210045
0,0.033205
0,0.011829
0,0.975414
0,0.09192
0,0.013293
0,0.362869
0,0.649156
0,0.307813
0,0.17597
0,0.586357
0,0.143406
0,0.104502
0,0.039757
0,0.053833
0,0.809647
0,0.4679
0,0.701069
0,0.000345
0,0.102667
0,0.442705
0,0.556115
0,0.912898
0,0.061084
0,0.628407
0,0.59999
0,0.192535
0,0.955256
0,0.90589
0,0.838395
0,0.074908
0,0.007848
0,0.23558
0,0.831985
0,0.334232
0,0.997165
0,0.537112
0,0.938186
0,0.371098
0,0.997991
0,0.880535
0,0.014146
0,0.946275
0,0.040518
0,0.358334
0,0.989385
0,0.553662
0,0.310245
0,0.469438
0,0.007112
0,0.004555
0,0.678075
0,0.921396
0,0.657239
0,0.628216
0,0.026508
0,0.452344
0,0.994004
0,0.593103
0,0.489798
0,0.518427
0,0.99395
0,0.633585
0,0.274873
0,0.34766
0,0.984843
0,0.999999
0,0.356634
0,0.244073
0,0.047957
0,0.235913
0,0.365782
0,0.746628
0,0.961482
0,0.986138
0,0.117345
0,0.782344
0,0.755357
0,0.56286
0,0.697544
0,0.013762
0,0.885384
0,0.179344
0,0.780008
0,2.9e-05
0,0.855089
0,0.170054
0,0.001702
0,0.755688
0,0.992269
0,0.034448
0,0.297576
0,0.389535
0,0.083333
0,0.393442
0,0.047338
0,0.08562
0,0.912922
0,0.73085
0,0.012734
0,0.939654
0,0.945724
0,0.001233
0,0.130829
0,0.004825
0,0.989901
0,0.203253
0,0.065046
0,0.888414
0,0.0204
0,0.743319
0,0.206262
0,0.501749
0,0.481636
0,0.679508
0,0.040975
0,0.509
0,0.308734
0,0.830023
0,0.035802
0,0.043009
0,0.212564
0,0.952387
0,0.317463
0,0.889313
0,0.816565
0,0.730767
0,0.994772
0,0.943368
0,0.984234
0,0.142229
0,0.00229
0,0.232553
0,0.174535
0,0.642583
0,0.98716
0,0.649406
0,0.57852
0,0.027271
0,0.197934
0,0.094045
0,0.625641
0,0.995205
0,0.233585
0,0.999689
0,0.840433
0,0.284217
0,0.996773
0,0.984004
0,0.152214
0,0.172539
0,0.164338
0,0.03357
0,0.000254
0,0.097154
0,0.639988
0,0.589153
0,0.187091
0,0.275781
0,0.746843
0,0.571923
0,0.901868
0,0.037535
0,0.210029
0,0.995686
0,0.379315
0,0.036464
0,0.108807
0,0.759203
0,0.082114
0,0.026375
0,0.678717
0,0.205328
0,0.134887
0,0.718862
0,0.018291
0,0.006375
0,0.606574
0,0.000273
0,0.806292
0,0.027815
0,0.234503
0,0.877849
0,0.554562
0,0.486488
0,0.635658
0,0.943876
0,0.965286
0,0.352997
0,0.94651
0,0.639931
0,0.089227
0,0.988065
0,0.420548
0,0.988992
0,0.733385
0,0.768276
0,0.863939
0,0.880497
0,0.395015
0,0.894417
0,0.017909
0,0.058977
0,0.324295
0,0.930715
0,0.154989
0,0.958606
0,0.068321
0,0.982084
0,0.282065
0,0.604075
0,0.254589
0,0.360414
0,0.966305
0,3.1e-05
0,0.903373
0,0.959937
0,0.589286
0,0.082088
0,0.284174
0,0.987068
0,0.7272
0,0.074192
0,0.544607
0,0.489221
0,0.991504
0,0.143882
0,0.990611
0,0.07334
0,0.828746
0,0.686124
0,0.005878
0,0.781223
0,0.82954
0,0.999989
0,0.665192
0,0.979162
0,0.100397
0,0.999827
0,0.666121
0,0.015815
0,0.532152
0,0.831117
0,0.238425
0,0.215636
0,0.002764
0,0.864025
0,0.647948
0,0.95919
0,0.32103
0,0.670285
0,0.124001
0,0.527114
0,0.264132
0,0.266464
0,0.861039
0,0.996496
0,0.508158
0,0.349075
0,0.812404
0,0.915237
0,0.761581
0,0.504105
0,0.999897
0,0.619476
0,0.866027
0,0.587414
0,0.60062
0,0.000363
0,0.542026
0,0.571111
0,0.55009
0,0.729641
0,0.676177
0,0.04665
0,0.993178
0,3e-06
0,0.586965
0,0.463685
0,0.170974
0,0.379118
0,0.773933
0,0.59782
0,0.615121
0,0.427167
0,0.895396
0,0.498622
0,0.003488
0,0.043492
0,0.692763
0,0.218307
0,0.010659
0,0.439218
0,0.235681
0,0.795709
0,0.846128
0,0.503207
0,0.025127
0,0.158157
0,0.15525
0,0.308086
0,0.430452
0,0.020297
0,0.986279
0,0.997524
0,0.021447
0,0.992636
0,0.665973
0,0.270578
0,0.026695
0,0.039844
0,0.388815
0,0.977992
0,0.986232
0,0.999597
0,0.154533
0,0.424556
0,0.929825
0,0.765784
0,0.991564
0,0.240853
0,0.96015
0,0.696857
0,0.982029
0,0.194928
0,0.086499
0,0.981698
0,0.035995
0,0.511626
0,5.8e-05
0,0.447215
0,0.028403
0,0.194355
0,0.173576
0,0.469272
0,0.446971
0,0.040406
0,0.999875
0,0.604325
0,0.796801
0,0.300815
0,0.716801
0,0.706441
0,0.709821
0,0.165464
0,0.028073
0,0.95642
0,0.99978
0,0.019807
0,0.307703
0,0.000515
0,0.934734
0,0.036839
0,0.097774
0,0.018509
0,0.97669
0,0.356834
0,0.999128
0,0.220952
0,0.971349
0,0.104333
0,0.957277
0,0.120847
0,0.99298
0,0.086855
0,0.192419
0,0.996413
0,0.550314
0,0.142297
0,0.004075
0,0.999681
0,0.255738
0,0.999335
0,0.856462
0,0.722798
0,0.705693
0,0.488428
0,0.321442
0,0.002396
0,0.436806
0,0.995968
0,0.088062
0,0.655124
0,0.996428
0,0.001919
0,0.402091
0,0.013309
0,0.999781
0,0.021793
0,0.926757
0,0.217043
0,0.039713
0,0.067502
0,0.886001
0,0.602169
0,0.986063
0,0.786956
0,0.592173
0,0.205827
0,0.977685
0,0.537226
0,0.945901
0,0.043329
0,0.638323
0,0.904247
0,0.724211
0,0.076044
0,0.727275
0,0.046863
0,0.880206
0,0.998995
0,0.446847
0,0.425722
0,0.692704
0,0.982742
0,0.043601
0,0.999706
0,0.018916
0,0.240537
0,0.251667
0,0.050753
0,0.908272
0,0.336212
0,0.132022
0,0.073543
0,0.183945
0,0.801422
0,0.8898
0,0.041072
0,0.822663
0,0.909173
0,0.670555
0,0.010043
0,0.081766
0,0.023561
0,0.902299
0,0.579179
0,0.976098
0,0.203977
0,0.480459
0,0.695433
0,0.943349
0,0.748468
0,0.067521
0,0.983953
0,0.009515
0,0.151741
0,0.045078
0,0.002648
0,0.215364
0,0.991785
0,0.204627
0,0.798354
0,0.760651
0,0.063604
0,0.98385
0,0.672849
0,0.957214
0,0.035736
0,0.645585
0,0.097028
0,0.269274
0,0.443351
0,0.602112
0,0.998651
0,0.693986
0,0.992865
0,0.839008
0,0.861661
0,0.002349
0,0.283308
0,0.234697
0,0.996446
0,0.731024
0,0.981569
0,0.088593
0,0.994211
0,0.999985
0,0.987373
0,0.772452
0,0.227974
0,0.765324
0,0.454889
0,0.030794
0,0.712052
0,0.732504
0,0.143221
0,0.841603
0,0.481854
0,0.149101
0,0.843324
0,0.893424
0,0.428708
0,0.812218
0,0.881783
0,0.946183
0,0.809605
0,0.997987
0,0.015648
0,0.943207
0,0.421908
0,0.027199
0,0.093977
0,0.795917
0,0.637202
0,0.806644
0,0.090073
0,0.037919
0,0.856387
0,0.776682
0,9e-06
0,0.630522
0,0.004776
0,0.076487
0,0.001474
0,0.070449
0,0.260472
0,0.399638
0,0.595782
0,0.106694
0,0.970601
0,0.918401
0,0.300922
0,0.037815
0,0.927577
0,0.438648
0,0.311141
0,0.964831
0,0.205971
0,0.165485
0,0.311345
0,0.455862
0,0.326835
0,0.97537
0,0.625367
0,0.093531
0,0.044808
0,0.915432
0,0.920024
0,0.842862
0,0.732858
0,0.987602
0,0.408191
0,0.180207
0,0.974309
0,0.96202
0,0.284523
0,0.693657
0,0.998909
0,0.063977
0,0.001215
0,0.550237
0,0.503032
0,0.888494
0,0.030032
0,0.999757
0,0.170654
0,0.006347
0,0.712182
0,0.984002
0,0.949563
0,0.292807
0,0.935195
0,0.854071
0,0.994009
0,0.4533
0,0.983716
0,0.946418
0,0.061258
0,0.721367
0,0.24175
0,0.167897
0,0.603284
0,0.366945
0,0.535592
0,0.355845
0,0.787815
0,0.025754
0,0.352473
0,0.147145
0,0.981771
0,0.99438
0,0.037145
0,0.033427
0,0.678094
0,0.570416
0,0.993853
0,0.718511
0,0.038449
0,0.002759
0,0.076962
0,0.321044
0,0.206655
0,0.453621
0,0.728195
0,0.359744
0,0.975998
0,0.718884
0,0.099733
0,0.786521
0,0.791277
0,0.041017
0,0.265864
0,0.759076
0,0.344478
0,0.156303
0,0.049007
0,0.223087
0,0.478135
0,2.4e-05
0,0.496072
0,0.138829
0,0.741985
0,0.706058
0,0.316594
0,0.997773
0,0.895284
0,0.119416
0,0.154533
0,0.98459
0,0.71385
0,0.901893
0,0.049239
0,0.331531
0,0.379641
0,0.716972
0,0.91556
0,0.030814
0,0.002463
0,0.095609
0,0.474753
0,0.845661
0,0.898218
0,0.7009
0,0.318696
0,0.901127
0,0.94739
0,0.666083
0,0.560486
0,6e-05
0,0.958097
0,0.000873
0,0.020975
0,0.080851
0,0.497192
0,0.969443
0,0.203761
0,0.386092
0,0.212339
0,0.00689
0,0.981923
0,0.057305
0,0.00821
0,0.598399
0,0.944009
0,0.427816
0,0.942304
0,0.57412
0,0.990497
0,0.02107
0,0.372847
0,0.00215
0,0.915875
0,0.660089
0,0.627881
0,0.591184
0,0.223121
0,0.673176
0,0.999868
0,0.44307
0,0.087647
0,0.807911
0,0.312007
0,0.282035
0,0.514248
0,0.365092
0,0.079415
0,0.825246
0,0.064557
0,0.119154
0,0.156706
0,0.30751
0,0.321897
0,0.539643
0,0.08696
0,0.013306
0,0.335428
0,0.9998
0,0.99878
0,0.107116
0,0.079633
0,0.01938
0,0.28958
0,0.856569
0,0.268441
0,0.556235
0,1.8e-05
0,0.665935
0,0.913092
0,0.995567
0,0.495711
0,0.498804
0,0.777752
0,0.99217
0,0.694255
0,0.242878
0,0.996704
0,0.020996
0,0.000569
0,0.03612
0,0.866244
0,0.000162
0,0.415663
0,0.890741
0,0.999476
0,0.736387
0,0.922813
0,0.558709
0,0.392054
0,0.5147
0,0.987434
0,0.168382
0,0.881562
0,0.039998
0,0.991472
0,0.02586
0,0.000113
0,0.244395
0,0.930002
0,0.619356
0,0.029002
0,0.192401
0,0.088776
0,0.357805
0,0.250153
0,0.995346
0,0.035647
0,0.687864
0,0.310678
0,0.494538
0,0.301437
0,0.505098
0,0.70122
0,0.7073
0,0.981622
0,0.794067
0,0.849099
0,0.498815
0,0.151188
0,0.554149
0,0.012511
0,0.629305
0,0.322691
0,0.888514
0,0.969905
0,0.044343
0,0.290689
0,0.170944
0,0.569851
0,0.886219
0,0.515402
0,0.25509
0,0.09442
0,0.000281
0,0.411013
0,0.987563
0,0.869735
0,0.000188
0,0.652822
0,0.493056
0,0.92353
0,0.014444
0,0.244054
0,0.982305
0,0.323598
0,0.599215
0,0.040699
0,0.00242
0,0.168263
0,0.110629
0,0.274108
0,0.497808
0,0.322947
0,0.997696
0,0.542436
0,0.936997
0,0.999968
0,0.988304
0,0.36839
0,0.220869
0,0.025136
0,0.938109
0,0.96522
0,0.503574
0,0.042039
0,0.130235
0,0.993266
0,0.701442
0,0.168037
0,0.047132
0,0.799541
0,0.667335
0,0.002479
0,0.867964
0,0.94345
0,0.433824
0,0.118035
0,0.995827
0,0.466741
0,0.142017
0,0.88772
0,0.224284
0,0.057238
0,0.108228
0,0.387968
0,0.004107
0,0.164724
0,0.973814
0,0.539681
0,0.184523
0,0.531121
0,0.010416
0,0.990565
0,0.040005
0,0.755928
0,0.999247
0,0.058151
0,0.091067
0,0.762118
0,0.704774
0,0.307779
0,0.830203
0,0.0602
0,0.617964
0,0.033693
0,0.896863
0,0.986638
0,0.152949
0,0.907059
0,0.931814
0,0.969658
0,0.282599
0,0.027144
0,0.009717
0,0.999906
0,0.265332
0,0.996302
0,0.001784
0,0.194103
0,0.576464
0,0.828402
0,0.983369
0,0.315863
0,0.984637
0,0.744414
0,0.549111
0,0.292174
0,0.413406
0,0.995459
0,0.993963
0,0.00121
0,0.854578
0,0.276356
0,0.676677
0,0.835446
0,0.622496
0,0.005013
0,0.851952
0,0.918451
0,0.916733
0,0.838828
0,0.375264
0,0.368585
0,0.384792
0,0.22732
0,0.04784
0,0.628379
0,0.68899
0,0.380127
0,0.513109
0,0.156089
0,0.776944
0,0.636888
0,0.016443
0,0.952362
0,0.685829
0,0.80615
0,0.975348
0,0.82929
0,0.999837
0,0.940389
0,0.0069
0,0.747497
0,0.381234
0,0.95431
0,0.360481
0,0.571392
0,0.025539
0,0.942717
0,0.038992
0,0.360369
0,0.000154
0,0.662417
0,0.941873
0,0.08542
0,0.928055
0,0.484262
0,0.979349
0,0.908343
0,0.998855
0,0.510762
0,0.037173
0,0.997168
0,0.008643
0,0.032852
0,0.452818
0,0.97697
0,0.306856
0,0.257346
0,0.050462
0,0.665121
0,0.017091
0,0.992656
0,0.14046
0,0.589714
0,0.946128
0,0.986128
0,0.628233
0,0.961615
0,0.908172
0,0.004202
0,0.723381
0,0.960462
0,0.986872
0,0.993179
0,0.01774
0,0.030735
0,0.009378
0,0.63693
0,0.42882
0,0.881495
0,0.06893
0,0.892305
0,0.011886
0,0.995579
0,0.051532
0,0.329259
0,0.84715
0,0.868942
0,0.848662
0,1.4e-05
0,0.280978
0,0.020236
0,0.387632
0,0.952665
0,0.271348
0,0.989206
0,0.162963
0,0.262526
0,0.057459
0,0.999305
0,0.999908
0,0.00709
0,0.198663
0,0.573285
0,0.064449
0,0.122189
0,0.799545
0,0.37148
0,0.231526
0,0.013604
0,0.015312
0,0.699972
0,0.989111
0,0.044085
0,0.869718
0,0.286232
0,0.866066
0,0.697442
0,0.126479
0,0.240482
0,0.999991
0,0.001584
0,0.907731
0,4e-05
0,0.149099
0,0.540693
0,0.634938
0,0.88281
0,0.331905
0,0.890721
0,0.096585
0,0.471485
0,0.105798
0,0.606041
0,0.199777
0,0.994128
0,0.005766
0,0.965533
0,0.777575
0,0.836338
0,0.004374
0,0.645546
0,0.888493
0,0.505855
0,0.005197
0,0.971142
0,0.989007
0,0.49822
0,0.482692
0,0.412251
0,0.882271
0,0.234175
0,0.08172
0,0.750509
0,0.97034
0,0.938925
0,0.296082
0,0.822023
0,0.361867
0,0.73403
0,0.285769
0,0.933997
0,0.001522
0,0.949227
0,0.043741
0,0.171652
0,0.001801
0,0.548762
0,0.405459
0,0.194989
0,0.851118
0,0.41598
0,0.901186
0,0.101258
0,0.679234
0,0.398894
0,0.10689
0,0.330927
0,0.787332
0,0.000396
0,0.764679
0,0.753308
0,0.998293
0,0.024461
0,0.374419
0,0.066745
0,0.49257
0,0.310391
0,2e-05
0,0.021953
0,0.373461
0,0.959468
0,0.517865
0,0.977335
0,0.895878
0,0.979408
0,0.7339
0,0.991367
0,0.080461
0,0.434528
0,0.626667
0,0.309094
0,0.017736
0,0.989018
0,0.262641
0,0.358988
0,0.856446
0,0.852807
0,0.283493
0,0.013673
0,0.086645
0,0.176492
0,0.927412
0,0.831079
0,0.362754
0,0.101428
0,0.439836
0,0.994306
0,0.291776
0,0.044843
0,0.940069
0,0.191179
0,7e-06
0,0.035742
0,0.005617
0,0.325141
0,0.08289
0,0.486469
0,0.420273
0,0.557272
0,0.826259
0,0.553918
0,0.168508
0,0.364734
0,0.911063
0,0.015163
0,0.932326
0,0.242559
0,0.538137
0,0.826161
0,0.984681
0,0.143251
0,0.02115
0,0.58231
0,0.543328
0,0.073078
0,0.009307
0,0.429636
0,0.798403
0,0.009637
0,0.49224
0,0.868
0,0.40455
0,0.793325
0,0.607368
0,0.117988
0,0.638399
0,0.713293
0,0.998456
0,0.400434
0,0.37432
0,0.157612
0,0.141916
0,0.044975
0,0.604542
0,0.926505
0,0.168113
0,0.123629
0,0.894965
0,0.995773
0,0.056686
0,0.099821
0,0.355276
0,0.336862
0,0.09987
0,0.722057
0,0.249208
0,0.640071
0,0.109796
0,0.078346
0,0.134116
0,0.851373
0,0.192364
0,0.03153
0,0.001139
0,0.606037
0,0.294597
0,0.003819
0,0.808254
0,0.18392
0,0.846964
0,0.995462
0,0.482636
0,0.670226
0,0.138358
0,0.996951
0,0.003088
0,0.970434
0,8.6e-05
0,0.892326
0,0.896682
0,0.50892
0,0.37527
0,0.85952
0,0.999981
0,0.446627
0,0.052598
0,0.989476
0,0.8046
0,0.400988
0,0.240258
0,0.72232
0,0.37426
0,0.655781
0,0.005028
0,0.007995
0,0.00422
0,0.822992
0,0.395277
0,0.349344
0,0.037431
0,0.004702
0,0.157728
0,0.008561
0,0.537399
0,0.466687
0,0.006022
0,0.037942
0,0.095764
0,0.059092
0,0.874345
0,0.219347
0,5.9e-05
0,0.993221
0,0.384925
0,0.887026
0,0.017481
0,0.902856
0,0.249369
0,0.125649
0,0.997468
0,0.999729
0,0.98917
0,0.889173
0,0.648875
0,0.82245
0,0.105893
0,0.833352
0,0.141671
0,0.898657
0,0.588656
0,0.347784
0,0.258042
0,0.997244
0,0.37176
0,0.343178
0,0.445988
0,0.618023
0,0.781624
0,0.949215
0,0.653217
0,0.848097
0,0.134262
0,0.184062
0,0.822242
0,0.963414
0,0.172518
0,0.015581
0,0.97765
0,0.999998
0,0.982765
0,0.489898
0,0.487956
0,0.912645
0,0.006199
0,0.006098
0,0.106506
0,0.322767
0,0.278762
0,0.746261
0,0.158371
0,0.087753
0,0.655667
0,0.596754
0,0.999625
0,0.893127
0,0.042626
0,0.534786
0,0.475566
0,0.988149
0,0.040552
0,0.987251
0,0.389342
0,0.913844
0,0.133855
0,0.775062
0,0.487479
0,0.231204
0,0.281568
0,0.497741
0,9.9e-05
0,0.527281
0,0.685269
0,0.312873
0,0.324248
0,0.049802
0,0.04687
0,0.956035
0,0.94085
0,0.012239
0,0.969978
0,0.147664
0,0.97616
0,0.989406
0,0.986242
0,0.643877
0,0.065805
0,0.992653
0,0.023617
0,0.087786
0,2.1e-05
0,0.308086
0,0.715738
0,0.701169
0,0.767116
0,0.144352
0,0.201514
0,0.037647
0,0.991764
0,0.874346
0,0.617675
0,0.89894
0,0.470858
0,0.719403
0,0.301162
0,0.897503
0,0.045348
0,0.742804
0,0.743409
0,0.887449
0,0.156316
0,0.865467
0,0.325752
0,0.079509
0,0.288012
0,0.54737
0,0.052841
0,0.000272
0,0.746819
0,0.438
0,0.859019
0,0.82049
0,0.997971
0,0.6308
0,0.949841
0,0.212637
0,0.999005
0,0.030997
0,0.997348
0,0.999991
0,0.572591
0,0.703751
0,0.813347
0,0.999509
0,0.459801
0,0.364016
0,0.763799
0,0.632232
0,0.741183
0,0.472012
0,0.490053
0,0.026792
0,0.270365
0,7.8e-05
0,0.133002
0,0.502719
0,0.001167
0,0.873751
0,0.999887
0,0.712244
0,0.999937
0,7.4e-05
0,0.024956
0,0.109409
0,0.701532
0,0.668957
0,0.035193
0,0.313711
0,0.837874
0,0.17154
0,0.690604
0,0.732697
0,0.032032
0,0.472623
0,0.740266
0,0.967906
0,0.000296
0,0.069926
0,0.370665
0,0.749299
0,0.138137
0,0.937747
0,0.929245
0,0.963819
0,0.631012
0,0.669185
0,0.783366
0,0.001981
0,0.029227
0,0.225719
0,0.455579
0,0.727136
0,0.966125
0,0.096589
0,0.893407
0,0.912962
0,0.001759
0,0.14709
0,0.000683
0,0.058259
0,0.605235
0,0.979171
0,0.022713
0,0.926286
0,0.605894
0,0.888801
0,0.466798
0,0.992313
0,0.969452
0,0.952976
0,0.686565
0,0.802481
0,0.786125
0,0.074686
0,0.015536
0,0.697589
0,0.351741
0,0.860406
0,0.043583
0,0.596898
0,0.980551
0,0.948737
0,0.493477
0,0.999482
0,0.953926
0,0.026678
0,0.197484
0,0.009701
0,0.033344
0,0.091632
0,0.621211
0,0.973931
0,0.172184
0,0.000918
0,0.976133
0,0.389154
0,0.009443
0,0.095732
0,0.339943
0,0.710933
0,0.020603
0,0.058502
0,0.029626
0,0.005144
0,0.841219
0,0.991391
0,0.531744
0,0.100732
0,0.041908
0,0.014594
0,0.624229
0,0.044184
0,0.050863
0,0.122168
0,0.094489
0,0.000329
0,0.915475
0,0.209567
0,0.194178
0,0.980113
0,0.999829
0,0.999792
0,0.94906
0,0.760609
0,7e-06
0,0.133486
0,0.513777
0,0.595393
0,0.988531
0,0.028682
0,0.27058
0,0.313398
0,0.110312
0,0.478475
0,0.947325
0,0.193439
0,0.978742
0,0.014825
0,0.638627
0,0.97795
0,0.73091
0,0.619952
0,0.921463
0,0.175181
0,0.069215
0,0.971056
0,0.30114
0,0.867387
0,0.840889
0,0.000856
0,0.548951
0,0.159486
0,0.544096
0,0.064011
0,0.167018
0,0.451686
0,0.763386
0,0.977366
0,0.18351
0,0.800996
0,0.977321
0,0.000414
0,0.120521
0,0.109358
0,0.180229
0,0.714039
0,0.952822
0,0.257592
0,0.710669
0,0.999219
0,0.710427
0,0.888701
0,0.855106
0,0.137272
0,0.99809
0,0.706285
0,0.255918
0,0.009795
0,0.031069
0,0.594098
0,0.23273
0,0.009779
0,0.716629
0,0.999885
0,0.136992
0,0.980137
0,0.679444
0,0.776362
0,0.688311
0,0.32823
0,0.035549
0,0.657644
0,0.87187
0,0.07858
0,0.888612
0,0.999201
0,0.673968
0,0.093553
0,0.323995
0,0.494628
0,0.112649
0,0.237927
0,0.307495
0,0.974507
0,0.30424
0,0.937887
0,0.044591
0,0.690712
0,0.556839
0,0.329875
0,0.022139
0,0.490712
0,0.457848
0,0.107631
0,0.081244
0,0.017564
0,0.432343
0,0.279026
0,0.959127
0,0.03977
0,0.079309
0,0.266819
0,0.204099
0,0.955657
0,0.238285
0,0.64152
0,0.908353
0,0.60593
0,0.043025
0,0.370986
0,0.802468
0,0.852479
0,0.769959
0,0.999749
0,0.976577
0,0.927064
0,0.397548
0,0.003514
0,0.572534
0,0.152917
0,0.589238
0,0.812511
0,0.979488
0,0.185969
0,0.781279
0,0.897826
0,0.186308
0,0.093631
0,0.044442
0,0.530273
0,0.928045
0,0.345892
0,0.427875
0,0.306718
0,0.973946
0,0.000734
0,0.989829
0,0.022927
0,0.84372
0,0.464262
0,0.992247
0,0.019589
0,0.984583
0,0.916586
0,0.007462
0,0.903413
0,0.0
0,0.85712
0,0.599227
0,0.147203
0,0.988735
0,0.458218
0,0.710992
0,0.362022
0,0.950102
0,0.281236
0,0.797053
0,0.979765
0,0.691308
0,0.113438
0,0.13922
0,0.808519
0,0.158022
0,0.018075
0,0.136788
0,0.177164
0,0.35457
0,0.774859
0,0.125482
0,0.496847
0,0.032847
0,0.476063
0,0.317669
0,0.507877
0,0.916424
0,0.774444
0,0.232352
0,0.988232
0,0.136715
0,0.620778
0,0.003349
0,0.281514
0,0.184963
0,0.120168
0,7e-05
0,0.083018
0,0.76242
0,0.009534
0,0.844229
0,0.905012
0,0.804068
0,0.175554
0,0.202178
0,0.355241
0,0.537745
0,0.697223
0,0.743187
0,0.355044
0,0.99865
0,0.038919
0,0.75203
0,0.000398
0,0.056118
0,0.095151
0,0.673737
0,0.785842
0,0.135871
0,0.093169
0,0.958648
0,0.95686
0,0.712714
0,0.998944
0,0.404724
0,0.979743
0,0.942514
0,0.766246
0,0.143027
0,0.27132
0,0.38345
0,0.946854
0,0.470767
0,0.128873
0,0.173891
0,0.421094
0,0.175285
0,0.21525
0,0.512833
0,0.761937
0,0.020847
0,0.999999
0,0.632521
0,0.989517
0,0.263073
0,0.384642
0,0.810358
0,0.028072
0,0.293144
0,0.077438
0,0.8394
0,0.719418
0,0.999815
0,0.012555
0,0.461484
0,0.575678
0,0.036046
0,0.000981
0,0.501793
0,0.48826
0,0.138852
0,0.317456
0,0.999905
0,0.937717
0,0.984588
0,0.956221
0,0.807485
0,0.001699
0,0.840551
0,0.028807
0,0.918183
0,0.125032
0,0.5679
0,0.09596
0,0.430091
0,0.912802
0,0.999997
0,0.705053
0,0.854784
0,0.338393
0,6.7e-05
0,0.757086
0,0.010734
0,0.986507
0,0.118859
0,0.92947
0,0.390963
0,0.461771
0,0.043717
0,0.339881
0,0.996548
0,0.02051
0,0.778035
0,0.909877
0,0.536546
0,0.054071
0,0.940958
0,0.024092
0,0.657942
0,0.979403
0,0.423326
0,0.999986
0,0.930796
0,0.997045
0,0.017531
0,0.885736
0,0.452772
0,0.727989
0,0.023629
0,0.986635
0,0.6547
0,0.346699
0,0.016715
0,0.791383
0,0.059066
0,0.393261
0,0.306152
0,0.00758
0,0.342798
0,0.997095
0,0.349606
0,0.25455
0,0.470826
0,0.626412
0,0.020627
0,0.999968
0,0.889796
0,0.00701
0,0.020295
0,0.000662
0,0.304597
0,0.664336
0,0.158316
0,0.281018
0,0.002805
0,0.001403
0,0.892471
0,0.33728
0,0.904844
0,0.207912
0,0.837587
0,0.806157
0,0.242868
0,0.948118
0,0.294157
0,0.981214
0,0.81991
0,0.727547
0,0.201606
0,0.367271
0,0.621524
0,0.447395
0,0.996072
0,0.904564
0,0.03244
0,0.015428
0,0.009285
0,0.285215
0,0.758085
0,0.985439
0,0.999885
0,0.868191
0,0.228839
0,0.385448
0,0.642487
0,0.969112
0,0.798998
0,0.265189
0,0.001691
0,0.000905
0,0.957451
0,0.568514
0,0.999664
0,0.752841
0,0.829468
0,0.152749
0,0.490547
0,0.009333
0,0.15039
0,0.044676
0,0.623319
0,0.785844
0,0.152655
0,0.947641
0,0.993859
0,0.215588
0,6.2e-05
0,0.731355
0,0.991516
0,0.581446
0,0.010688
0,0.46919
0,0.906658
0,0.054824
0,0.997674
0,0.971972
0,0.06704
0,0.115279
0,0.339271
0,0.026901
0,0.478234
0,0.907297
0,0.97948
0,0.83464
0,0.011275
0,0.93216
0,0.004585
0,0.080514
0,0.196949
0,0.871287
0,0.002693
0,0.460324
0,0.330305
0,0.016888
0,0.993477
0,0.644843
0,0.990649
0,0.500361
0,0.400911
0,0.946249
0,0.146965
0,0.378017
0,0.641261
0,0.492258
0,0.033601
0,0.273245
0,0.209319
0,0.003865
0,0.998968
0,0.915652
0,0.836597
0,0.091921
0,0.299987
0,0.713246
0,0.011604
0,0.990889
0,0.467019
0,0.988713
0,0.966415
0,0.077051
0,0.002631
0,0.626928
0,0.634633
0,0.974086
0,0.069831
0,0.883419
0,0.486541
0,0.01949
0,0.01627
0,0.237643
0,0.125525
0,0.884312
0,0.004521
0,0.854766
0,0.669039
0,0.966329
0,0.160228
0,0.940912
0,0.113963
0,0.000435
0,0.788399
0,0.643517
0,0.092068
0,0.852928
0,0.800406
0,0.599859
0,0.000202
0,0.845405
0,0.626041
0,0.964678
0,0.12246
0,0.520939
0,0.874523
0,0.999581
0,0.987306
0,0.703885
0,0.420054
0,0.921233
0,0.216562
0,0.112545
0,0.709724
0,0.016345
0,0.389224
0,0.193248
0,0.617159
0,0.346784
0,0.644869
0,0.994348
0,0.758851
0,0.243226
0,0.489233
0,0.912978
0,0.957104
0,0.7485
0,0.177297
0,0.997597
0,0.787573
0,0.301789
0,0.295542
0,0.000627
0,0.00465
0,0.858331
0,0.648931
0,0.112617
0,0.301852
0,0.750166
0,0.522295
0,0.336075
0,0.431245
0,0.016787
0,0.539662
0,0.981241
0,0.015614
0,0.001327
0,0.632783
0,0.012084
0,0.090426
0,0.921171
0,0.562033
0,0.887125
0,0.148378
0,0.357919
0,0.267876
0,0.018425
0,0.31584
0,0.231899
0,0.573496
0,0.051874
0,0.143422
0,0.88933
0,0.087565
0,0.006091
0,0.011291
0,0.702991
0,0.992773
0,0.628527
0,0.748581
0,0.410253
0,0.284245
0,0.46147
0,0.49451
0,0.362395
0,0.347365
0,0.196873
0,0.90083
0,0.036765
0,0.759069
0,0.278025
0,0.111598
0,0.972247
0,0.6809
0,0.21761
0,0.995999
0,0.97169
0,0.20955
0,0.654803
0,0.338402
0,0.610174
0,0.153431
0,0.135385
0,0.42283
0,0.363859
0,0.962746
0,0.550214
0,0.351805
0,0.198147
0,0.93515
0,0.141295
0,0.886036
0,0.00996
0,0.158067
0,0.314783
0,0.026821
0,0.952594
0,0.043505
0,0.10043
0,0.287847
0,0.227147
0,0.401727
0,0.713221
0,0.491595
0,0.512011
0,0.003656
0,0.139394
0,0.701609
0,0.642283
0,0.633868
0,0.137384
0,0.020689
0,0.439033
0,0.331536
0,0.966664
0,0.882641
0,0.537033
0,0.742666
0,0.82952
0,0.999829
0,0.051998
0,0.958495
0,0.687052
0,0.94565
0,0.280846
0,0.536638
0,0.997741
0,0.001761
0,0.957198
0,0.785854
0,0.401213
0,0.99185
0,0.453118
0,0.871921
0,0.054622
0,0.482149
0,0.999196
0,0.383925
0,0.107188
0,0.844135
0,0.926638
0,0.743287
0,0.752714
0,0.032678
0,0.362948
0,0.021864
0,0.86325
0,0.990075
0,0.752515
0,0.295378
0,0.822669
0,0.008521
0,0.850531
0,0.995531
0,0.173277
0,0.273971
0,0.004685
0,0.837537
0,0.000148
0,0.998725
0,0.488605
0,0.005676
0,0.020731
0,0.060955
0,0.987733
0,0.086981
0,0.288397
0,0.544768
0,0.941759
0,0.011038
0,0.913428
0,0.010925
0,0.363876
0,0.742799
0,0.796135
0,0.474486
0,0.964861
0,0.804488
0,0.071391
0,0.534034
0,0.001697
0,0.462661
0,0.969877
0,0.360789
0,0.032566
0,0.857786
0,0.9838
0,0.081655
0,0.37184
0,0.890337
0,0.82795
0,0.001147
0,0.092354
0,0.004996
0,0.190087
0,0.158966
0,0.400664
0,0.205216
0,0.994634
0,0.983142
0,0.350554
0,0.016128
0,0.644499
0,0.112967
0,0.160513
0,0.26901
0,0.03793
0,0.919396
0,0.9317
0,0.073171
0,0.050789
0,0.094471
0,0.487542
0,0.700229
0,0.97
0,0.284815
0,0.148398
0,0.995447
0,0.532561
0,0.018023
0,0.548269
0,0.964725
0,0.104514
0,0.985791
0,0.931542
0,0.426536
0,0.007571
0,0.749653
0,0.907452
0,0.055581
0,0.196403
0,0.246057
0,0.281893
0,0.979462
0,0.0187
0,0.588602
0,0.905067
0,0.922747
0,0.816871
0,0.999786
0,0.180325
0,0.962962
0,0.944166
0,0.999941
0,0.173014
0,0.109358
0,0.007029
0,0.002894
0,0.012375
0,0.614659
0,0.087845
0,0.189408
0,0.752077
0,0.905095
0,0.942121
0,0.021964
0,0.855104
0,0.133313
0,0.36725
0,0.835455
0,0.533586
0,0.969183
0,0.712919
0,0.729044
0,0.201133
0,0.911651
0,0.888048
0,0.871371
0,0.507746
0,1.5e-05
0,0.904293
0,0.396191
0,0.669032
0,0.986817
0,0.969761
0,0.443393
0,0.659639
0,0.610664
0,0.921986
0,0.512044
0,0.133299
0,0.663151
0,0.66557
0,0.769104
0,0.363147
0,0.018528
0,0.052338
0,0.963158
0,0.000613
0,0.918214
0,0.9999
0,0.122955
0,0.483115
0,0.418217
0,0.18921
0,0.877432
0,0.369602
0,0.187427
0,0.547277
0,0.738511
0,0.970316
0,0.024846
0,0.501916
0,0.5944
0,0.033232
0,0.985926
0,0.783608
0,0.14147
0,0.952652
0,0.048717
0,0.015421
0,0.841318
0,0.728453
0,0.997976
0,0.992878
0,0.927117
0,0.000416
0,0.409243
0,0.022875
0,0.423384
0,0.994303
0,0.703714
0,0.029174
0,0.000421
0,0.418396
0,0.66648
0,0.818773
0,0.988178
0,0.196457
0,0.191033
0,0.143689
0,0.049444
0,0.291399
0,0.441416
0,0.000827
0,0.870833
0,0.459028
0,0.684728
0,0.49109
0,0.990693
0,0.894605
0,0.666366
0,0.236467
0,0.71463
0,0.170327
0,0.044962
0,0.609219
0,0.765882
0,0.009226
0,0.777337
0,0.535252
0,0.794697
0,0.397836
0,0.126172
0,0.989547
0,0.129277
0,0.000651
0,0.76677
0,0.01331
0,0.008458
0,0.631282
0,0.008214
0,0.091803
0,0.713719
0,0.018219
0,0.104199
0,0.992999
0,0.999849
0,0.99157
0,0.06698
0,0.941084
0,0.314711
0,0.30326
0,0.952982
0,0.203519
0,0.094437
0,0.092021
0,0.339888
0,0.972745
0,0.002656
0,0.045113
0,0.737044
0,0.022764
0,0.214039
0,0.00021
0,0.764353
0,0.970851
0,0.014189
0,0.784412
0,0.637573
0,0.953545
0,0.056878
0,0.803679
0,0.982
0,0.63687
0,0.999998
0,0.003484
0,0.716354
0,0.998738
0,0.999536
0,0.860262
0,0.988965
0,0.747593
0,0.157382
0,0.003061
0,0.183085
0,0.498117
0,0.037953
0,0.002475
0,0.028714
0,0.116557
0,0.349893
0,0.999824
0,0.097913
0,0.232202
0,0.215725
0,0.811209
0,0.563284
0,0.55308
0,0.25893
0,0.940869
0,0.14409
0,0.401832
0,0.744515
0,0.00273
0,0.093
0,0.039174
0,0.987068
0,0.953853
0,0.941911
0,0.434429
0,0.958356
0,0.153879
0,0.367042
0,0.832144
0,0.281193
0,0.002438
0,0.166977
0,0.431411
0,0.632684
0,0.999673
0,0.909912
0,0.55423
0,0.157146
0,0.991068
0,0.194073
0,0.590023
0,0.961888
0,0.364562
0,0.556788
0,0.947084
0,0.982716
0,0.444721
0,0.619929
0,0.547965
0,0.565764
0,0.880596
0,0.831241
0,0.724653
0,0.153663
0,0.989497
0,0.846158
0,0.075474
0,0.428395
0,0.005388
0,0.010516
0,0.082571
0,0.987876
0,0.012318
0,0.10779
0,0.893327
0,0.032269
0,0.750917
0,0.958426
0,0.016501
0,0.058722
0,0.99559
0,0.999718
0,0.790575
0,0.910116
0,0.106664
0,0.657428
0,0.555239
0,0.872981
0,0.544099
0,0.483907
0,0.568669
0,0.027564
0,0.347972
0,0.194731
0,0.442127
0,0.187087
0,0.057759
0,0.550264
0,0.480371
0,0.854525
0,0.109599
0,0.999994
0,0.000382
0,0.504426
0,0.994547
0,0.728396
0,0.113615
0,0.888623
0,0.668766
0,0.415309
0,0.990571
0,0.083736
0,0.075421
0,0.004973
0,0.871811
0,0.045232
0,0.200371
0,0.724955
0,0.33589
0,0.613166
0,0.350915
0,0.024959
0,0.0178
0,0.010756
0,0.838839
0,0.787292
0,0.003229
0,0.073393
0,0.478728
0,0.286023
0,0.954994
0,0.029443
0,0.004659
0,0.947188
0,0.465249
0,0.945783
0,0.98636
0,0.991593
0,0.77595
0,0.170804
0,0.261581
0,0.290028
0,0.476341
0,0.155845
0,0.03845
0,0.91763
0,0.974126
0,0.014751
0,0.43693
0,0.998476
0,0.579947
0,0.847604
0,0.011456
0,0.00055
0,0.944863
0,0.016289
0,0.012468
0,0.013135
0,0.183094
0,0.084684
0,0.450918
0,0.587214
0,0.869653
0,0.600976
0,0.846793
0,0.424521
0,0.920231
0,0.821607
0,0.29947
0,0.682643
0,0.789297
0,0.535382
0,0.754843
0,0.924937
0,0.610625
0,0.001817
0,0.296137
0,0.929827
0,0.323693
0,0.912736
0,0.818225
0,0.205562
0,0.870467
0,0.06742
0,0.935977
0,0.955922
0,0.002135
0,0.834213
0,0.169582
0,0.032993
0,0.995332
0,0.816257
0,0.978944
0,0.90896
0,0.978795
0,0.193999
0,0.002818
0,0.818197
0,0.204944
0,0.072018
0,0.691443
0,0.792931
0,0.705071
0,0.877902
0,0.248839
0,0.808627
0,0.291744
0,0.222944
0,0.998634
0,0.78188
0,0.153074
0,0.163445
0,0.605647
0,0.987842
0,0.983814
0,0.999992
0,0.992016
0,0.37448
0,0.511274
0,0.622168
0,0.004417
0,0.946209
0,0.740164
0,0.089657
0,0.286984
0,0.035651
0,0.77592
0,0.035783
0,0.687755
0,0.165239
0,0.044459
0,0.999243
0,0.137586
0,0.793693
0,0.008593
0,0.078575
0,0.000704
0,0.37527
0,0.940374
0,0.955003
0,0.003949
0,0.03407
0,0.271416
0,0.948749
0,0.075017
0,0.871456
0,0.999994
0,0.144852
0,0.983235
0,0.001798
0,0.391176
0,0.652732
0,0.997893
0,0.829408
0,0.9995
0,0.059694
0,0.037093
0,0.649737
0,0.739184
0,0.889717
0,0.754239
0,0.990664
0,0.046625
0,0.957422
0,0.019816
0,0.00161
0,0.070116
0,0.402876
0,0.002054
0,0.441442
0,0.27625
0,0.009743
0,0.405504
0,0.250239
0,0.950652
0,0.390228
0,0.536839
0,0.924499
0,0.526507
0,0.87966
0,0.407761
0,0.817813
0,0.792123
0,0.888624
0,0.007867
0,0.035378
0,0.009148
0,0.119884
0,0.132078
0,0.555838
0,0.050484
0,0.24548
0,0.023924
0,0.53058
0,0.195045
0,2e-05
0,0.349614
0,0.001457
0,0.924076
0,0.177364
0,0.293551
0,0.986393
0,6.7e-05
0,0.05063
0,0.822542
0,0.570156
0,0.175803
0,0.219175
0,0.015681
0,0.708858
0,0.208999
0,0.287559
0,0.000666
0,0.057863
0,0.064165
0,0.505041
0,0.752504
0,0.465879
0,0.016801
0,0.093208
0,0.851895
0,0.724269
0,0.131817
0,0.021259
0,0.950606
0,0.011546
0,0.815594
0,0.036878
0,0.883896
0,0.007571
0,1.1e-05
0,0.312337
0,0.200628
0,0.137746
0,0.413606
0,0.118921
0,0.294693
0,0.089245
0,0.920556
0,0.999836
0,0.00803
0,0.017956
0,0.528804
0,0.002421
0,0.844112
0,0.915778
0,0.000293
0,0.96629
0,0.755543
0,0.133716
0,0.038391
0,0.890856
0,0.702097
0,0.57089
0,0.091596
0,0.32255
0,0.971495
0,0.998879
0,0.999472
0,0.624623
0,0.923065
0,0.578287
0,0.141825
0,0.24256
0,0.720388
0,0.7614
0,0.908982
0,0.965544
0,0.394905
0,0.747111
0,0.998147
0,0.95397
0,0.65926
0,0.809079
0,0.783279
0,0.336757
0,0.017073
0,0.962057
0,0.109765
0,0.146682
0,0.829497
0,0.717727
0,0.000111
0,0.999996
0,0.272543
0,0.92689
0,0.772579
0,0.394647
0,0.941213
0,0.90787
0,0.948556
0,0.672779
0,0.649638
0,0.885061
0,0.090449
0,0.88297
0,0.785818
0,0.127602
0,0.061824
0,0.645459
0,0.758399
0,0.490321
0,0.981456
0,0.827343
0,0.02035
0,0.303245
0,0.449078
0,0.991829
0,0.984896
0,0.494634
0,0.225769
0,0.808494
0,0.996846
0,0.84375
0,0.019474
0,0.015628
0,0.385486
0,0.521131
0,0.735584
0,0.53166
0,0.22043
0,0.431086
0,0.782685
0,0.29932
0,0.126885
0,0.205602
0,0.213288
0,0.818215
0,0.860365
0,0.347093
0,0.354173
0,0.898857
0,7.2e-05
0,0.045776
0,0.100684
0,0.943592
0,0.558203
0,0.002018
0,0.994616
0,0.687221
0,0.566466
0,0.421263
0,0.838787
0,0.999109
0,0.3654
0,0.070992
0,0.978444
0,0.360625
0,0.56767
0,0.999245
0,0.892932
0,0.073558
0,0.190912
0,0.425647
0,0.957108
0,0.309803
0,0.807953
0,0.738778
0,0.04424
0,0.96454
0,0.502182
0,0.270935
0,0.334525
0,9.6e-05
0,0.492094
0,0.036574
0,0.159879
0,0.36669
0,0.999751
0,0.046175
0,0.710619
0,0.16294
0,0.024843
0,0.964753
0,0.680301
0,0.689787
0,0.380671
0,0.258534
0,0.4396
0,0.781273
0,0.04107
0,0.955254
0,0.004857
0,0.895643
0,0.012655
0,0.270604
0,0.165796
0,0.824619
0,0.694077
0,0.243772
0,0.665702
0,0.652574
0,0.52639
0,0.855871
0,0.985461
0,0.662611
0,0.966654
0,0.355074
0,0.580547
0,0.564291
0,0.043776
0,0.317794
0,0.493629
0,0.637524
0,0.07361
0,0.014314
0,0.014791
0,0.873765
0,0.00421
0,0.942596
0,0.114971
0,0.552901
0,0.059258
0,0.79628
0,0.15341
0,0.000271
0,0.549069
0,0.999991
0,0.543421
0,0.973574
0,0.472659
0,0.00016
0,0.717367
0,0.918914
0,0.338633
0,0.989269
0,0.569083
0,0.233239
0,0.653186
0,0.932326
0,0.974146
0,0.757719
0,0.996227
0,0.919956
0,0.985802
0,0.729727
0,0.190641
0,0.367882
0,0.057502
0,0.47366
0,0.927753
0,0.263281
0,0.997978
0,0.999627
0,6e-06
0,0.62466
0,0.389321
0,0.90803
0,0.987209
0,0.341562
0,0.00795
0,0.798745
0,0.556935
0,0.102389
0,0.452907
0,0.45621
0,0.14863
0,0.904026
0,0.547786
0,0.268869
0,0.907093
0,0.912813
0,0.066442
0,0.118563
0,0.306307
0,0.057369
0,0.976772
0,0.603102
0,0.535948
0,0.944468
0,0.537582
0,0.079719
0,0.930893
0,0.358409
0,0.623629
0,0.343814
0,0.501945
0,0.003974
0,0.597019
0,0.078708
0,0.440328
0,0.21596
0,0.183793
0,0.598069
0,0.356495
0,0.006999
0,0.99104
0,0.303531
0,0.208665
0,0.853562
0,0.771777
0,0.030143
0,0.595274
0,0.335549
0,0.552003
0,0.962827
0,0.267576
0,0.03685
0,0.069913
0,0.527371
0,0.54692
0,0.331269
0,0.91252
0,0.964935
0,0.957849
0,0.224029
0,0.163637
0,0.667471
0,0.341814
0,0.165866
0,0.932694
0,0.298712
0,0.755598
0,0.366022
0,0.848707
0,0.918057
0,0.780883
0,0.974986
0,0.791497
0,0.978347
0,0.660991
0,0.086885
0,0.514959
0,0.338495
0,0.5903
0,0.984028
0,0.787606
0,0.057323
0,0.777186
0,0.054253
0,0.373023
0,0.534701
0,0.327181
0,0.313241
0,0.363824
0,0.140648
0,0.499178
0,0.01889
0,0.51434
0,0.177859
0,0.043053
0,0.518365
0,0.050082
0,0.415178
0,0.446772
0,0.610692
0,0.601492
0,0.958365
0,0.507757
0,0.022691
0,0.275646
0,0.615044
0,0.207209
0,0.78051
0,0.129265
0,0.874517
0,0.000352
0,0.905072
0,0.890662
0,0.990415
0,0.987124
0,0.244547
0,0.996168
0,0.81581
0,0.881231
0,0.409361
0,0.766118
0,0.665867
0,0.316453
0,0.004586
0,0.567604
0,0.706245
0,0.916299
0,0.027977
0,0.466869
0,0.959676
0,0.316296
0,0.986289
0,0.903374
0,0.941763
0,0.998099
0,0.665911
0,0.232921
0,0.544309
0,0.937144
0,0.621521
0,0.516617
0,0.320349
0,0.435856
0,0.996671
0,0.970042
0,0.996486
0,0.999435
0,0.983112
0,0.996362
0,0.522641
0,0.062166
0,0.015663
0,0.001736
0,0.051217
0,0.029685
0,0.997852
0,0.331904
0,0.23056
0,0.9665
0,0.003392
0,0.96881
0,0.220036
0,0.964594
0,0.165406
0,0.76082
0,0.257392
0,0.401678
0,0.180822
0,0.672995
0,0.074707
0,0.630094
0,0.969238
0,0.087665
0,0.970394
0,0.079244
0,0.53143
0,0.056765
0,0.085931
0,0.586015
0,0.89442
0,0.000577
0,0.97384
0,0.549068
0,0.223293
0,0.946258
0,0.672876
0,0.000189
0,0.489403
0,0.991556
0,0.983766
0,0.97567
0,0.761931
0,0.903681
0,0.473494
0,0.946955
0,0.796396
0,0.170805
0,0.046647
0,0.596528
0,0.791446
0,0.234055
0,0.000451
0,0.999486
0,0.998604
0,0.706403
0,0.748163
0,0.430956
0,0.914282
0,0.063694
0,0.492307
0,0.636418
0,0.949776
0,0.947047
0,0.621682
0,0.206144
0,0.978402
0,0.284815
0,0.999915
0,0.8023
0,0.596551
0,0.042858
0,0.857819
0,0.00047
0,0.762493
0,0.953592
0,0.525268
0,0.05195
0,0.000476
0,0.083475
0,2.4e-05
0,0.686848
0,0.052991
0,0.22684
0,0.258071
0,0.014855
0,0.468517
0,0.442367
0,0.981385
0,0.82939
0,0.385485
0,0.048088
0,0.998631
0,0.359634
0,0.111135
0,0.033256
0,0.705364
0,0.940351
0,0.968472
0,0.991488
0,0.253348
0,0.370736
0,0.67311
0,0.569423
0,0.118571
0,0.910197
0,0.098261
0,0.713907
0,0.530248
0,0.967296
0,0.604226
0,0.809537
0,0.680126
0,0.731982
0,0.09764
0,0.887664
0,0.918568
0,0.039866
0,0.98023
0,0.923808
0,0.991943
0,0.227008
0,0.875179
0,0.942454
0,0.613966
0,0.005222
0,0.043361
0,0.320016
0,0.003305
0,0.00623
0,0.091319
0,0.782078
0,0.002147
0,0.364387
0,0.975274
0,0.643346
0,0.001464
0,0.474218
0,0.746221
0,0.145635
0,0.199522
0,0.249829
0,0.91545
0,0.00022
0,0.007134
0,0.80982
0,0.999873
0,0.034239
0,0.013152
0,0.461316
0,0.141939
0,0.993659
0,0.228365
0,0.600635
0,0.422759
0,0.453122
0,0.093514
0,0.103383
0,0.440731
0,0.584211
0,0.608504
0,0.577859
0,0.001754
0,0.985741
0,0.546485
0,0.225801
0,0.478441
0,0.222633
0,0.002917
0,0.009174
0,0.306995
0,0.034066
0,0.470915
0,0.198064
0,0.418651
0,0.91377
0,0.932659
0,0.331154
0,0.858672
0,0.662402
0,0.770178
0,0.930341
0,0.81962
0,0.322566
0,0.328079
0,0.030394
0,0.550171
0,0.03355
0,0.132172
0,0.215034
0,0.03637
0,0.150428
0,0.574807
0,0.983192
0,0.572291
0,0.442558
0,0.657733
0,0.905775
0,0.467917
0,0.707602
0,0.812048
0,0.990399
0,0.999947
0,0.119661
0,0.008098
0,0.934219
0,0.761306
0,0.558458
0,0.909388
0,0.963552
0,0.011334
0,0.876218
0,0.003673
0,0.896886
0,0.045931
0,0.065498
0,0.04864
0,0.044826
0,0.834405
0,0.886009
0,0.870351
0,0.321774
0,0.315131
0,0.999655
0,0.288445
0,0.999998
0,0.997832
0,0.015974
0,0.222393
0,2e-05
0,0.145823
0,0.009932
0,0.762551
0,0.02613
0,0.996437
0,0.500153
0,0.116644
0,0.001565
0,0.940163
0,0.521465
0,0.034073
0,0.072549
0,0.669959
0,0.322741
0,0.000279
0,0.403225
0,0.179712
0,0.063962
0,0.000244
0,0.949343
0,0.008124
0,0.987667
0,0.992454
0,0.994987
0,0.758257
0,0.922122
0,0.99998
0,0.181703
0,0.810564
0,0.932642
0,6.1e-05
0,0.743717
0,0.734048
0,0.998954
0,0.995222
0,0.178199
0,0.989739
0,0.755641
0,0.20843
0,0.927379
0,0.893923
0,0.965056
0,0.99999
0,0.700556
0,0.981029
0,0.757252
0,0.100751
0,0.685055
0,0.125612
0,0.980403
0,0.888506
0,0.993562
0,0.813307
0,0.037729
0,0.394871
0,0.047571
0,0.92095
0,0.073811
0,0.194382
0,0.072753
0,0.001339
0,0.601477
0,0.784564
0,0.543013
0,0.028476
0,0.135758
0,0.868248
0,0.036962
0,0.997397
0,0.059734
0,0.09521
0,0.261557
0,0.139166
0,0.801598
0,0.008417
0,0.199982
0,0.237233
0,0.610255
0,0.908848
0,0.819898
0,0.875428
0,0.485893
0,0.96156
0,0.999991
0,0.617678
0,0.616927
0,0.003111
0,0.999284
0,0.485843
0,0.681044
0,0.642252
0,0.94993
0,0.162805
0,0.603553
0,0.995492
0,0.988537
0,0.850762
0,0.102987
0,0.009963
0,0.290907
0,0.999753
0,0.298891
0,0.830742
0,0.305286
0,0.21797
0,0.071402
0,0.626279
0,0.494149
0,0.021471
0,0.001161
0,0.358722
0,0.793869
0,0.016427
0,0.021093
0,0.786023
0,0.121153
0,0.684092
0,0.394037
0,0.125377
0,0.546655
0,0.708244
0,0.326308
0,0.910931
0,0.960899
0,0.157938
0,0.242344
0,0.877674
0,0.887775
0,0.209212
0,0.695104
0,0.245882
0,0.938057
0,0.366828
0,0.222677
0,0.217066
0,0.845527
0,0.014809
0,0.741518
0,0.307303
0,0.984438
0,0.061773
0,0.992381
0,0.223385
0,0.913202
0,0.050197
0,0.626604
0,0.031742
0,0.068273
0,0.895554
0,0.105558
0,0.91637
0,0.110293
0,0.512966
0,0.998157
0,0.35079
0,0.034467
0,0.389736
0,0.81478
0,0.048798
0,0.427263
0,0.377683
0,0.995524
0,0.94294
0,0.563368
0,5.5e-05
0,0.927724
0,0.050594
0,0.183411
0,0.201119
0,0.683017
0,0.989324
0,0.034132
0,0.018919
0,0.999635
0,0.866031
0,0.481607
0,0.039869
0,0.204667
0,0.946202
0,0.40819
0,0.682529
0,0.071353
0,0.572958
0,0.611637
0,0.899282
0,0.998579
0,0.003721
0,0.710108
0,0.621366
0,0.002632
0,0.354621
0,0.757003
0,0.033204
0,0.925869
0,0.36364
0,0.450155
0,0.950978
0,0.396197
0,0.37455
0,0.740828
0,0.139778
0,0.364214
0,0.962937
0,0.227133
0,0.063902
0,0.021514
0,0.945319
0,0.054639
0,0.662259
0,0.807311
0,0.81594
0,0.222567
0,0.632034
0,0.560253
0,0.960241
0,0.006298
0,0.041421
0,0.999961
0,0.824289
0,0.875745
0,0.723772
0,0.303278
0,0.789422
0,0.189444
0,0.146577
0,0.306055
0,0.586631
0,0.227879
0,0.684331
0,0.00024
0,0.05203
0,0.963433
0,0.010799
0,0.970891
0,0.987062
0,0.137226
0,0.685316
0,0.960527
0,0.728119
0,0.095682
0,0.926532
0,0.180761
0,0.298178
0,0.046936
0,0.431105
0,0.989009
0,0.77081
0,0.026778
0,0.874553
0,0.049635
0,0.89951
0,0.397433
0,0.955547
0,0.459316
0,0.57465
0,0.119848
0,0.76931
0,0.228575
0,0.969646
0,0.718741
0,0.327389
0,0.194548
0,0.15118
0,0.693629
0,0.376252
0,0.695568
0,0.960946
0,0.741805
0,0.040402
0,0.174516
0,0.190933
0,0.336399
0,0.012144
0,0.337931
0,0.881603
0,0.740718
0,0.072408
0,0.070612
0,0.701083
0,0.471051
0,0.008391
0,0.42167
0,0.374884
0,0.997878
0,0.061423
0,0.623944
0,0.994403
0,0.999997
0,0.472772
0,0.446637
0,0.810424
0,0.810273
0,0.068677
0,0.73114
0,0.087129
0,0.416802
0,0.993662
0,0.006598
0,0.96932
0,0.239619
0,0.886339
0,0.001403
0,0.97445
0,0.983052
0,0.346988
0,0.846031
0,0.95827
0,0.01215
0,0.997599
0,0.586022
0,0.373595
0,0.154827
0,0.151165
0,0.480146
0,0.982863
0,0.350754
0,0.809777
0,0.885526
0,0.859037
0,0.066485
0,0.508007
0,0.622817
0,0.763223
0,0.522503
0,0.054569
0,0.001762
0,0.748898
0,0.717748
0,0.867375
0,0.404765
0,0.059996
0,0.192195
0,2.9e-05
0,0.995834
0,0.590916
0,0.77871
0,0.052155
0,0.611094
0,0.341862
0,0.98667
0,0.023565
0,0.74418
0,0.268945
0,0.886753
0,0.065701
0,0.158616
0,0.880163
0,0.62765
0,0.01936
0,0.521511
0,0.785921
0,0.394519
0,0.362073
0,0.951491
0,1e-05
0,0.90941
0,0.957453
0,0.996767
0,0.942475
0,0.526535
0,0.004633
0,0.965671
0,0.5038
0,0.819081
0,0.501702
0,0.745896
0,0.382121
0,0.262732
0,0.038295
0,0.240729
0,0.399831
0,0.885955
0,0.404176
0,0.1119
0,0.540092
0,0.272999
0,0.865267
0,0.020142
0,0.014679
0,0.182847
0,0.338686
0,0.045072
0,0.216776
0,0.122906
0,0.020504
0,0.845492
0,0.869555
0,0.354332
0,0.152984
0,0.890815
0,0.524983
0,0.031682
0,0.892721
0,0.830825
0,0.828768
0,0.932195
0,0.002559
0,0.998307
0,0.91247
0,0.835813
0,0.311813
0,0.007982
0,0.072802
0,0.59558
0,0.338265
0,0.000221
0,0.031921
0,0.894264
0,0.016027
0,0.28015
0,0.949873
0,0.049714
0,0.402694
0,0.237179
0,0.111032
0,0.994103
0,0.011688
0,0.939161
0,0.067914
0,0.980304
0,0.466161
0,0.48778
0,0.938441
0,0.0014
0,0.092232
0,0.101056
0,0.792902
0,0.000128
0,0.882634
0,0.752321
0,0.113228
0,0.946888
0,0.933787
0,0.164923
0,0.610799
0,0.165313
0,0.058753
0,0.334635
0,0.952482
0,0.866891
0,0.853248
0,0.957689
0,0.030228
0,0.478861
0,0.568221
0,0.072923
0,0.141618
0,0.864211
0,0.980606
0,0.088059
0,0.006249
0,0.244941
0,0.303775
0,0.607531
0,0.847528
0,0.678136
0,0.991233
0,0.647661
0,0.893515
0,0.085425
0,0.336785
0,0.261427
0,0.808961
0,0.086489
0,0.773366
0,0.235232
0,0.449854
0,0.871962
0,0.913165
0,0.000167
0,0.096267
0,0.403001
0,0.198806
0,0.663871
0,0.792829
0,0.095925
0,0.065658
0,0.007024
0,0.993828
0,0.314703
0,0.502725
0,0.977053
0,0.460598
0,0.654504
0,0.591004
0,0.984741
0,0.932465
0,0.286876
0,0.553761
0,0.02162
0,0.47955
0,0.719111
0,0.987853
0,0.365611
0,0.750306
0,0.577998
0,0.365758
0,0.604052
0,0.115627
0,0.890403
0,0.007782
0,0.166058
0,0.473066
0,0.145464
0,0.285042
0,0.000946
0,0.996806
0,0.051851
0,0.972642
0,0.995996
0,0.119509
0,0.293124
0,0.211864
0,0.045591
0,0.980677
0,0.496409
0,0.836085
0,0.384834
0,0.342851
0,0.774051
0,0.072167
0,0.000456
0,0.261257
0,0.979271
0,0.441431
0,0.565756
0,0.991786
0,0.907107
0,0.049737
0,0.678112
0,0.32742
0,0.086641
0,0.132705
0,0.096817
0,0.92009
0,0.434545
0,0.79759
0,0.999218
0,0.886902
0,0.011335
0,0.356632
0,0.002916
0,0.002384
0,0.999908
0,0.999935
0,0.449475
0,0.772437
0,0.743602
0,0.275353
0,0.249912
0,0.469205
0,0.141272
0,0.995659
0,0.007344
0,0.258154
0,0.779488
0,0.999298
0,0.945014
0,0.687321
0,0.740254
0,0.785931
0,0.128936
0,0.992342
0,0.891085
0,0.690348
0,0.017209
0,0.568245
0,0.989696
0,0.030649
0,0.973141
0,0.91819
0,0.096425
0,0.953498
0,0.428747
0,0.881216
0,0.911076
0,0.201807
0,0.056113
0,0.013716
0,0.943158
0,0.992846
0,0.000235
0,0.466696
0,0.999721
0,0.04566
0,0.294487
0,0.014163
0,0.615407
0,0.90728
0,0.340478
0,0.432239
0,5e-06
0,0.998531
0,0.331234
0,0.146621
0,0.524257
0,0.068129
0,0.854942
0,0.629489
0,0.137656
0,0.279212
0,0.998012
0,0.544421
0,0.986527
0,0.959966
0,0.772033
0,0.95139
0,0.092584
0,0.940681
0,0.884563
0,0.740004
0,0.996053
0,0.908724
0,0.998351
0,0.339624
0,0.463625
0,0.87779
0,0.935574
0,0.996761
0,0.686411
0,0.026263
0,0.976101
0,0.199323
0,0.171999
0,0.013598
0,0.262087
0,0.062883
0,0.014043
0,0.542226
0,0.895097
0,0.056055
0,0.032705
0,0.805644
0,0.656876
0,0.052415
0,0.033016
0,0.189927
0,0.457103
0,0.07056
0,0.689247
0,0.848519
0,0.99485
0,0.041544
0,0.962961
0,0.641966
0,0.073057
0,0.993101
0,0.645144
0,0.270326
0,0.000401
0,0.190486
0,0.777296
0,0.863258
0,0.994208
0,0.959261
0,0.485864
0,0.299493
0,0.997739
0,0.040902
0,0.878069
0,0.000335
0,0.244938
0,0.085978
0,0.956121
0,0.934597
0,0.887587
0,0.472296
0,0.994393
0,0.02949
0,0.94642
0,0.92452
0,0.17723
0,0.588047
0,0.988931
0,0.861856
0,0.493053
0,0.997113
0,0.711003
0,0.894727
0,0.435289
0,0.995883
0,0.986677
0,0.400706
0,0.988434
0,0.472277
0,0.810233
0,0.749327
0,0.49565
0,0.029412
0,0.029664
0,0.02222
0,0.548117
0,0.81481
0,0.044527
0,0.538691
0,0.99773
0,0.050661
0,0.200887
0,0.110275
0,0.967895
0,0.58333
0,0.130989
0,0.135458
0,0.231081
0,0.04484
0,0.197241
0,0.056311
0,0.438686
0,0.851587
0,0.35716
0,0.062447
0,0.213901
0,0.829291
0,0.131434
0,0.61436
0,0.869564
0,0.992081
0,0.38851
0,0.955878
0,0.113792
0,0.968846
0,0.247189
0,0.043654
0,0.501414
0,7.4e-05
0,0.846273
0,0.942826
0,0.013074
0,0.009461
0,0.000429
0,0.802191
0,0.949639
0,0.760191
0,0.793484
0,0.86339
0,0.97439
0,0.592978
0,0.9725
0,0.238027
0,0.013176
0,0.0
0,0.065654
0,0.97921
0,0.597078
0,0.698815
0,0.833579
0,0.951987
0,0.846837
0,0.924853
0,0.999962
0,0.646755
0,0.687308
0,0.646742
0,0.235695
0,0.072925
0,0.86326
0,0.098958
0,0.608178
0,0.40505
0,0.047157
0,0.001575
0,0.486217
0,0.543215
0,0.550537
0,0.494155
0,0.001755
0,0.477244
0,0.937531
0,0.438757
0,0.008604
0,0.534977
0,0.020434
0,0.802749
0,0.0
0,0.014866
0,0.00971
0,0.108194
0,0.111727
0,0.535601
0,0.448427
0,0.327498
0,0.362633
0,0.617134
0,0.212261
0,0.153551
0,0.024185
0,0.139658
0,0.015967
0,0.492334
0,0.895353
0,0.810694
0,0.42717
0,0.219955
0,0.715327
0,0.088094
0,0.933303
0,0.716836
0,0.175724
0,0.684427
0,0.023381
0,0.51849
0,0.074762
0,0.920243
0,0.001982
0,0.125247
0,0.094196
0,0.981665
0,0.573544
0,0.976695
0,0.981128
0,0.005757
0,0.777832
0,0.050362
0,0.16992
0,0.212305
0,0.13488
0,0.293429
0,0.164424
0,0.000193
0,0.077755
0,0.731385
0,0.280758
0,0.481291
0,0.398355
0,0.525204
0,0.039697
0,0.608654
0,0.241185
0,0.051436
0,0.999604
0,0.128695
0,0.813614
0,0.064578
0,0.552354
0,0.946187
0,0.051414
0,0.156503
0,0.410937
0,0.064504
0,0.869944
0,0.191877
0,0.645028
0,0.88551
0,0.169544
0,0.953357
0,0.444127
0,0.750588
0,0.077209
0,0.043488
0,0.385361
0,0.866743
0,0.673949
0,0.020912
0,0.544706
0,0.898245
0,0.250167
0,0.005277
0,0.938683
0,0.153411
0,0.561789
0,0.481475
0,0.082043
0,0.979406
0,0.560471
0,0.490031
0,0.109419
0,0.940034
0,0.994964
0,0.983529
0,0.123885
0,0.998957
0,0.26652
0,0.254472
0,0.117909
0,0.137322
0,0.116916
0,0.831293
0,0.504885
0,0.127745
0,0.871478
0,0.451342
0,0.686256
0,0.229344
0,0.032121
0,0.104902
0,0.911025
0,0.364952
0,0.07435
0,0.703258
0,0.553214
0,0.330635
0,0.755405
0,0.578204
0,0.9532
0,0.831966
0,0.186995
0,0.938967
0,0.575825
0,0.060221
0,0.128183
0,0.148458
0,0.116344
0,0.99668
0,0.005524
0,0.418584
0,0.528745
0,0.015384
0,0.803135
0,0.933828
0,0.012436
0,0.977944
0,0.779962
0,0.775535
0,0.035294
0,0.015509
0,0.033735
0,0.909852
0,0.391254
0,0.170794
0,0.365178
0,0.001913
0,0.043123
0,0.452873
0,0.979331
0,0.439376
0,0.922856
0,0.690766
0,9.1e-05
0,0.953433
0,0.19413
0,0.565662
0,0.820195
0,0.087623
0,0.648786
0,0.001181
0,0.27589
0,0.197526
0,0.78173
0,0.203541
0,0.374705
0,0.635648
0,0.673397
0,0.92699
0,0.656723
0,0.066435
0,0.835819
0,0.949549
0,0.991316
0,0.215001
0,0.708845
0,0.048511
0,0.653887
0,0.995053
0,0.007445
0,0.458205
0,0.275221
0,0.768021
0,0.987709
0,0.981424
0,0.381431
0,0.329415
0,0.007487
0,0.905829
0,0.822952
0,0.399161
0,0.949223
0,0.59748
0,0.256639
0,0.997662
0,0.921733
0,0.002914
0,0.217835
0,0.008267
0,0.735653
0,0.00257
0,1.0
0,0.015752
0,0.944609
0,0.32378
0,0.220832
0,0.990394
0,0.711297
0,0.30626
0,0.04562
0,0.320766
0,0.04676
0,0.027453
0,0.904087
0,0.306539
0,0.307991
0,0.66359
0,0.139646
0,0.466465
0,0.013655
0,0.00058
0,0.994107
0,0.483558
0,0.154203
0,0.293743
0,0.976416
0,0.244095
0,0.865283
0,0.757666
0,0.494134
0,0.006575
0,0.001129
0,0.274198
0,0.26619
0,0.739542
0,0.031589
0,0.999754
0,0.963798
0,0.200143
0,0.06521
0,0.362753
0,0.419964
0,0.201528
0,0.998823
0,0.757533
0,0.001271
0,0.474674
0,0.670981
0,0.721366
0,0.597371
0,0.768764
0,0.888016
0,0.723767
0,0.030405
0,0.45261
0,0.492444
0,0.322619
0,0.008555
0,0.004796
0,0.121851
0,0.97694
0,0.971261
0,0.76586
0,0.603641
0,0.383298
0,0.998679
0,0.670599
0,0.847588
0,0.983963
0,0.894534
0,0.980511
0,0.392374
0,0.999724
0,0.170249
0,0.180952
0,0.012523
0,0.475809
0,0.918757
0,0.961946
0,0.558982
0,0.398284
0,0.590185
0,0.857179
0,0.922438
0,0.208145
0,0.315823
0,0.701401
0,0.454386
0,0.442028
0,0.999139
0,0.030993
0,0.131945
0,0.803685
0,0.667464
0,0.720154
0,0.501205
0,0.546157
0,0.912728
0,0.992461
0,0.000165
0,0.999002
0,0.952738
0,0.258518
0,0.626354
0,0.011554
0,0.202452
0,0.838492
0,0.975546
0,0.031452
0,0.646251
0,0.756857
0,0.993739
0,0.195939
0,0.023072
0,0.606007
0,0.26185
0,0.101727
0,0.402623
0,0.998016
0,0.872233
0,0.818052
0,0.980492
0,0.546446
0,0.523586
0,0.691234
0,0.23637
0,0.055615
0,0.726541
0,0.105377
0,0.829143
0,0.394781
0,0.758753
0,0.96471
0,0.447807
0,0.399786
0,0.971903
0,0.890085
0,0.39646
0,0.99957
0,0.99413
0,0.244811
0,0.991761
0,0.085531
0,0.447221
0,0.983028
0,0.089071
0,0.023621
0,0.987361
0,0.163118
0,0.172825
0,0.225679
0,0.313477
0,0.588644
0,0.034331
0,0.365896
0,0.004327
0,0.575299
0,0.683753
0,0.585062
0,0.186746
0,0.113176
0,0.000804
0,0.988306
0,0.575212
0,0.895363
0,0.119254
0,0.013673
0,0.885394
0,0.183923
0,0.62112
0,0.87385
0,0.073338
0,0.685309
0,0.275068
0,0.556188
0,0.178764
0,0.976695
0,0.5642
0,0.289552
0,5.9e-05
0,0.30809
0,0.10171
0,0.431369
0,0.237548
0,0.999362
0,0.791569
0,0.976627
0,0.958066
0,0.916023
0,0.024476
0,0.826765
0,0.890955
0,0.043944
0,0.99665
0,0.987556
0,0.252455
0,0.651924
0,0.421812
0,0.119364
0,0.999895
0,0.342655
0,0.088575
0,0.637296
0,0.023554
0,0.023376
0,0.993033
0,0.68361
0,0.047682
0,0.010422
0,0.252642
0,0.630111
0,0.201361
0,0.33855
0,0.917889
0,0.243216
0,0.623815
0,0.822083
0,0.992541
0,0.541475
0,0.010695
0,0.963331
0,0.638671
0,0.867553
0,0.988688
0,0.367297
0,0.996244
0,0.234233
0,0.970668
0,0.329969
0,0.701795
0,0.767665
0,0.001433
0,0.796304
0,0.421022
0,0.396955
0,0.937286
0,0.267197
0,0.035993
0,0.751969
0,0.411687
0,0.115779
0,0.934499
0,0.993183
0,0.969408
0,0.997634
0,0.947303
0,0.115323
0,0.269006
0,0.077636
0,0.660026
0,0.046447
0,0.798857
0,0.504086
0,0.512901
0,0.049864
0,0.610097
0,0.423245
0,0.119995
0,0.083183
0,0.039209
0,0.141878
0,0.985701
0,0.494944
0,0.029845
0,0.000422
0,0.923176
0,0.899009
0,0.000254
0,0.061041
0,0.7497
0,0.386547
0,0.281846
0,0.004962
0,0.934723
0,0.963403
0,0.966894
0,0.082461
0,0.920243
0,0.348988
0,0.068633
0,0.976589
0,0.880723
0,0.683912
0,0.966552
0,0.680496
0,0.801289
0,0.595534
0,0.031762
0,0.139952
0,2e-06
0,0.725752
0,0.494206
0,0.128231
0,0.374599
0,0.016853
0,0.937051
0,0.651061
0,0.974426
0,0.91518
0,0.990806
0,0.000565
0,0.315923
0,0.223073
0,0.185068
0,0.339769
0,0.087513
0,0.016659
0,0.753019
0,0.495482
0,0.751548
0,0.003699
0,0.131057
0,0.963453
0,0.98362
0,0.096907
0,0.072978
0,0.880646
0,0.98473
0,0.018413
0,0.998501
0,0.929907
0,0.297925
0,0.009476
0,0.996799
0,0.046201
0,0.104778
0,0.001501
0,0.042077
0,0.494491
0,0.122014
0,0.895183
0,0.222309
0,0.947037
0,0.920524
0,0.038616
0,0.253664
0,0.753027
0,0.000209
0,0.331678
0,0.661478
0,0.999917
0,0.034036
0,0.219441
0,0.196244
0,0.076425
0,0.182612
0,0.984606
0,0.627726
0,0.584832
0,0.975224
0,0.897376
0,0.168993
0,0.267116
0,0.000413
0,0.996313
0,0.174585
0,0.770682
0,0.000666
0,0.005551
0,0.992176
0,0.160539
0,0.589127
0,0.558821
0,0.03436
0,0.561358
0,0.329688
0,0.860595
0,0.097302
0,0.967395
0,0.941208
0,0.038871
0,0.986724
0,0.628864
0,0.289319
0,0.208147
0,0.940545
0,0.493098
0,0.141729
0,0.041075
0,0.62239
0,0.024213
0,0.00244
0,0.453224
0,0.973391
0,0.001404
0,0.397543
0,0.983061
0,1.1e-05
0,0.36903
0,0.038212
0,0.970778
0,0.518636
0,0.030415
0,0.247699
0,0.041635
0,0.640061
0,0.298317
0,0.978734
0,0.032309
0,0.0071
0,0.067412
0,0.153831
0,0.209886
0,0.000486
0,0.577938
0,0.592472
0,0.017439
0,0.603746
0,2.5e-05
0,0.695593
0,0.242813
0,0.0
0,0.030648
0,0.104655
0,0.270443
0,0.817808
0,0.018623
0,0.075236
0,0.332042
0,0.679184
0,0.552451
0,0.612336
0,0.151893
0,0.88947
0,0.505746
0,0.474758
0,0.575072
0,0.005367
0,0.67651
0,0.16304
0,0.698927
0,0.701181
0,0.540072
0,0.000201
0,0.961419
0,0.970353
0,0.329241
0,0.085809
0,0.014333
0,0.618481
0,0.123434
0,0.89459
0,0.970748
0,0.459419
0,0.578033
0,0.987424
0,0.034712
0,0.016928
0,0.499128
0,0.868048
0,0.060404
0,0.523421
0,0.188693
0,0.962888
0,0.2962
0,0.758897
0,0.352998
0,0.697206
0,0.996745
0,0.747067
0,0.551118
0,0.361169
0,0.232095
0,0.109516
0,0.061044
0,0.999178
0,0.99655
0,0.787716
0,0.332329
0,0.012063
0,0.218522
0,0.966796
0,0.812115
0,0.840815
0,0.523263
0,0.566416
0,0.364347
0,0.298791
0,0.000314
0,0.809734
0,0.815656
0,0.999961
0,0.999979
0,0.048342
0,0.287366
0,0.127615
0,0.061022
0,0.1122
0,0.200298
0,0.069113
0,9.7e-05
0,0.001501
0,0.672842
0,0.998665
0,0.83428
0,0.97085
0,0.63451
0,0.099833
0,0.741486
0,0.982406
0,0.138891
0,0.836676
0,0.974257
0,0.178473
0,0.538512
0,0.794482
0,0.638227
0,0.746764
0,0.694434
0,0.989803
0,0.313516
0,0.082483
0,0.87355
0,0.172775
0,0.962556
0,0.468776
0,0.000792
0,0.29145
0,0.002306
0,0.919232
0,0.002742
0,0.810172
0,0.089475
0,0.49932
0,0.928316
0,0.926872
0,0.2142
0,0.310794
0,0.11391
0,0.006018
0,0.994151
0,0.022851
0,0.06863
0,0.871939
0,0.894087
0,0.920443
0,0.722574
0,0.194427
0,0.168057
0,0.996835
0,0.873559
0,0.031012
0,0.150055
0,0.801754
0,0.527598
0,0.005652
0,0.427508
0,0.106851
0,0.76936
0,0.015228
0,0.927057
0,0.001183
0,0.766203
0,0.414671
0,0.917679
0,0.000228
0,0.478388
0,0.538801
0,0.324049
0,0.284343
0,0.839223
0,0.028607
0,0.675376
0,0.323619
0,0.003239
0,0.513241
0,0.214008
0,0.166855
0,0.469459
0,0.209454
0,0.345025
0,0.549707
0,0.994588
0,0.993463
0,0.505082
0,0.010843
0,0.013
0,0.118258
0,0.919063
0,0.265322
0,0.040056
0,0.638117
0,0.66494
0,0.033542
0,0.996334
0,2.4e-05
0,0.705612
0,0.743975
0,0.795001
0,0.29056
0,0.003722
0,0.980014
0,0.439557
0,0.588296
0,0.381285
0,0.999711
0,0.158827
0,0.171952
0,0.994467
0,0.985574
0,0.903519
0,0.280916
0,0.410342
0,0.988694
0,0.92614
0,0.379217
0,0.67664
0,0.00097
0,0.023821
0,0.001321
0,0.037778
0,0.050166
0,0.468815
0,0.997664
0,0.011426
0,0.987281
0,0.601636
0,0.00684
0,0.252352
0,0.321677
0,0.968881
0,0.759259
0,0.269825
0,0.927144
0,0.280986
0,0.372517
0,0.390923
0,0.991513
0,0.711348
0,0.837416
0,0.087373
0,0.124973
0,0.853788
0,0.005939
0,0.398646
0,0.870452
0,0.006561
0,0.532473
0,0.523178
0,0.443608
0,0.098436
0,0.070513
0,0.373377
0,0.642131
0,0.18774
0,0.002088
0,0.527953
0,0.08172
0,0.791935
0,0.018295
0,0.997638
0,0.980194
0,0.136147
0,0.373895
0,0.994968
0,0.114676
0,0.971446
0,0.7732
0,0.041155
0,0.945328
0,0.99692
0,0.051334
0,0.003289
0,0.163127
0,0.031618
0,0.789394
0,0.00033
0,0.355607
0,0.977732
0,0.950299
0,0.576164
0,0.444196
0,0.906932
0,0.002099
0,2.1e-05
0,0.47677
0,0.546906
0,0.054737
0,0.545926
0,0.024483
0,0.988603
0,0.230507
0,0.684558
0,0.908745
0,0.161518
0,0.94528
0,0.91839
0,0.315095
0,0.131406
0,0.729001
0,0.602169
0,0.790893
0,0.90327
0,0.502285
0,0.246649
0,0.810821
0,0.644123
0,0.779391
0,0.867476
0,0.139552
0,0.916623
0,0.449656
0,0.861058
0,0.022529
0,0.002755
0,0.226671
0,0.091144
0,0.996038
0,0.148277
0,0.452146
0,0.376059
0,0.020048
0,0.768262
0,0.088553
0,0.731406
0,0.989227
0,0.099008
0,0.519687
0,0.00086
0,0.054795
0,0.732595
0,0.000896
0,0.989327
0,0.904367
0,0.045442
0,0.616612
0,2.3e-05
0,0.792282
0,0.143183
0,0.295642
0,0.984837
0,0.625301
0,0.49799
0,0.056687
0,0.104588
0,0.584438
0,0.610156
0,0.015281
0,0.013554
0,0.716093
0,0.978296
0,0.773169
0,0.96967
0,0.962985
0,0.98945
0,0.438037
0,0.143534
0,0.050882
0,0.002949
0,0.678539
0,0.585847
0,0.955964
0,0.999995
0,0.403475
0,0.974538
0,0.722927
0,0.007312
0,0.50749
0,0.999696
0,0.499945
0,0.538181
0,0.931362
0,0.347877
0,0.852039
0,0.664531
0,0.496092
0,0.023257
0,0.037287
0,0.014989
0,0.198978
0,0.00332
0,0.752626
0,0.074464
0,0.409672
0,0.268844
0,0.180822
0,0.021136
0,0.601572
0,0.00022
0,0.902178
0,0.616251
0,0.93997
0,0.706435
0,0.009547
0,0.054759
0,0.922171
0,0.953114
0,0.084432
0,0.289423
0,0.238795
0,0.928011
0,0.003343
0,0.087525
0,0.143128
0,0.94375
0,0.420184
0,0.930775
0,0.971719
0,0.004655
0,0.269489
0,0.949722
0,0.997468
0,0.45749
0,0.001807
0,0.480857
0,0.084101
0,0.679194
0,0.596296
0,0.229566
0,0.931991
0,0.922298
0,0.006797
0,0.602923
0,0.345952
0,0.293134
0,0.535946
0,0.245513
0,0.996065
0,0.547276
0,0.340718
0,0.3548
0,0.50052
0,0.997257
0,0.902808
0,0.726408
0,0.057136
0,0.998461
0,0.053696
0,0.936784
0,0.258633
0,0.565468
0,0.592057
0,0.245952
0,0.881529
0,0.183989
0,0.821081
0,0.841231
0,0.236747
0,0.669413
0,0.505184
0,0.088704
0,0.485697
0,0.190378
0,0.129984
0,0.624906
0,0.001782
0,0.917392
0,0.264359
0,0.022732
0,0.012076
0,0.058186
0,0.702926
0,0.969467
0,0.724465
0,0.850178
0,0.999851
0,0.936859
0,0.902398
0,0.989756
0,0.87654
0,0.0483
0,0.223741
0,0.501266
0,0.923338
0,0.781048
0,0.909648
0,0.144615
0,0.172738
0,0.999488
0,0.999944
0,0.26575
0,0.077434
0,0.77616
0,0.948481
0,0.919082
0,0.773476
0,0.811009
0,0.847495
0,0.006564
0,0.002675
0,0.076098
0,0.802999
0,0.459074
0,0.069107
0,0.851919
0,0.491457
0,0.993132
0,0.755393
0,0.854515
0,0.188471
0,0.000201
0,0.986935
0,0.998732
0,0.216012
0,0.643828
0,0.219715
0,0.432194
0,0.168992
0,0.034005
0,0.766526
0,0.121069
0,3e-06
0,0.660033
0,0.958457
0,0.895929
0,0.802042
0,0.009388
0,0.463249
0,0.565085
0,1.1e-05
0,0.805618
0,0.866405
0,0.922295
0,0.972106
0,0.234732
0,0.531263
0,0.920046
0,0.888736
0,0.047432
0,0.005324
0,0.264837
0,0.785591
0,0.226428
0,0.162316
0,0.652373
0,0.785442
0,0.365036
0,0.148762
0,0.017817
0,0.755464
0,0.993941
0,3.1e-05
0,0.71466
0,0.015776
0,0.5567
0,0.467102
0,0.825882
0,0.023962
0,0.58579
0,0.282009
0,0.965215
0,0.102742
0,0.016889
0,0.315579
0,0.853371
0,0.311797
0,0.973897
0,0.998088
0,0.011191
0,0.976554
0,0.007565
0,0.860391
0,0.062441
0,0.704899
0,0.279097
0,0.350337
0,0.717831
0,0.219856
0,0.846021
0,0.866126
0,0.391794
0,0.885369
0,0.031087
0,0.012036
0,0.536428
0,0.976735
0,0.000309
0,0.011197
0,0.665268
0,0.294761
0,0.178519
0,0.034823
0,0.187719
0,0.000357
0,0.667067
0,0.99996
0,0.011141
0,0.240176
0,0.982342
0,0.192345
0,0.582362
0,0.947438
0,0.078344
0,0.939719
0,0.983215
0,0.78634
0,0.970119
0,0.128318
0,0.059597
0,0.003955
0,0.763704
0,0.570423
0,0.206768
0,0.7192
0,0.315061
0,0.013348
0,0.456132
0,0.107813
0,0.863207
0,0.888038
0,0.957659
0,0.075192
0,0.925304
0,0.947294
0,0.863711
0,0.665742
0,0.923187
0,0.265411
0,0.038116
0,0.94074
0,0.760639
0,0.9187
0,0.060282
0,0.807609
0,0.012611
0,0.810774
0,0.59481
0,0.297335
0,0.147284
0,0.503833
0,0.492898
0,0.001048
0,0.968898
0,0.082945
0,0.380567
0,0.76416
0,0.099647
0,0.643352
0,0.491352
0,0.947487
0,0.993959
0,0.303726
0,0.102411
0,0.747373
0,0.679613
0,0.104177
0,0.180132
0,0.296503
0,0.751068
0,0.073628
0,0.212929
0,0.708208
0,4e-05
0,0.525068
0,0.15491
0,0.998315
0,0.517379
0,0.59386
0,0.127627
0,0.554828
0,0.191008
0,0.902787
0,0.033103
0,0.891437
0,0.109526
0,0.971779
0,0.130344
0,0.956364
0,0.008528
0,0.895489
0,0.0051
0,0.998776
0,0.550318
0,0.27612
0,0.533388
0,0.78431
0,0.455166
0,0.579627
0,0.878156
0,0.192145
0,0.904276
0,0.944403
0,0.000804
0,0.193
0,0.095189
0,0.523793
0,0.99278
0,0.762767
0,0.00636
0,0.981412
0,0.292944
0,0.124889
0,0.929585
0,0.526736
0,0.118499
0,0.261284
0,0.6501
0,0.997862
0,0.997751
0,0.363145
0,0.824146
0,0.002841
0,0.111353
0,0.054301
0,0.244506
0,0.458235
0,0.050625
0,0.673853
0,0.512694
0,0.484502
0,0.201743
0,0.505986
0,0.331886
0,0.932396
0,0.655899
0,0.081797
0,0.569134
0,0.930566
0,0.857594
0,0.993291
0,0.964062
0,0.952564
0,0.728023
0,0.333353
0,0.000414
0,0.754467
0,0.988674
0,0.005509
0,0.104867
0,0.981132
0,0.258286
0,0.86941
0,0.721951
0,0.796455
0,0.0
0,0.527248
0,0.862749
0,0.329365
0,0.382171
0,0.25103
0,0.087857
0,0.211159
0,0.040531
0,0.850337
0,0.117709
0,0.70146
0,0.02159
0,0.025527
0,0.842028
0,0.051051
0,0.998109
0,0.957087
0,0.881928
0,0.581512
0,0.1927
0,0.037322
0,0.040183
0,0.609137
0,0.173967
0,0.047001
0,0.148345
0,0.244891
0,0.067391
0,0.656702
0,0.823287
0,0.522967
0,0.653872
0,0.828112
0,0.07508
0,0.043371
0,0.066036
0,0.413622
0,0.007975
0,0.964218
0,0.792758
0,0.275073
0,0.990372
0,0.997176
0,0.202961
0,0.089206
0,0.91794
0,0.001801
0,0.001462
0,0.542041
0,0.095674
0,0.562833
0,0.240974
0,0.978533
0,0.471328
0,0.987601
0,0.462769
0,0.254818
0,0.355106
0,0.917617
0,0.011393
0,0.876009
0,0.009972
0,0.917114
0,0.006846
0,0.192695
0,0.770493
0,0.999699
0,0.123989
0,0.000313
0,0.952564
0,0.146701
0,0.26885
0,0.798865
0,0.646536
0,0.981639
0,0.26113
0,0.001304
0,0.046873
0,0.461287
0,0.490408
0,0.304003
0,0.851633
0,0.234759
0,0.999998
0,0.124091
0,0.999988
0,0.274459
0,0.818293
0,0.251485
0,0.119293
0,0.830625
0,0.47651
0,0.657288
0,0.657028
0,0.220755
0,0.829166
0,0.964747
0,4.3e-05
0,0.103086
0,0.902268
0,0.213387
0,0.137245
0,0.323953
0,0.975771
0,0.012229
0,0.357287
0,0.060323
0,0.430413
0,0.171755
0,0.266472
0,0.557586
0,0.291258
0,0.376038
0,0.497007
0,0.995833
0,0.029034
0,0.415612
0,0.488488
0,0.043097
0,0.23033
0,0.031798
0,0.078616
0,0.429851
0,0.949246
0,0.053874
0,0.715874
0,0.993812
0,0.006606
0,0.611646
0,0.935531
0,0.065635
0,0.005052
0,0.669436
0,0.425459
0,0.922651
0,0.052962
0,0.130802
0,0.027861
0,0.761011
0,0.540605
0,0.306226
0,0.83864
0,0.095573
0,0.932262
0,0.895182
0,0.000572
0,0.988604
0,0.420442
0,0.05006
0,0.820885
0,0.598178
0,0.009189
0,0.033317
0,0.999507
0,0.493129
0,0.001347
0,0.439086
0,0.048051
0,0.010634
0,0.971097
0,0.443004
0,0.761503
0,0.965691
0,0.535993
0,0.028678
0,0.691713
0,0.131748
0,0.282116
0,0.014921
0,0.203728
0,0.859386
0,0.954944
0,0.57086
0,0.043927
0,0.358462
0,0.212902
0,0.030383
0,0.032266
0,0.277223
0,0.92116
0,0.041401
0,0.136428
0,0.997671
0,0.951349
0,0.398515
0,0.837454
0,0.719826
0,0.828199
0,0.448694
0,0.344061
0,0.003388
0,0.448388
0,0.000275
0,0.998909
0,0.351724
0,0.032484
0,0.092249
0,0.652431
0,0.000786
0,0.87395
0,0.04497
0,0.983481
0,0.076861
0,0.659398
0,0.105122
0,0.899128
0,0.59713
0,0.376445
0,0.83498
0,0.999709
0,0.796632
0,1e-06
0,0.541698
0,0.565333
0,0.045122
0,0.000262
0,0.990596
0,0.002612
0,0.012383
0,0.708538
0,0.014193
0,0.0
0,0.980244
0,0.97012
0,0.934193
0,0.999841
0,0.993752
0,0.914187
0,0.101766
0,0.370193
0,0.001859
0,0.193746
0,0.458263
0,0.037643
0,0.207502
0,0.992023
0,0.22254
0,0.165905
0,0.798192
0,0.609733
0,0.451595
0,0.999395
0,0.273627
0,0.000328
0,0.196952
0,0.439455
0,0.130278
0,0.008551
0,0.315278
0,0.76836
0,0.665416
0,0.274923
0,0.606643
0,0.497969
0,0.207136
0,0.297732
0,0.999109
0,0.001077
0,0.00126
0,0.260144
0,0.072459
0,1.3e-05
0,0.008107
0,0.998417
0,0.898102
0,0.964389
0,0.257407
0,0.006158
0,0.918958
0,0.426346
0,1e-06
0,0.455801
0,0.103693
0,0.464886
0,0.842009
0,0.723094
0,0.922282
0,0.17825
0,0.755502
0,0.098119
0,0.086669
0,0.006685
0,0.996468
0,0.98007
0,0.970069
0,0.995565
0,0.995965
0,0.982235
0,0.910056
0,0.165378
0,0.222732
0,0.925812
0,0.17793
0,0.823192
0,0.000251
0,0.00577
0,0.126843
0,0.048392
0,0.878055
0,0.411745
0,0.082833
0,0.21883
0,0.748701
0,0.041722
0,0.76847
0,0.841459
0,0.999902
0,0.042004
0,0.99653
0,0.494241
0,0.037722
0,0.469091
0,0.227188
0,0.625125
0,0.016502
0,0.224523
0,0.000859
0,0.089299
0,0.750687
0,0.059741
0,0.401939
0,0.847412
0,0.039878
0,0.920842
0,0.968278
0,0.101535
0,0.189342
0,0.190862
0,0.15279
0,0.001054
0,0.631785
0,0.997172
0,0.19041
0,0.263022
0,0.048121
0,0.479763
0,0.033928
0,0.993898
0,0.019673
0,0.401142
0,0.987791
0,0.086763
0,0.256803
0,0.009566
0,0.391642
0,0.669087
0,0.144631
0,0.021467
0,5.2e-05
0,0.400475
0,0.00744
0,0.240846
0,0.467638
0,0.968905
0,0.936144
0,0.310483
0,0.615391
0,0.648653
0,0.563802
0,0.330357
0,0.999681
0,0.876636
0,0.93858
0,0.220413
0,0.929498
0,0.942417
0,0.999995
0,0.746557
0,0.413286
0,0.606102
0,0.991248
0,0.595913
0,0.115229
0,0.033098
0,0.064535
0,0.996909
0,0.009705
0,0.996798
0,0.749555
0,0.285446
0,0.567761
0,0.694017
0,0.551059
0,0.139572
0,0.91198
0,0.00448
0,0.880386
0,0.037213
0,0.815554
0,0.028496
0,0.642932
0,0.068195
0,0.348354
0,0.220454
0,0.641646
0,0.264703
0,0.87756
0,0.360867
0,0.163847
0,0.279214
0,0.002944
0,0.047011
0,0.04449
0,0.051842
0,0.8471
0,0.998772
0,0.989387
0,0.018608
0,0.999333
0,0.602802
0,0.771314
0,0.872592
0,0.162962
0,0.49622
0,0.750987
0,0.399478
0,0.995434
0,0.949078
0,0.918991
0,0.825377
0,0.024223
0,0.920653
0,0.102968
0,0.999964
0,0.075289
0,0.139738
0,0.076826
0,0.00012
0,0.790039
0,0.494152
0,0.858236
0,0.272125
0,0.003515
0,0.97276
0,0.052095
0,0.849425
0,0.524224
0,0.021404
0,0.528392
0,0.983975
0,0.091152
0,0.558986
0,0.950653
0,0.121677
0,0.466608
0,0.007229
0,0.199413
0,0.923891
0,0.042301
0,0.983703
0,0.721755
0,0.695957
0,0.47731
0,0.615741
0,0.021408
0,0.435341
0,0.897139
0,0.565526
0,0.660856
0,0.997747
0,0.751906
0,0.328539
0,0.269257
0,0.298884
0,0.295756
0,0.000434
0,0.73294
0,0.542646
0,0.009354
0,0.060976
0,0.704292
0,0.552971
0,0.263392
0,0.688287
0,0.374465
0,0.218123
0,0.988976
0,0.248305
0,0.330364
0,0.148033
0,0.082575
0,0.949701
0,0.387857
0,0.037889
0,0.367568
0,0.019444
0,0.2009
0,0.69125
0,0.881919
0,0.995135
0,0.996173
0,0.050392
0,0.722492
0,0.953929
0,0.427621
0,0.394832
0,0.912678
0,0.028038
0,0.020256
0,0.000216
0,0.285214
0,0.862236
0,0.761747
0,0.950631
0,0.259102
0,0.4318
0,0.020557
0,0.76908
0,0.986621
0,0.732217
0,0.007574
0,0.06252
0,0.929262
0,0.422426
0,0.690186
0,0.040334
0,0.131592
0,0.015305
0,0.974897
0,0.321906
0,0.96027
0,0.461793
0,0.002278
0,0.021044
0,0.243803
0,0.355809
0,0.380939
0,0.116202
0,0.332323
0,0.907305
0,0.974664
0,0.120815
0,0.827929
0,0.02628
0,0.001143
0,0.132735
0,0.982622
0,2e-06
0,0.13591
0,7.1e-05
0,0.726804
0,0.001728
0,0.936347
0,0.692174
0,0.319281
0,0.786445
0,0.008597
0,0.769859
0,0.778826
0,0.736973
0,0.985155
0,0.305409
0,0.408306
0,0.167592
0,0.007229
0,0.69219
0,0.685953
0,0.59638
0,0.829864
0,0.859132
0,0.999346
0,0.031757
0,0.344143
0,0.577163
0,0.752796
0,0.828919
0,0.787178
0,0.053781
0,0.172237
0,0.05279
0,0.682548
0,0.706579
0,0.999873
0,0.904649
0,0.133718
0,0.456597
0,0.152165
0,0.241819
0,0.598933
0,0.879071
0,0.201251
0,0.122223
0,0.010658
0,0.103187
0,0.847266
0,0.038616
0,0.440131
0,6.8e-05
0,0.004533
0,0.970632
0,0.236005
0,0.973188
0,0.291088
0,0.456556
0,0.019259
0,0.798126
0,0.983168
0,0.403335
0,0.240046
0,0.317184
0,0.706302
0,0.996574
0,0.003714
0,0.987701
0,0.45613
0,0.283921
0,0.005564
0,0.634675
0,0.338668
0,0.672349
0,0.021498
0,0.706744
0,0.010306
0,0.928133
0,0.590584
0,0.446162
0,0.193454
0,0.708708
0,0.936983
0,0.043169
0,0.977864
0,0.548766
0,0.563512
0,0.999308
0,0.953346
0,0.67068
0,0.55794
0,0.798164
0,0.003091
0,0.235814
0,0.17712
0,0.9934
0,0.18729
0,0.516145
0,0.957735
0,0.99818
0,0.49436
0,0.025462
0,0.993884
0,0.609629
0,0.891102
0,0.15642
0,0.030816
0,0.209983
0,0.816155
0,0.826162
0,0.806496
0,0.883322
0,0.876578
0,0.915409
0,0.774105
0,0.69625
0,0.687602
0,0.200508
0,0.987793
0,0.03965
0,0.007068
0,0.056908
0,0.43297
0,0.919539
0,0.857259
0,0.856883
0,0.994893
0,0.075402
0,0.100171
0,0.108898
0,0.816891
0,0.388529
0,0.718879
0,0.142775
0,0.623523
0,0.356054
0,0.851832
0,0.045038
0,0.022939
0,0.297407
0,0.695606
0,0.984688
0,0.552876
0,0.539615
0,0.688877
0,0.903736
0,0.981909
0,0.183343
0,0.746847
0,0.860071
0,0.840074
0,0.218094
0,0.091296
0,0.142168
0,0.619016
0,0.624539
0,0.709611
0,0.802992
0,0.975022
0,0.006523
0,0.524833
0,0.022879
0,0.590425
0,0.922307
0,0.871906
0,0.89901
0,0.279779
0,0.999835
0,0.040687
0,0.101601
0,0.060734
0,0.14494
0,0.032447
0,0.108905
0,0.000282
0,0.000439
0,0.687237
0,0.419812
0,0.991916
0,0.168732
0,0.002516
0,0.197637
0,0.560965
0,0.133572
0,0.176927
0,0.122
0,0.985233
0,0.659953
0,0.013004
0,0.115769
0,0.033718
0,0.177297
0,0.00909
0,0.00417
0,0.999998
0,0.348579
0,0.659962
0,0.577327
0,0.837345
0,0.979837
0,0.14863
0,0.969164
0,0.001389
0,0.711819
0,0.457395
0,0.44714
0,0.578609
0,0.000704
0,0.595956
0,0.131803
0,0.025531
0,0.501148
0,0.999612
0,0.41595
0,0.893002
0,0.52365
0,0.022909
0,0.019354
0,0.850952
0,0.468542
0,0.752936
0,0.182527
0,0.890554
0,0.031819
0,0.625421
0,0.051991
0,0.585165
0,0.805055
0,0.155101
0,0.887042
0,0.982419
0,0.302758
0,0.913744
0,0.932179
0,0.840373
0,0.051827
0,0.351153
0,0.99657
0,0.006374
0,0.693781
0,0.037772
0,0.014081
0,0.077533
0,0.014088
0,0.110209
0,0.039232
0,0.47082
0,0.45895
0,0.114596
0,0.024889
0,0.047807
0,0.132624
0,0.876849
0,0.078217
0,0.524335
0,0.771079
0,0.261582
0,0.021101
0,0.960335
0,0.850092
0,0.932327
0,0.592029
0,0.91388
0,0.993827
0,0.999984
0,0.998529
0,0.957056
0,0.988178
0,0.823057
0,0.500224
0,0.986913
0,0.375352
0,0.672383
0,0.830453
0,0.805556
0,0.748617
0,0.018946
0,0.187748
0,0.994096
0,0.247316
0,0.525384
0,0.09698
0,0.330694
0,0.993059
0,0.517369
0,0.523986
0,0.999061
0,0.016366
0,0.672708
0,0.761313
0,0.792837
0,0.013362
0,0.030012
0,0.95124
0,0.006131
0,0.195255
0,0.386286
0,0.000401
0,0.93963
0,0.807715
0,0.998797
0,0.179724
0,0.000247
0,0.969055
0,0.415884
0,0.979822
0,0.970236
0,0.233311
0,0.995036
0,0.388003
0,0.022487
0,0.148872
0,0.186695
0,0.645906
0,0.968386
0,0.147319
0,0.685252
0,0.185296
0,0.961409
0,0.207172
0,0.181986
0,0.888023
0,0.999114
0,0.129181
0,0.21553
0,0.182677
0,0.152124
0,0.680989
0,0.011879
0,0.098942
0,0.911804
0,1.6e-05
0,0.095745
0,0.014583
0,0.004598
0,0.005016
0,3.5e-05
0,0.95715
0,0.944496
0,0.653676
0,0.415009
0,0.818904
0,0.742515
0,0.793865
0,0.050593
0,0.86993
0,0.020708
0,0.561093
0,0.522732
0,0.566136
0,0.012219
0,0.007788
0,0.254767
0,0.199902
0,0.017167
0,0.568171
0,0.072987
0,0.054547
0,8e-06
0,0.000461
0,0.47744
0,0.248885
0,0.209624
0,0.249345
0,0.156568
0,0.039054
0,0.312988
0,0.284825
0,0.379144
0,0.723422
0,0.982431
0,0.921827
0,0.00898
0,0.039135
0,0.847822
0,0.087565
0,0.070263
0,0.409602
0,0.093856
0,0.860718
0,0.031319
0,0.006624
0,0.661313
0,0.993945
0,0.109423
0,0.160838
0,0.359726
0,0.113246
0,0.379032
0,0.706029
0,0.884587
0,0.205928
0,0.030202
0,0.166861
0,0.789634
0,0.169743
0,0.224205
0,0.994607
0,0.265128
0,0.320324
0,0.954012
0,0.14917
0,0.908856
0,0.985107
0,0.84739
0,0.002622
0,0.035139
0,0.836657
0,0.937417
0,0.747764
0,0.149751
0,0.285573
0,0.594106
0,0.0012
0,0.976862
0,0.589777
0,0.147263
0,0.322378
0,0.490039
0,0.008752
0,0.1264
0,0.870557
0,0.019391
0,0.010672
0,0.532172
0,0.245133
0,0.99153
0,0.19157
0,0.008624
0,0.997007
0,0.895067
0,0.618297
0,0.150638
0,0.827084
0,0.210148
0,0.678253
0,0.05654
0,0.549649
0,0.98023
0,0.793649
0,0.40196
0,0.994406
0,0.827953
0,0.368528
0,0.783041
0,0.952731
0,0.942533
0,0.377357
0,0.743188
0,0.947561
0,0.565885
0,0.850585
0,0.90807
0,1.6e-05
0,0.000452
0,0.889705
0,0.578726
0,0.318383
0,0.023332
0,0.002356
0,0.18429
0,0.068559
0,0.996875
0,0.928294
0,0.421278
0,0.05163
0,0.804304
0,0.000504
0,0.019395
0,0.640922
0,0.793138
0,0.770112
0,0.001896
0,0.504129
0,0.20129
0,0.048022
0,0.005652
0,0.369004
0,0.037047
0,0.994022
0,0.367089
0,0.669823
0,0.311032
0,0.000159
0,0.487948
0,0.713036
0,0.999702
0,0.019625
0,0.999989
0,0.970669
0,0.992538
0,0.983339
0,0.354942
0,0.76703
0,0.654403
0,0.996108
0,0.011282
0,0.267775
0,0.8529
0,0.005033
0,8.7e-05
0,0.122727
0,0.513581
0,0.829544
0,0.064771
0,0.218745
0,0.913834
0,0.694751
0,0.989562
0,0.67783
0,0.467914
0,0.997593
0,0.893504
0,0.763503
0,0.71986
0,0.273426
0,0.188924
0,0.035289
0,0.388172
0,0.646415
0,0.181937
0,0.334786
0,0.838268
0,0.674866
0,0.999497
0,0.215104
0,0.565278
0,0.126955
0,0.972308
0,0.603238
0,0.810413
0,0.467435
0,0.538298
0,0.13161
0,0.998531
0,0.044079
0,0.627046
0,0.790757
0,0.848757
0,0.091134
0,0.988184
0,0.942567
0,0.935178
0,0.243603
0,0.058183
0,0.998404
0,0.864262
0,0.040942
0,0.095195
0,0.605415
0,0.096783
0,0.58831
0,0.53564
0,0.558965
0,0.33332
0,0.078133
0,0.153239
0,0.757122
0,0.983822
0,0.007368
0,0.376581
0,0.921711
0,0.136859
0,0.998037
0,0.383023
0,0.522012
0,0.00692
0,0.08907
0,0.020166
0,0.143336
0,0.753773
0,0.519139
0,0.486113
0,0.999248
0,0.5301
0,0.180082
0,0.181505
0,0.290534
0,0.952488
0,0.958908
0,0.104916
0,0.242404
0,0.999914
0,0.99698
0,0.743364
0,0.152644
0,0.341243
0,0.346165
0,0.341139
0,0.31868
0,0.34148
0,0.0001
0,0.008262
0,0.990248
0,0.057163
0,0.047999
0,0.86768
0,0.620876
0,0.002376
0,0.966111
0,0.766506
0,0.006549
0,0.810874
0,0.850007
0,0.909622
0,0.039693
0,0.30887
0,0.947386
0,0.151315
0,0.022498
0,0.030495
0,0.759793
0,0.93672
0,0.006984
0,0.002557
0,0.077634
0,0.624293
0,0.164308
0,0.084928
0,0.980847
0,0.258242
0,0.767761
0,0.979151
0,0.006585
0,0.663434
0,0.851528
0,0.040033
0,0.221335
0,0.236188
0,0.067693
0,0.701778
0,0.273701
0,0.279482
0,0.200824
0,0.984733
0,0.696409
0,0.92738
0,0.00069
0,0.958133
0,0.774918
0,0.511757
0,0.485354
0,0.001474
0,0.989773
0,0.678994
0,0.827753
0,0.378624
0,0.35152
0,0.214454
0,0.906345
0,0.736788
0,0.797672
0,0.094605
0,0.89063
0,0.313802
0,0.9488
0,0.808773
0,0.091928
0,0.954503
0,0.545631
0,0.687286
0,0.958991
0,0.677302
0,0.829375
0,0.65007
0,0.081403
0,0.903088
0,0.975344
0,0.005183
0,0.993688
0,0.005034
0,0.454284
0,0.014695
0,0.644492
0,0.315764
0,0.114676
0,0.229797
0,0.619005
0,0.39504
0,0.972964
0,0.157405
0,0.274548
0,0.813285
0,0.003814
0,0.298554
0,0.996744
0,0.152306
0,0.247716
0,0.993451
0,0.851175
0,0.289453
0,0.605345
0,0.392021
0,0.425116
0,0.092961
0,0.932622
0,0.396386
0,0.091689
0,0.352045
0,0.982435
0,0.614882
0,0.021818
0,0.431372
0,0.004952
0,0.002234
0,0.003966
0,0.318359
0,0.426184
0,0.326013
0,0.113639
0,0.035131
0,0.42191
0,0.068781
0,0.77664
0,0.534204
0,0.51001
0,0.000163
0,0.322408
0,1.5e-05
0,0.127431
0,0.171733
0,0.13498
0,0.99593
0,0.030504
0,0.646124
0,0.070241
0,0.999573
0,0.266541
0,0.363946
0,0.001467
0,0.773715
0,0.364148
0,0.173524
0,0.939517
0,0.700121
0,0.100239
0,0.904696
0,0.863949
0,0.000653
0,0.44226
0,0.81898
0,0.275074
0,0.169014
0,0.723842
0,0.183036
0,0.036293
0,0.99792
0,0.727651
0,0.996124
0,0.783241
0,0.991978
0,0.626234
0,0.08687
0,0.940161
0,0.169095
0,0.414196
0,0.218858
0,0.346531
0,0.421402
0,0.354717
0,0.999956
0,0.949578
0,0.934757
0,0.60641
0,0.016116
0,0.31079
0,0.024022
0,0.947155
0,0.001784
0,0.102051
0,0.402876
0,0.01354
0,0.067684
0,0.425176
0,0.997814
0,0.355605
0,0.069485
0,0.738651
0,0.732
0,0.760422
0,0.04901
0,0.505383
0,0.191143
0,0.035145
0,0.530551
0,0.856966
0,0.745593
0,0.340169
0,0.330376
0,0.755143
0,0.452587
0,0.199343
0,0.000918
0,0.675518
0,0.094869
0,0.712152
0,0.997502
0,0.006852
0,0.000707
0,0.031853
0,0.254828
0,0.775553
0,0.136213
0,0.624062
0,0.003339
0,0.998573
0,0.413028
0,0.015255
0,0.978028
0,7.4e-05
0,0.771522
0,0.011974
0,0.960013
0,0.604154
0,0.602408
0,0.789764
0,0.368785
0,0.969374
0,0.09799
0,0.307328
0,0.999473
0,0.996375
0,0.839566
0,0.999155
0,0.997135
0,0.008453
0,0.996262
0,0.808851
0,0.81383
0,0.349932
0,0.1605
0,0.05141
0,0.34453
0,0.059742
0,0.222175
0,0.169827
0,0.914856
0,0.571067
0,0.851988
0,0.024099
0,0.697194
0,0.910601
0,0.999142
0,0.098885
0,0.100816
0,0.359463
0,0.720905
0,0.983497
0,0.292716
0,0.817874
0,0.915306
0,0.016501
0,0.097156
0,0.981901
0,0.607194
0,0.033106
0,0.058261
0,0.7883
0,0.055674
0,0.172252
0,0.032119
0,0.995438
0,0.201896
0,0.000699
0,0.979861
0,0.990182
0,0.525299
0,0.910778
0,0.342476
0,0.705982
0,0.170838
0,0.727322
0,0.964035
0,0.600721
0,0.849687
0,0.663812
0,0.33769
0,0.04102
0,0.037268
0,0.10614
0,0.521172
0,0.05676
0,0.006965
0,0.919238
0,0.476321
0,0.968237
0,0.95927
0,0.987585
0,0.094344
0,0.842372
0,0.296933
0,0.930233
0,0.396077
0,0.99349
0,0.186015
0,0.135092
0,0.01789
0,0.088235
0,0.079592
0,0.283993
0,0.826317
0,0.742302
0,0.96157
0,0.144388
0,0.045943
0,0.174609
0,0.856594
0,0.982913
0,0.635109
0,0.920405
0,0.999213
0,0.598365
0,0.13137
0,0.989505
0,0.930537
0,0.084649
0,0.426567
0,0.994278
0,0.338544
0,0.974951
0,0.384265
0,0.000393
0,0.316772
0,0.092696
0,0.521614
0,0.276157
0,0.421657
0,0.283799
0,0.322364
0,0.011778
0,0.411546
0,0.994175
0,0.031423
0,0.287416
0,0.991679
0,0.774225
0,0.95008
0,0.93014
0,0.61044
0,0.980272
0,0.340989
0,0.64841
0,0.450097
0,0.043366
0,0.617685
0,0.087594
0,0.329101
0,0.105688
0,0.433462
0,0.913453
0,0.154623
0,0.917645
0,0.085311
0,7.6e-05
0,0.404854
0,0.33708
0,0.995179
0,0.830456
0,0.089177
0,0.756432
0,0.028595
0,0.785171
0,0.112267
0,0.996815
0,0.39573
0,0.842197
0,0.366087
0,0.696356
0,0.304094
0,0.943866
0,0.036073
0,0.482039
0,0.987657
0,0.053595
0,0.620132
0,0.999031
0,0.352123
0,0.304787
0,0.022572
0,0.107183
0,0.08114
0,0.012492
0,0.291761
0,0.71297
0,0.015174
0,0.671603
0,0.089877
0,0.025031
0,0.591464
0,0.868943
0,0.013201
0,0.004195
0,0.062709
0,0.610003
0,3.5e-05
0,0.972078
0,0.994483
0,0.133575
0,0.335576
0,0.621031
0,0.022761
0,0.725266
0,0.909042
0,0.860168
0,0.95418
0,0.631912
0,0.236205
0,0.320357
0,0.406901
0,0.240666
0,0.614454
0,0.000929
0,0.547907
0,0.162204
0,0.987027
0,0.915594
0,0.88121
0,0.431388
0,0.00032
0,0.998735
0,0.53953
0,0.8895
0,0.416339
0,0.999968
0,0.109729
0,0.834591
0,0.845675
0,0.88216
0,0.99885
0,0.246744
0,0.978171
0,0.998876
0,0.034666
0,0.190056
0,0.25207
0,0.998617
0,0.948326
0,0.863826
0,0.634015
0,0.191004
0,0.768181
0,0.963994
0,0.999497
0,0.07824
0,0.121832
0,0.915927
0,0.280197
0,0.492304
0,0.893741
0,0.008098
0,0.371084
0,0.033189
0,0.376142
0,0.304603
0,0.237174
0,0.008833
0,0.654041
0,0.638352
0,0.739815
0,0.992709
0,0.906396
0,0.81288
0,0.193218
0,0.999861
0,0.020662
0,0.278375
0,0.930547
0,0.920913
0,0.065764
0,0.987153
0,0.326868
0,0.960934
0,0.723259
0,0.609135
0,0.474183
0,0.977159
0,0.948916
0,0.00217
0,0.015973
0,0.215899
0,0.142717
0,0.001735
0,0.092666
0,0.038981
0,0.015767
0,0.438894
0,0.129953
0,0.977872
0,0.843361
0,0.97018
0,0.040537
0,0.914227
0,0.047756
0,0.521944
0,0.32366
0,0.701586
0,0.074479
0,0.413232
0,0.09643
0,0.394587
0,0.480249
0,0.206399
0,0.121234
0,0.021153
0,0.017258
0,0.139556
0,0.098667
0,0.046012
0,0.538406
0,0.482957
0,0.522764
0,0.033022
0,0.390491
0,0.267945
0,0.316479
0,0.618534
0,0.858631
0,0.960139
0,0.939762
0,0.001361
0,0.996409
0,0.922836
0,0.998776
0,0.128086
0,0.212773
0,0.229093
0,0.763162
0,0.864234
0,0.231348
0,0.7247
0,0.518033
0,0.00107
0,0.440479
0,0.168764
0,0.891456
0,0.987372
0,0.00037
0,0.914791
0,0.251795
0,0.556424
0,0.002534
0,0.387253
0,0.263597
0,0.0
0,0.978228
0,0.100223
0,3e-06
0,0.030087
0,0.550792
0,0.194713
0,0.10625
0,0.325661
0,0.955731
0,0.127674
0,0.351967
0,0.499286
0,0.025099
0,0.479132
0,0.000341
0,0.123657
0,0.180048
0,0.475419
0,0.000928
0,0.969046
0,0.152495
0,0.325692
0,0.213724
0,0.246593
0,0.61462
0,0.987457
0,0.998818
0,0.96894
0,0.666013
0,0.993881
0,0.001553
0,4e-06
0,0.713562
0,0.677951
0,0.035189
0,0.781159
0,0.853481
0,0.933573
0,0.361891
0,0.617261
0,0.858876
0,0.046796
0,0.570143
0,0.972675
0,0.987463
0,0.875455
0,0.864799
0,0.940446
0,0.314262
0,0.02132
0,0.002624
0,0.472801
0,0.988352
0,0.077433
0,0.247646
0,0.426073
0,0.480305
0,0.999625
0,0.094176
0,0.0254
0,0.460438
0,0.998016
0,0.148393
0,0.878393
0,0.011676
0,3.6e-05
0,0.995778
0,0.61841
0,0.258806
0,0.422845
0,0.031193
0,0.919063
0,0.043043
0,0.288732
0,0.352055
0,0.933097
0,0.501898
0,5.8e-05
0,0.97144
0,0.030594
0,0.016856
0,0.726567
0,0.985657
0,0.000498
0,0.784361
0,0.893537
0,0.332244
0,0.894315
0,0.199072
0,0.572092
0,0.678533
0,0.988462
0,0.975578
0,0.999453
0,0.001616
0,0.633112
0,0.082861
0,0.998735
0,0.843102
0,0.507195
0,0.999911
0,0.577093
0,0.154125
0,0.014483
0,0.572967
0,0.541735
0,0.999528
0,0.996194
0,0.97387
0,0.625728
0,0.743672
0,0.143774
0,0.124834
0,0.429506
0,0.073226
0,0.455715
0,0.999999
0,0.65061
0,0.02469
0,0.976847
0,0.373862
0,0.85189
0,0.703611
0,0.76765
0,0.019248
0,0.88568
0,0.646282
0,0.826598
0,0.369098
0,0.961197
0,0.672393
0,0.522807
0,0.637167
0,0.254697
0,0.798044
0,0.153861
0,0.011671
0,0.164295
0,0.002507
0,0.000143
0,0.504308
0,0.998259
0,0.237936
0,0.263789
0,0.120255
0,0.89518
0,0.779532
0,0.04903
0,0.000128
0,0.04916
0,0.994676
0,0.741865
0,0.084124
0,0.884319
0,0.739224
0,0.802938
0,0.039551
0,0.086094
0,0.354527
0,0.190898
0,0.698184
0,0.105364
0,0.974067
0,0.689529
0,0.018028
0,0.125301
0,0.096806
0,0.393824
0,0.820002
0,0.999409
0,0.85587
0,0.314593
0,0.334485
0,0.894687
0,0.019042
0,0.028641
0,0.989586
0,0.435089
0,0.133383
0,0.925354
0,0.730973
0,0.980253
0,0.385752
0,0.162835
0,0.97125
0,0.311499
0,0.865316
0,0.335654
0,0.811631
0,0.927199
0,0.227106
0,0.122555
0,0.996804
0,0.061728
0,0.552701
0,0.579513
0,0.052178
0,0.851615
0,0.978642
0,0.388104
0,0.087508
0,0.080824
0,0.042381
0,0.92806
0,0.28782
0,0.893719
0,0.313998
0,0.403441
0,0.304054
0,0.999722
0,0.999624
0,0.510838
0,0.846673
0,0.993487
0,0.283127
0,0.985167
0,0.988992
0,0.06843
0,0.81818
0,0.495848
0,0.67353
0,0.256165
0,0.836736
0,0.496284
0,0.924954
0,0.216481
0,0.712567
0,0.773925
0,0.956397
0,0.843352
0,0.733302
0,0.156588
0,0.906947
0,0.988831
0,0.720184
0,0.997387
0,0.016194
0,0.896895
0,0.01205
0,0.913167
0,0.164722
0,0.770362
0,0.040625
0,0.148523
0,0.004904
0,0.956002
0,0.561071
0,0.86577
0,0.513402
0,0.942937
0,0.913804
0,0.955992
0,0.827766
0,0.156141
0,0.243832
0,0.167184
0,0.114464
0,0.354264
0,0.607227
0,0.836742
0,0.999881
0,0.876988
0,0.043007
0,0.846111
0,0.954703
0,0.23896
0,0.317015
0,0.605165
0,0.538757
0,0.056954
0,0.556687
0,0.488577
0,0.270604
0,0.985003
0,0.063563
0,0.927524
0,0.269753
0,0.195532
0,0.294123
0,0.000312
0,0.390316
0,0.6402
0,0.302615
0,0.999779
0,0.133571
0,0.512968
0,0.122285
0,0.220655
0,0.68767
0,0.590809
0,0.139076
0,0.009502
0,0.991814
0,0.310478
0,0.306051
0,0.017674
0,0.770333
0,0.062587
0,0.960618
0,0.022359
0,0.378072
0,0.675773
0,0.102389
0,0.595924
0,0.801573
0,0.909952
0,0.00131
0,0.165154
0,0.006456
0,0.003755
0,0.607639
0,0.004366
0,0.780927
0,0.015667
0,0.947143
0,0.016835
0,0.644658
0,0.115746
0,0.983948
0,0.164584
0,0.72572
0,0.021281
0,0.721844
0,0.846118
0,0.039404
0,0.180885
0,0.0012
0,0.024238
0,0.996924
0,0.252546
0,0.172972
0,0.038744
0,0.227945
0,0.202357
0,0.027652
0,0.972725
0,0.123049
0,0.701958
0,0.613166
0,0.613439
0,0.995535
0,0.775198
0,0.019298
0,0.999958
0,0.012105
0,0.796754
0,0.42411
0,0.028279
0,0.781213
0,0.267041
0,0.153116
0,0.999489
0,0.038365
0,0.990916
0,0.007401
0,0.24004
0,0.011914
0,0.505059
0,0.022009
0,0.234269
0,0.759402
0,0.077935
0,0.782695
0,0.808741
0,0.70959
0,0.948893
0,0.922633
0,0.422632
0,0.292402
0,0.967189
0,0.078387
0,0.857813
0,0.313663
0,0.795534
0,0.040708
0,0.189372
0,0.998739
0,0.346715
0,0.984883
0,0.035869
0,0.080344
0,0.27623
0,0.000381
0,0.907701
0,0.990196
0,0.757264
0,0.014939
0,0.038049
0,0.991141
0,0.198529
0,0.033529
0,0.549259
0,0.987724
0,0.003241
0,0.716193
0,0.018199
0,0.607786
0,0.999798
0,0.541104
0,0.987905
0,0.036094
0,0.894684
0,0.16828
0,0.009032
0,0.576637
0,0.027583
0,0.353699
0,0.134116
0,0.648631
0,0.051159
0,0.995423
0,0.068287
0,0.040292
0,0.150834
0,0.463732
0,0.501762
0,0.998478
0,0.083827
0,0.891006
0,0.313643
0,0.008843
0,0.673902
0,0.593896
0,0.923805
0,0.744451
0,0.001239
0,0.869499
0,0.607553
0,0.903989
0,0.693684
0,0.707615
0,0.052977
0,0.437434
0,0.999865
0,0.880993
0,0.904349
0,0.211796
0,0.666601
0,0.557353
0,0.922112
0,0.095771
0,0.992774
0,0.978231
0,0.280001
0,0.035328
0,0.845826
0,0.968987
0,0.420389
0,0.994097
0,0.64828
0,0.538757
0,0.117205
0,0.825585
0,0.260595
0,0.564786
0,0.615533
0,0.842721
0,0.281705
0,0.750341
0,0.007518
0,0.999984
0,0.996246
0,0.061205
0,0.01741
0,0.468546
0,0.997344
0,0.842171
0,0.32087
0,0.999938
0,0.025865
0,0.571704
0,0.11072
0,0.997008
0,0.092554
0,0.010831
0,0.336852
0,0.935667
0,0.924871
0,0.982937
0,0.004165
0,0.752921
0,0.98944
0,0.569376
0,0.395161
0,0.066524
0,0.321695
0,0.017423
0,4e-06
0,0.012733
0,0.922861
0,0.710622
0,0.503945
0,0.93141
0,0.015978
0,0.640245
0,0.221865
0,0.453864
0,0.007288
0,0.99832
0,0.372001
0,0.998787
0,0.740393
0,0.587756
0,0.025606
0,0.796489
0,0.002658
0,0.0005
0,0.671979
0,0.071717
0,0.931731
0,0.731782
0,0.877436
0,0.997306
0,0.876233
0,0.185434
0,0.946868
0,0.995387
0,0.743693
0,0.084111
0,0.993188
0,0.819628
0,0.039378
0,0.237998
0,0.531726
0,0.880351
0,0.11604
0,0.529056
0,0.729625
0,0.58683
0,0.293291
0,0.155294
0,0.931561
0,0.295365
0,0.927237
0,0.14847
0,0.354998
0,0.956334
0,0.972049
0,0.146754
0,0.228757
0,0.632226
0,0.191255
0,4.6e-05
0,0.043662
0,0.582104
0,0.948074
0,0.728464
0,0.96302
0,0.937075
0,0.271158
0,0.928808
0,0.927291
0,1e-06
0,0.044738
0,0.033521
0,0.595905
0,0.245537
0,0.41913
0,0.445437
0,0.872172
0,0.747767
0,0.285896
0,0.229065
0,0.765163
0,0.008941
0,0.997949
0,0.030015
0,0.228626
0,0.747898
0,0.321315
0,0.899547
0,0.157994
0,0.99325
0,0.007551
0,0.326883
0,0.201788
0,0.643963
0,0.013008
0,0.994751
0,0.658749
0,0.903213
0,0.758293
0,0.241751
0,0.312139
0,0.726422
0,0.620713
0,0.009481
0,8e-06
0,0.027519
0,0.173562
0,0.949774
0,0.02544
0,0.029759
0,0.792379
0,0.248014
0,0.255433
0,0.651848
0,0.071431
0,5.7e-05
0,0.939534
0,0.313555
0,0.099959
0,0.992904
0,0.947538
0,0.895609
0,0.174912
0,0.023008
0,0.011003
0,0.30569
0,0.757735
0,0.269016
0,0.276135
0,0.169565
0,0.049969
0,0.212794
0,0.968646
0,0.060464
0,0.032272
0,0.698956
0,0.126799
0,0.90083
0,0.394706
0,0.821702
0,0.172854
0,0.413834
0,0.03339
0,0.990325
0,0.211102
0,0.87608
0,0.956454
0,0.929448
0,0.205099
0,0.431239
0,0.046792
0,0.994195
0,0.009636
0,0.375865
0,0.047289
0,0.481087
0,0.668136
0,0.060641
0,0.368052
0,0.647563
0,0.08044
0,0.027044
0,0.721031
0,0.058394
0,0.943338
0,0.051093
0,0.999995
0,0.485442
0,0.999997
0,0.000196
0,0.164588
0,0.891206
0,0.894989
0,0.068639
0,0.59265
0,0.773476
0,0.387519
0,0.3616
0,0.633081
0,0.044314
0,0.983362
0,0.656921
0,0.95024
0,0.963379
0,0.942039
0,0.053906
0,0.02816
0,0.563093
0,0.032738
0,0.145525
0,0.186002
0,0.973786
0,0.159498
0,0.507209
0,0.854772
0,0.869253
0,0.983021
0,0.994058
0,0.94848
0,0.083301
0,0.993042
0,0.324077
0,0.150047
0,0.682319
0,0.025301
0,0.422157
0,0.123538
0,0.951666
0,0.494265
0,0.314067
0,0.812641
0,0.66377
0,0.286544
0,0.79972
0,0.996165
0,0.591724
0,0.28412
0,0.90296
0,0.312982
0,0.182273
0,0.073106
0,0.375698
0,0.487172
0,0.013657
0,0.010387
0,0.918306
0,0.674051
0,0.988352
0,0.865187
0,0.568012
0,0.026976
0,0.467136
0,0.378321
0,0.075234
0,0.151583
0,0.664825
0,0.180904
0,0.776179
0,0.254245
0,0.195576
0,0.558879
0,0.740387
0,0.052492
0,0.937397
0,0.379363
0,0.548894
0,0.56934
0,0.592106
0,0.185652
0,0.998913
0,0.638072
0,0.010473
0,0.320334
0,0.36908
0,0.006381
0,0.077579
0,0.057911
0,0.00754
0,0.203837
0,0.34117
0,0.978775
0,4.6e-05
0,0.502156
0,0.565122
0,0.923097
0,0.831011
0,0.456461
0,0.209804
0,0.68255
0,0.600931
0,0.831991
0,0.414109
0,0.021993
0,0.059347
0,0.554499
0,0.931484
0,0.422299
0,0.013455
0,0.611628
0,0.292993
0,0.969908
0,0.34786
0,0.065412
0,0.820863
0,0.94099
0,0.760291
0,0.98874
0,0.342164
0,0.959277
0,0.35091
0,0.754512
0,0.330795
0,0.056814
0,0.535515
0,0.16015
0,0.102739
0,0.992884
0,0.152786
0,0.975331
0,0.976598
0,3.2e-05
0,0.81374
0,0.101359
0,0.740248
0,0.616022
0,0.707683
0,0.691021
0,0.023309
0,0.919237
0,0.719393
0,0.240954
0,0.587741
0,0.183012
0,0.088073
0,0.240785
0,0.027851
0,0.679198
0,0.405655
0,0.898702
0,0.253316
0,0.969088
0,0.896091
0,0.704388
0,0.176307
0,0.951886
0,0.766237
0,0.940822
0,0.52572
0,0.07618
0,0.879516
0,0.966388
0,0.953943
0,0.229694
0,0.09396
0,0.186112
0,0.938885
0,0.555098
0,0.946387
0,0.420365
0,0.888675
0,0.907504
0,0.824619
0,0.00041
0,0.57472
0,0.175475
0,0.899484
0,0.70849
0,1e-06
0,0.0343
0,0.979828
0,0.743194
0,0.228325
0,0.404805
0,0.000884
0,0.0
0,0.009339
0,0.027025
0,0.992333
0,0.930347
0,0.127404
0,0.997119
0,0.625687
0,0.182675
0,0.881639
0,5e-06
0,0.140619
0,0.017333
0,0.783736
0,0.938306
0,0.991522
0,0.259205
0,0.407672
0,0.889467
0,0.901242
0,0.126451
0,0.088061
0,0.281808
0,0.983329
0,0.971438
0,0.00013
0,0.991337
0,0.469468
0,0.581884
0,1.2e-05
0,0.131176
0,0.402486
0,0.923264
0,0.022094
0,0.415049
0,0.875591
0,0.40849
0,0.999998
0,0.99705
0,0.869601
0,0.07815
0,0.911495
0,0.094681
0,0.009532
0,0.61652
0,0.113514
0,0.547598
0,0.926069
0,0.023513
0,0.588485
0,0.023838
0,0.120014
0,0.039459
0,0.186728
0,0.062606
0,0.52621
0,0.904877
0,0.654737
0,0.721984
0,0.912907
0,0.893065
0,0.051562
0,0.852342
0,0.018939
0,0.013555
0,0.939533
0,4.1e-05
0,0.838721
0,0.000606
0,0.529987
0,0.578262
0,0.682151
0,0.26618
0,0.971105
0,0.91141
0,0.024398
0,0.859676
0,0.817506
0,0.15044
0,0.054925
0,0.958707
0,0.234476
0,0.616544
0,0.720836
0,0.483093
0,0.999777
0,0.794005
0,0.059872
0,0.658533
0,0.720339
0,0.876981
0,0.939219
0,0.2581
0,0.342282
0,0.90643
0,0.005776
0,0.619957
0,0.623769
0,0.66485
0,0.646069
0,0.059228
0,0.001699
0,0.927468
0,0.306856
0,0.973419
0,0.571253
0,0.447401
0,0.091645
0,0.916831
0,0.771941
0,0.021482
0,0.001841
0,0.974802
0,0.012174
0,0.033505
0,0.169903
0,0.142777
0,0.016576
0,0.35208
0,0.654048
0,0.016987
0,0.052036
0,0.861242
0,0.755023
0,0.771905
0,0.216369
0,0.205915
0,0.942444
0,0.620346
0,0.836052
0,0.41413
0,0.0045
0,0.299365
0,0.835577
0,0.020333
0,0.965934
0,0.02796
0,0.941247
0,0.20719
0,0.873919
0,0.014181
0,0.062861
0,0.00011
0,0.796806
0,0.046822
0,0.947928
0,0.673983
0,0.983423
0,0.0401
0,0.36175
0,0.067248
0,0.043012
0,0.062894
0,0.98806
0,0.649426
0,0.800975
0,0.933106
0,0.218799
0,0.21002
0,0.9361
0,0.999209
0,0.685503
0,0.000162
0,0.93846
0,0.173612
0,0.640905
0,0.030693
0,0.857906
0,0.41622
0,0.358008
0,0.711528
0,0.973135
0,0.000941
0,0.991646
0,0.073702
0,0.261965
0,0.667032
0,0.029123
0,0.974984
0,0.939617
0,0.007159
0,0.150414
0,0.500555
0,0.272108
0,0.979139
0,0.30499
0,0.958717
0,0.951211
0,0.974186
0,0.155744
0,0.954429
0,0.848459
0,0.133982
0,0.454877
0,0.001553
0,0.889244
0,0.971303
0,0.987299
0,0.997942
0,0.093406
0,0.840311
0,0.771947
0,0.644587
0,0.013059
0,0.06086
0,0.005785
0,0.740423
0,0.976633
0,0.755038
0,0.586008
0,0.619597
0,0.006655
0,4.8e-05
0,0.058974
0,0.009304
0,0.004335
0,0.662974
0,1.0
0,0.417805
0,0.719502
0,0.309179
0,7.6e-05
0,0.891586
0,0.764563
0,0.233397
0,0.000942
0,0.51627
0,0.424963
0,0.780715
0,0.5379
0,0.361935
0,0.454229
0,0.817349
0,0.107963
0,0.228495
0,0.246115
0,0.190368
0,0.999992
0,0.467292
0,0.26513
0,0.093013
0,0.994419
0,0.98739
0,0.11589
0,0.875747
0,0.104965
0,0.000383
0,0.536932
0,0.025219
0,0.004027
0,0.907647
0,0.967805
0,0.149711
0,0.997553
0,0.996308
0,0.288291
0,0.458261
0,0.333644
0,0.538787
0,0.245716
0,0.281451
0,0.553219
0,0.981928
0,0.120867
0,0.47762
0,0.01954
0,0.552323
0,0.517565
0,0.313895
0,0.152925
0,0.318988
0,0.012746
0,0.152557
0,0.593476
0,0.331427
0,0.129823
0,0.000613
0,0.825516
0,0.957858
0,0.999949
0,0.277014
0,0.102014
0,0.999464
0,0.002789
0,0.677549
0,0.025746
0,0.98571
0,0.278533
0,0.479127
0,0.998097
0,0.323648
0,0.266979
0,0.302641
0,0.966422
0,0.041958
0,0.808598
0,0.427032
0,0.954598
0,0.978886
0,0.922259
0,0.827873
0,0.870452
0,0.669698
0,0.912652
0,0.598258
0,0.000544
0,0.54244
0,0.607571
0,0.704528
0,0.334344
0,0.012896
0,0.995487
0,0.210563
0,0.686174
0,0.161686
0,0.059915
0,0.020689
0,0.992336
0,0.927593
0,0.317229
0,0.770639
0,0.318095
0,0.009042
0,0.901753
0,0.235555
0,0.060927
0,0.853367
0,0.170307
0,0.135712
0,0.112435
0,0.006167
0,0.119203
0,0.352189
0,0.727625
0,0.982131
0,0.410437
0,0.989007
0,0.821737
0,0.142717
0,0.02328
0,0.211965
0,0.834777
0,0.830543
0,0.011028
0,0.490279
0,0.068855
0,0.822373
0,0.108865
0,0.120231
0,0.701673
0,0.757446
0,0.472444
0,0.829858
0,0.739226
0,0.276659
0,0.00951
0,0.990885
0,0.0
0,0.979045
0,0.883736
0,0.596854
0,0.073572
0,0.027859
0,0.050625
0,0.407614
0,0.032967
0,0.119118
0,0.072593
0,0.966721
0,0.414475
0,0.02397
0,0.528607
0,0.997935
0,0.346574
0,0.033418
0,0.165863
0,0.04583
0,0.458185
0,0.8236
0,0.296904
0,0.296257
0,0.958381
0,0.599259
0,0.191236
0,0.890263
0,0.678371
0,0.092079
0,0.14177
0,0.99651
0,0.939852
0,0.503352
0,0.224984
0,0.110775
0,0.517266
0,0.995498
0,0.99242
0,0.143142
0,0.859515
0,0.47614
0,0.068202
0,0.653051
0,0.432
0,0.010413
0,0.982912
0,0.957874
0,0.204996
0,0.003444
0,0.083509
0,0.903336
0,0.060424
0,0.333786
0,0.710166
0,0.880181
0,0.715494
0,0.213392
0,0.134099
0,0.160525
0,0.770657
0,0.273525
0,0.167804
0,0.19371
0,0.158462
0,0.977239
0,0.001424
0,0.676686
0,0.999631
0,0.087398
0,0.883108
0,0.736894
0,0.583529
0,0.797227
0,0.991151
0,0.354438
0,0.15657
0,0.317691
0,0.694898
0,0.119174
0,0.011889
0,1.0
0,0.994293
0,0.216285
0,0.668491
0,0.85157
0,0.492353
0,0.063069
0,0.99966
0,0.211013
0,0.025438
0,0.347033
0,0.085172
0,0.340709
0,0.583206
0,0.0109
0,0.901719
0,0.8286
0,0.652883
0,0.573838
0,0.023002
0,0.146103
0,0.95628
0,0.037212
0,0.181418
0,0.607442
0,0.28774
0,0.086925
0,0.326914
0,0.673461
0,0.000201
0,0.862318
0,0.084534
0,0.050226
0,0.758706
0,0.281194
0,0.217579
0,0.66677
0,0.022122
0,0.936631
0,0.952964
0,0.433185
0,0.049342
0,0.616857
0,0.824912
0,0.989305
0,0.474364
0,0.019177
0,0.80829
0,0.780869
0,0.39535
0,0.519219
0,0.667863
0,0.002288
0,0.116848
0,0.88096
0,0.369302
0,0.737512
0,0.128359
0,0.390539
0,0.803246
0,0.215358
0,0.072237
0,0.803277
0,0.480544
0,0.060691
0,0.890401
0,0.225721
0,0.555191
0,0.398288
0,0.0077
0,0.263034
0,0.142867
0,0.9883
0,0.996497
0,0.935485
0,0.127139
0,0.6266
0,0.223996
0,0.813481
0,0.427069
0,0.017923
0,0.953062
0,0.984539
0,0.044745
0,0.030104
0,0.07524
0,0.857185
0,0.285821
0,0.150065
0,0.001145
0,0.227863
0,0.267302
0,0.614431
0,0.646695
0,0.009987
0,0.523311
0,0.443551
0,0.376505
0,0.03193
0,0.186627
0,0.143013
0,0.440981
0,0.986057
0,0.916588
0,0.88342
0,0.319751
0,0.0368
0,0.916844
0,0.02737
0,0.001876
0,0.042637
0,0.058367
0,0.361535
0,0.905395
0,0.083539
0,0.785211
0,0.080957
0,0.987887
0,0.002721
0,0.979494
0,0.012243
0,0.043044
0,0.710223
0,0.001122
0,0.454466
0,0.680032
0,0.70522
0,0.085854
0,0.060166
0,0.024924
0,0.9877
0,0.886917
0,0.140034
0,0.983542
0,0.140205
0,0.757497
0,0.047953
0,0.226832
0,0.937532
0,0.959482
0,0.008775
0,0.000118
0,0.558147
0,0.072668
0,0.025061
0,0.18028
0,0.779052
0,0.98494
0,0.914267
0,0.155786
0,0.047512
0,0.632514
0,0.860855
0,0.817229
0,0.31785
0,0.802766
0,0.000886
0,0.868675
0,0.998269
0,0.518887
0,0.000214
0,0.088963
0,0.860013
0,0.102157
0,0.492999
0,0.993272
0,0.448431
0,0.015495
0,0.233403
0,0.916948
0,0.288915
0,0.972994
0,0.318878
0,0.182146
0,0.888157
0,0.275056
0,0.701047
0,0.062663
0,0.406536
0,0.450438
0,0.053839
0,0.387444
0,0.020518
0,0.010803
0,0.08041
0,0.29494
0,0.901103
0,0.811683
0,0.060998
0,0.433441
0,0.715813
0,0.17092
0,0.979496
0,0.506082
0,0.341671
0,0.010427
0,0.140973
0,0.658052
0,0.142554
0,0.659905
0,0.993486
0,0.86649
0,0.077212
0,0.749087
0,0.335927
0,0.222416
0,0.628203
0,0.620752
0,0.381794
0,0.286102
0,0.038363
0,0.230536
0,0.094523
0,0.41663
0,0.76721
0,0.970675
0,0.946942
0,0.079973
0,0.617379
0,0.309674
0,0.03248
0,0.627615
0,0.113684
0,0.425594
0,0.140502
0,0.741473
0,0.890929
0,0.022911
0,0.95012
0,0.658929
0,0.284379
0,0.430278
0,0.997994
0,0.860707
0,0.563172
0,0.552492
0,0.183241
0,0.680778
0,0.023662
0,0.276601
0,0.434173
0,0.818634
0,3.4e-05
0,0.616915
0,0.005548
0,0.276836
0,0.01217
0,0.493681
0,0.000494
0,0.652342
0,0.162088
0,0.127828
0,0.889183
0,0.750513
0,0.940144
0,0.008213
0,0.997876
0,0.163521
0,0.844593
0,0.280399
0,0.673983
0,0.16489
0,0.804314
0,0.154035
0,0.032146
0,0.123727
0,0.931548
0,0.899487
0,0.998789
0,0.068923
0,0.0165
0,0.570652
0,0.842773
0,0.702569
0,0.971628
0,0.160904
0,0.946006
0,0.420019
0,0.730175
0,0.27221
0,0.547634
0,0.153499
0,0.482398
0,0.525665
0,0.116205
0,1e-06
0,0.601111
0,0.743063
0,0.703495
0,0.74354
0,0.677362
0,0.451683
0,0.150586
0,0.255256
0,0.00098
0,0.127114
0,0.48777
0,0.693525
0,0.787549
0,0.566594
0,0.132897
0,0.963531
0,0.911975
0,0.448648
0,0.34475
0,0.909185
0,0.243505
0,0.921255
0,0.096538
0,0.577208
0,0.942382
0,2.4e-05
0,0.975621
0,0.690697
0,0.704947
0,0.005121
0,0.954298
0,0.987214
0,0.606181
0,0.589589
0,0.079708
0,0.395374
0,0.455107
0,0.423337
0,0.000385
0,0.542254
0,0.424119
0,0.864598
0,0.635177
0,4.6e-05
0,0.97173
0,0.974947
0,0.082593
0,0.538379
0,0.92462
0,0.392525
0,0.059119
0,0.030369
0,0.413157
0,0.76842
0,0.873894
0,0.907183
0,0.713339
0,0.417595
0,0.943279
0,0.084456
0,0.927833
0,0.91724
0,0.702415
0,0.103491
0,0.908628
0,0.821393
0,0.616207
0,0.308578
0,0.380609
0,0.053706
0,0.986075
0,0.706793
0,0.918737
0,0.027001
0,0.008851
0,0.184754
0,0.835559
0,0.694328
0,0.008691
0,0.729809
0,0.710104
0,8.3e-05
0,0.714142
0,0.09176
0,0.267338
0,0.0111
0,0.999907
0,0.019678
0,0.002145
0,0.998914
0,0.567295
0,0.005944
0,0.973313
0,0.764504
0,0.46816
0,0.998144
0,0.042222
0,0.546002
0,0.295253
0,0.080407
0,0.962836
0,0.053911
0,0.671761
0,0.761089
0,0.659879
0,0.313887
0,0.027392
0,0.999338
0,0.85322
0,0.613109
0,0.773774
0,0.253879
0,0.987758
0,0.504247
0,0.841729
0,0.03484
0,0.061295
0,0.010685
0,0.045763
0,0.57455
0,0.4831
0,0.878847
0,0.991837
0,0.59909
0,0.092115
0,0.287049
0,0.03834
0,0.631911
0,0.997914
0,0.710841
0,0.283798
0,0.074762
0,0.132554
0,0.954617
0,0.969309
0,0.218937
0,0.527215
0,0.524156
0,0.146326
0,0.510051
0,0.859931
0,0.366818
0,0.848492
0,0.934045
0,0.216548
0,0.098156
0,0.268595
0,0.964439
0,0.123189
0,0.665862
0,0.986369
0,0.26947
0,0.629794
0,0.124431
0,0.932412
0,0.950837
0,0.038194
0,0.121201
0,0.158867
0,0.039236
0,0.223833
0,0.99844
0,0.539895
0,0.093428
0,0.145311
0,0.683367
0,0.895617
0,0.878028
0,0.605781
0,0.946637
0,0.986653
0,0.379195
0,0.11204
0,0.998437
0,0.22543
0,0.041293
0,0.911664
0,0.437947
0,0.51219
0,0.191512
0,0.777534
0,0.052247
0,0.945844
0,0.993895
0,0.619398
0,0.87019
0,0.985954
0,0.986041
0,8.1e-05
0,0.67498
0,0.659809
0,0.274002
0,0.203335
0,0.184716
0,0.664113
0,0.944123
0,0.096578
0,0.022346
0,0.187176
0,0.839423
0,0.010561
0,0.333597
0,0.756315
0,0.56232
0,0.329551
0,0.120676
0,0.313116
0,0.509014
0,0.664959
0,0.008978
0,0.819142
0,0.308261
0,0.006498
0,0.099262
0,0.792943
0,0.093395
0,0.90808
0,0.125345
0,0.09753
0,0.080903
0,0.656796
0,0.000625
0,0.001509
0,0.608504
0,0.346359
0,0.977164
0,0.007634
0,0.19354
0,0.826047
0,0.020459
0,0.991759
0,0.09445
0,0.814358
0,0.123464
0,0.541326
0,0.758943
0,0.992583
0,0.497293
0,0.998164
0,0.000271
0,0.11631
0,0.037835
0,0.353327
0,0.081649
0,0.000645
0,0.086529
0,0.63949
0,0.888364
0,0.907795
0,0.811775
0,0.403015
0,0.061268
0,0.134897
0,0.337721
0,0.541996
0,0.69125
0,0.000532
0,0.109771
0,0.017903
0,0.070516
0,0.518684
0,0.051387
0,0.474738
0,0.884999
0,0.794591
0,0.495101
0,0.89095
0,0.862463
0,0.690406
0,0.642831
0,0.17536
0,0.380377
0,0.942704
0,0.849264
0,0.983019
0,0.302213
0,0.265809
0,0.768369
0,0.570831
0,0.034332
0,0.959573
0,0.606147
0,0.707261
0,0.170574
0,0.947181
0,0.963666
0,0.195313
0,0.009154
0,0.031291
0,0.023715
0,0.297048
0,0.076009
0,0.111092
0,0.291732
0,0.896809
0,0.644668
0,0.660011
0,0.548619
0,0.491332
0,0.918423
0,0.129971
0,0.997429
0,0.722672
0,0.025947
0,0.735688
0,0.556166
0,0.391863
0,0.692701
0,0.000312
0,0.123203
0,0.99003
0,0.492132
0,0.992751
0,0.990812
0,0.976017
0,0.970697
0,0.416334
0,0.17852
0,0.011616
0,0.35402
0,0.976076
0,0.426882
0,0.750122
0,0.929877
0,0.281914
0,0.476458
0,0.999995
0,0.741742
0,0.021144
0,0.94366
0,0.662688
0,0.571865
0,0.004918
0,0.182713
0,0.979857
0,0.880978
0,0.678674
0,0.597833
0,0.917936
0,0.160242
0,0.285824
0,0.022854
0,0.657859
0,0.955291
0,0.099164
0,0.995665
0,0.445015
0,0.288496
0,0.99783
0,0.978106
0,0.177253
0,0.648037
0,0.644941
0,0.738694
0,0.972728
0,0.680564
0,0.025356
0,0.410157
0,0.962439
0,0.328443
0,0.771176
0,0.548938
0,0.784618
0,0.015989
0,0.821887
0,0.981786
0,0.95249
0,0.291068
0,0.911555
0,0.005176
0,0.499296
0,9e-06
0,0.001591
0,0.931629
0,0.949545
0,0.5777
0,0.792172
0,0.014977
0,0.861309
0,0.745705
0,0.220017
0,0.947685
0,0.857482
0,0.018924
0,0.05002
0,0.990277
0,0.519791
0,0.543975
0,0.941417
0,0.5054
0,0.202986
0,0.319865
0,0.764346
0,0.156072
0,0.001806
0,0.074756
0,0.000949
0,0.508797
0,0.148571
0,0.614261
0,0.474212
0,0.541268
0,0.533414
0,0.342999
0,0.977605
0,0.213359
0,0.044522
0,0.996971
0,0.022428
0,0.000746
0,0.667073
0,0.015418
0,0.137382
0,0.384376
0,0.020816
0,0.475238
0,0.93969
0,0.204665
0,0.002451
0,0.001276
0,0.889635
0,0.525656
0,0.000353
0,0.970201
0,0.017272
0,0.864022
0,0.964899
0,0.972636
0,0.051803
0,0.109852
0,0.954832
0,0.999993
0,0.358947
0,0.567906
0,0.02631
0,0.922728
0,0.013011
0,0.096646
0,0.810457
0,0.787565
0,0.193892
0,0.224916
0,0.852099
0,0.967522
0,0.442075
0,0.423783
0,0.225217
0,0.975014
0,0.68987
0,0.668692
0,0.162467
0,0.271855
0,0.060945
0,0.854126
0,0.658211
0,0.032759
0,0.748641
0,0.941317
0,0.013729
0,0.006608
0,0.790388
0,0.721534
0,0.171314
0,0.409666
0,0.999997
0,0.031917
0,0.216374
0,0.977093
0,0.885174
0,0.816193
0,0.398966
0,0.929808
0,0.882498
0,1e-06
0,0.338296
0,0.520321
0,0.002712
0,0.801941
0,0.772436
0,0.972316
0,0.766525
0,0.060283
0,0.362595
0,0.986111
0,0.063557
0,0.514867
0,0.018914
0,0.567332
0,0.185288
0,0.40959
0,0.847745
0,0.452284
0,0.4611
0,0.738996
0,0.998614
0,0.265581
0,0.678623
0,0.853684
0,0.16749
0,0.828467
0,0.372341
0,0.872694
0,0.005025
0,0.20145
0,0.682601
0,0.748239
0,0.98936
0,0.824066
0,0.898371
0,0.617296
0,0.393537
0,0.725136
0,0.917876
0,0.407779
0,0.004477
0,0.767157
0,0.681701
0,0.105455
0,0.356499
0,0.029798
0,0.021899
0,0.076102
0,0.743865
0,0.944642
0,0.514673
0,0.605984
0,3e-05
0,0.285414
0,0.38654
0,0.457073
0,0.000804
0,0.82603
0,0.498133
0,0.546453
0,0.445414
0,0.318026
0,0.736156
0,0.470167
0,0.409988
0,0.999865
0,0.003648
0,0.990608
0,0.449259
0,0.151553
0,0.227804
0,0.465437
0,0.755796
0,0.013
0,0.034913
0,0.970119
0,0.942649
0,1e-06
0,0.994426
0,0.997619
0,0.690318
0,0.567054
0,0.446051
0,0.315073
0,0.078581
0,0.053652
0,0.016618
0,0.821705
0,0.548813
0,0.425835
0,0.280322
0,0.029636
0,0.122891
0,0.925313
0,0.934881
0,0.964308
0,0.00473
0,0.27928
0,0.995701
0,0.670318
0,0.130449
0,0.691405
0,0.427819
0,0.851978
0,0.027215
0,0.011838
0,0.010547
0,0.704859
0,0.508297
0,0.022943
0,0.253534
0,0.318435
0,0.016659
0,0.4671
0,0.950015
0,0.536285
0,0.790309
0,0.615085
0,0.99985
0,0.090105
0,0.000543
0,0.754275
0,0.417252
0,0.09815
0,0.676279
0,0.962739
0,0.758941
0,0.999558
0,0.922227
0,0.098763
0,0.943661
0,0.140046
0,0.348022
0,0.879716
0,0.709595
0,0.892216
0,0.999859
0,0.984046
0,0.606527
0,0.002311
0,0.618255
0,0.453207
0,0.089981
0,0.62715
0,0.042927
0,0.821209
0,0.108592
0,0.001493
0,0.279653
0,3.6e-05
0,0.391739
0,0.665835
0,0.942059
0,0.568398
0,0.923395
0,0.470799
0,0.714318
0,0.947446
0,0.916562
0,0.273218
0,0.057889
0,0.834924
0,0.017889
0,0.641464
0,0.756292
