is_member,score
1,0.66246
1,0.706722
1,0.164382
1,0.492659
1,0.890179
1,0.231862
1,0.506466
1,0.377109
1,0.479878
1,0.528433
1,0.290266
1,0.18716
1,0.586876
1,0.671148
1,0.184376
1,0.160045
1,0.101477
1,0.574684
1,0.551478
1,0.480823
1,0.952374
1,0.123998
1,0.596199
1,0.813142
1,0.350894
1,0.190001
1,0.435152
1,0.517283
1,0.331668
1,0.11435
1,0.703403
1,0.610624
1,0.473736
1,0.127495
1,0.287778
1,0.190583
1,0.49828
1,0.263839
1,0.546673
1,0.512351
1,0.252671
1,0.600417
1,0.636974
1,0.615398
1,0.338807
1,0.397068
1,0.529739
1,0.473092
1,0.416208
1,0.528769
1,0.854512
1,0.678524
1,0.571093
1,0.451245
1,0.706861
1,0.729295
1,0.832003
1,0.814078
1,0.304578
1,0.44618
1,0.428268
1,0.518352
1,0.84548
1,0.449728
1,0.514574
1,0.476056
1,0.503134
1,0.768902
1,0.317694
1,0.44717
1,0.072533
1,0.749947
1,0.780337
1,0.817129
1,0.143277
1,0.336114
1,0.72973
1,0.833711
1,0.900341
1,0.805432
1,0.293383
1,0.131191
1,0.753291
1,0.37092
1,0.338287
1,0.607896
1,0.556127
1,0.532096
1,0.624288
1,0.178088
1,0.753784
1,0.377802
1,0.293728
1,0.290922
1,0.419969
1,0.059962
1,0.567495
1,0.120521
1,0.252822
1,0.729693
1,0.325307
1,0.552824
1,0.566975
1,0.492056
1,0.668762
1,0.746939
1,0.470688
1,0.397138
1,0.692577
1,0.915211
1,0.594915
1,0.157101
1,0.28867
1,0.166203
1,0.715154
1,0.465004
1,0.687369
1,0.515101
1,0.371116
1,0.313932
1,0.799029
1,0.595812
1,0.450827
1,0.650173
1,0.721393
1,0.591199
1,0.487428
1,0.385518
1,0.439018
1,0.811921
1,0.537801
1,0.387123
1,0.204717
1,0.88521
1,0.506316
1,0.444527
1,0.758101
1,0.268688
1,0.667315
1,0.554782
1,0.720933
1,0.698622
1,0.894491
1,0.583498
1,0.289124
1,0.88739
1,0.460184
1,0.665196
1,0.739991
1,0.932331
1,0.447546
1,0.804744
1,0.538742
1,0.493077
1,0.361375
1,0.512497
1,0.386139
1,0.196079
1,0.389724
1,0.546901
1,0.461048
1,0.711342
1,0.26915
1,0.509666
1,0.344059
1,0.298505
1,0.447317
1,0.510905
1,0.439821
1,0.369005
1,0.318491
1,0.266015
1,0.363158
1,0.608424
1,0.441162
1,0.391344
1,0.351705
1,0.256283
1,0.460444
1,0.261403
1,0.511675
1,0.738838
1,0.114373
1,0.245153
1,0.796882
1,0.497678
1,0.425128
1,0.525547
1,0.592749
1,0.183416
1,0.618885
1,0.782838
1,0.429448
1,0.417839
1,0.188023
1,0.391742
1,0.146097
1,0.057752
1,0.341005
1,0.567524
1,0.303428
1,0.760385
1,0.860139
1,0.686699
1,0.031699
1,0.275354
1,0.167285
1,0.72958
1,0.517574
1,0.512721
1,0.389655
1,0.84491
1,0.651622
1,0.456414
1,0.68437
1,0.203972
1,0.529672
1,0.257484
1,0.647082
1,0.754838
1,0.594904
1,0.253386
1,0.53272
1,0.557593
1,0.185371
1,0.501382
1,0.434435
1,0.74788
1,0.778077
1,0.05893
1,0.214211
1,0.460301
1,0.668097
1,0.370443
1,0.510126
1,0.390878
1,0.39812
1,0.85735
1,0.389682
1,0.149278
1,0.245959
1,0.390331
1,0.538979
1,0.836392
1,0.453892
1,0.14313
1,0.633876
1,0.304799
1,0.840867
1,0.767431
1,0.55796
1,0.225873
1,0.395383
1,0.370279
1,0.507181
1,0.21643
1,0.237301
1,0.497236
1,0.868529
1,0.643845
1,0.776132
1,0.501536
1,0.363936
1,0.39368
1,0.783712
1,0.535055
1,0.111395
1,0.663848
1,0.609489
1,0.662874
1,0.304484
1,0.468508
1,0.83478
1,0.187871
1,0.607913
1,0.806634
1,0.759399
1,0.60192
1,0.548047
1,0.313253
1,0.628248
1,0.369973
1,0.106536
1,0.718722
1,0.608195
1,0.841141
1,0.699377
1,0.372053
1,0.249349
1,0.746971
1,0.108741
1,0.327243
1,0.542196
1,0.557554
1,0.508661
1,0.513335
1,0.33759
1,0.661761
1,0.382909
1,0.323625
1,0.377236
1,0.164999
1,0.176216
1,0.741913
1,0.57518
1,0.804995
1,0.529668
1,0.829899
1,0.122519
1,0.147724
1,0.30801
1,0.810194
1,0.439743
1,0.269896
1,0.455412
1,0.281492
1,0.556474
1,0.552385
1,0.49477
1,0.718622
1,0.232392
1,0.475926
1,0.378961
1,0.038683
1,0.532172
1,0.501508
1,0.387161
1,0.652198
1,0.555526
1,0.656276
1,0.674271
1,0.575177
1,0.583748
1,0.292258
1,0.464095
1,0.701081
1,0.145164
1,0.410131
1,0.610132
1,0.307682
1,0.842687
1,0.483175
1,0.335144
1,0.534532
1,0.763458
1,0.267232
1,0.33515
1,0.411455
1,0.495306
1,0.65852
1,0.673669
1,0.330028
1,0.60085
1,0.651391
1,0.642669
1,0.23915
1,0.487334
1,0.59422
1,0.261289
1,0.067406
1,0.556794
1,0.734159
1,0.319308
1,0.333095
1,0.196806
1,0.213662
1,0.649315
1,0.819178
1,0.771714
1,0.259187
1,0.432034
1,0.3443
1,0.590248
1,0.49664
1,0.507604
1,0.631975
1,0.551317
1,0.881828
1,0.667581
1,0.423319
1,0.667104
1,0.22033
1,0.597586
1,0.173558
1,0.354977
1,0.31916
1,0.666092
1,0.62672
1,0.755342
1,0.181466
1,0.582204
1,0.62787
1,0.574996
1,0.484726
1,0.933969
1,0.226729
1,0.512939
1,0.553834
1,0.430559
1,0.304143
1,0.58247
1,0.496616
1,0.396339
1,0.363313
1,0.095542
1,0.609279
1,0.124625
1,0.263406
1,0.495935
1,0.216613
1,0.38275
1,0.252227
1,0.713243
1,0.449681
1,0.603427
1,0.488679
1,0.575004
1,0.173755
1,0.8413
1,0.155342
1,0.557554
1,0.582891
1,0.565707
1,0.319129
1,0.248177
1,0.70994
1,0.496318
1,0.40674
1,0.579365
1,0.292196
1,0.424751
1,0.509038
1,0.501671
1,0.563107
1,0.726442
1,0.714155
1,0.381858
1,0.815444
1,0.574158
1,0.202177
1,0.389311
1,0.760595
1,0.308242
1,0.629244
1,0.655704
1,0.247259
1,0.331457
1,0.640428
1,0.749926
1,0.767138
1,0.336364
1,0.443905
1,0.667881
1,0.47341
1,0.722132
1,0.442327
1,0.608101
1,0.568975
1,0.344977
1,0.539182
1,0.424537
1,0.388087
1,0.46531
1,0.587111
1,0.441999
1,0.552708
1,0.678877
1,0.425826
1,0.552878
1,0.798694
1,0.596589
1,0.562903
1,0.107882
1,0.830941
1,0.671093
1,0.586992
1,0.105799
1,0.190361
1,0.079881
1,0.832419
1,0.842734
1,0.709176
1,0.884079
1,0.084948
1,0.429603
1,0.557021
1,0.408914
1,0.599917
1,0.144375
1,0.695962
1,0.079153
1,0.706373
1,0.593975
1,0.513742
1,0.73634
1,0.416093
1,0.320168
1,0.615163
1,0.495178
1,0.686351
1,0.411283
1,0.159804
1,0.93725
1,0.687115
1,0.383142
1,0.722314
1,0.448453
1,0.255228
1,0.768948
1,0.564776
1,0.454879
1,0.543354
1,0.349592
1,0.300534
1,0.518517
1,0.489954
1,0.438687
1,0.234697
1,0.423373
1,0.516187
1,0.368285
1,0.09786
1,0.36513
1,0.633274
1,0.691131
1,0.890198
1,0.610737
1,0.606126
1,0.780684
1,0.2089
1,0.74336
1,0.463846
1,0.559981
1,0.597039
1,0.175834
1,0.542374
1,0.157255
1,0.351511
1,0.401383
1,0.818619
1,0.232265
1,0.331331
1,0.660998
1,0.801374
1,0.589678
1,0.840408
1,0.611408
1,0.331764
1,0.119045
1,0.750456
1,0.473449
1,0.595205
1,0.506552
1,0.545831
1,0.472702
1,0.528438
1,0.354545
1,0.489779
1,0.640618
1,0.412966
1,0.578319
1,0.623809
1,0.528362
1,0.335602
1,0.382122
1,0.460853
1,0.659828
1,0.482003
1,0.784533
1,0.883906
1,0.536742
1,0.083649
1,0.293894
1,0.59255
1,0.389052
1,0.582759
1,0.831517
1,0.521388
1,0.121948
1,0.29423
1,0.16305
1,0.173056
1,0.744597
1,0.401168
1,0.691631
1,0.68644
1,0.632647
1,0.504492
1,0.719716
1,0.149629
1,0.585448
1,0.500706
1,0.881266
1,0.657988
1,0.352573
1,0.507926
1,0.530866
1,0.291698
1,0.709819
1,0.424835
1,0.719941
1,0.628329
1,0.121708
1,0.675591
1,0.546425
1,0.300087
1,0.383228
1,0.957865
1,0.693853
1,0.844513
1,0.920635
1,0.163837
1,0.3863
1,0.475892
1,0.373552
1,0.602141
1,0.485631
1,0.661316
1,0.707237
1,0.15083
1,0.39492
1,0.217969
1,0.2716
1,0.32366
1,0.172818
1,0.758414
1,0.099186
1,0.117258
1,0.421219
1,0.631662
1,0.545389
1,0.411257
1,0.411423
1,0.657151
1,0.56867
1,0.464983
1,0.454171
1,0.150578
1,0.311794
1,0.722653
1,0.511873
1,0.257172
1,0.858352
1,0.833151
1,0.276352
1,0.119724
1,0.709278
1,0.227835
1,0.802145
1,0.526675
1,0.306397
1,0.666043
1,0.518879
1,0.696507
1,0.695646
1,0.383898
1,0.457685
1,0.402315
1,0.291923
1,0.491735
1,0.735738
1,0.848929
1,0.292361
1,0.514406
1,0.538303
1,0.456965
1,0.247275
1,0.711
1,0.425099
1,0.232202
1,0.200743
1,0.542833
1,0.488427
1,0.319894
1,0.492835
1,0.567108
1,0.435739
1,0.696683
1,0.642729
1,0.491912
1,0.770754
1,0.491963
1,0.611657
1,0.326822
1,0.903941
1,0.496032
1,0.431928
1,0.258048
1,0.557531
1,0.591723
1,0.750219
1,0.782997
1,0.161686
1,0.741582
1,0.660746
1,0.266911
1,0.747614
1,0.392329
1,0.633249
1,0.547474
1,0.30723
1,0.830961
1,0.288811
1,0.668809
1,0.823655
1,0.496716
1,0.557531
1,0.547353
1,0.559069
1,0.46591
1,0.204756
1,0.425699
1,0.809588
1,0.611015
1,0.66203
1,0.219074
1,0.605304
1,0.24522
1,0.141604
1,0.685646
1,0.482099
1,0.521528
1,0.527113
1,0.326016
1,0.279323
1,0.361782
1,0.505162
1,0.676188
1,0.211874
1,0.218214
1,0.703584
1,0.398109
1,0.910397
1,0.229249
1,0.262177
1,0.797816
1,0.46956
1,0.336162
1,0.320242
1,0.392036
1,0.375089
1,0.625889
1,0.308384
1,0.411665
1,0.887359
1,0.749985
1,0.630991
1,0.327211
1,0.413446
1,0.342432
1,0.457497
1,0.36998
1,0.609199
1,0.533913
1,0.629824
1,0.114699
1,0.315005
1,0.372426
1,0.395339
1,0.555133
1,0.370816
1,0.823171
1,0.464945
1,0.684667
1,0.881643
1,0.70016
1,0.535473
1,0.436927
1,0.613519
1,0.46148
1,0.648119
1,0.433976
1,0.466409
1,0.276323
1,0.303948
1,0.436308
1,0.483551
1,0.191679
1,0.791036
1,0.693127
1,0.60704
1,0.506169
1,0.509697
1,0.431342
1,0.468687
1,0.235294
1,0.528021
1,0.611586
1,0.693585
1,0.34096
1,0.367891
1,0.51019
1,0.393721
1,0.719727
1,0.347852
1,0.378555
1,0.65703
1,0.597813
1,0.357789
1,0.304763
1,0.662
1,0.443554
1,0.430571
1,0.793218
1,0.373469
1,0.572478
1,0.786336
1,0.591363
1,0.26988
1,0.449983
1,0.528085
1,0.296739
1,0.693086
1,0.474186
1,0.839871
1,0.748812
1,0.333891
1,0.506907
1,0.719906
1,0.613212
1,0.656834
1,0.335224
1,0.263333
1,0.406772
1,0.729226
1,0.891182
1,0.352987
1,0.473535
1,0.648021
1,0.689814
1,0.704171
1,0.390142
1,0.500227
1,0.49968
1,0.816373
1,0.261857
1,0.37027
1,0.265647
1,0.458064
1,0.981054
1,0.033218
1,0.632444
1,0.412328
1,0.815887
1,0.451787
1,0.878416
1,0.827067
1,0.430792
1,0.541255
1,0.683418
1,0.386253
1,0.769849
1,0.506176
1,0.647322
1,0.702711
1,0.487125
1,0.564122
1,0.578189
1,0.36254
1,0.212205
1,0.651884
1,0.122845
1,0.733517
1,0.798984
1,0.900091
1,0.030049
1,0.432252
1,0.599306
1,0.764642
1,0.151881
1,0.12164
1,0.498302
1,0.265541
1,0.78641
1,0.162453
1,0.064549
1,0.461261
1,0.73958
1,0.315545
1,0.7189
1,0.140665
1,0.356948
1,0.53692
1,0.711161
1,0.582717
1,0.457875
1,0.416061
1,0.506503
1,0.460867
1,0.106714
1,0.49933
1,0.585575
1,0.356589
1,0.145098
1,0.184845
1,0.887747
1,0.786541
1,0.568939
1,0.601605
1,0.283293
1,0.237076
1,0.370148
1,0.5187
1,0.713382
1,0.342138
1,0.892014
1,0.59282
1,0.567188
1,0.854219
1,0.127878
1,0.456095
1,0.650671
1,0.568757
1,0.24477
1,0.580959
1,0.459519
1,0.455426
1,0.052876
1,0.449417
1,0.799042
1,0.522313
1,0.285668
1,0.734522
1,0.603032
1,0.525508
1,0.733868
1,0.168153
1,0.308784
1,0.423887
1,0.29264
1,0.716232
1,0.680184
1,0.821349
1,0.245416
1,0.410467
1,0.631726
1,0.404665
1,0.459632
1,0.604318
1,0.61275
1,0.559738
1,0.577821
1,0.240977
1,0.447919
1,0.660794
1,0.758677
1,0.600383
1,0.581618
1,0.503112
1,0.644725
1,0.423374
1,0.259254
1,0.483524
1,0.59652
1,0.550876
1,0.563719
1,0.499488
1,0.230281
1,0.563428
1,0.823671
1,0.342288
1,0.411328
1,0.558977
1,0.611101
1,0.648279
1,0.502839
1,0.202874
1,0.821857
1,0.654493
1,0.530535
1,0.505998
1,0.488704
1,0.713481
1,0.719755
1,0.314546
1,0.336834
1,0.257826
1,0.879293
1,0.523099
1,0.154396
1,0.168133
1,0.349224
1,0.611245
1,0.406864
1,0.559144
1,0.701896
1,0.20781
1,0.52546
1,0.701316
1,0.739336
1,0.389767
1,0.539474
1,0.413178
1,0.557662
1,0.07023
1,0.690989
1,0.690839
1,0.16159
1,0.620335
1,0.199523
1,0.375276
1,0.561633
1,0.785602
1,0.114404
1,0.079738
1,0.693826
1,0.184527
1,0.760295
1,0.71686
1,0.538787
1,0.399
1,0.639249
1,0.564898
1,0.431316
1,0.361218
1,0.396252
1,0.283056
1,0.722762
1,0.089899
1,0.400541
1,0.654032
1,0.585311
1,0.419855
1,0.563288
1,0.218358
1,0.054588
1,0.701446
1,0.801002
1,0.54953
1,0.60973
1,0.335543
1,0.321392
1,0.890266
1,0.633976
1,0.183547
1,0.204641
1,0.461493
1,0.564172
1,0.228594
1,0.357393
1,0.254223
1,0.612713
1,0.593653
1,0.431155
1,0.565363
1,0.884485
1,0.283228
1,0.540722
1,0.401387
1,0.562554
1,0.366441
1,0.617765
1,0.56401
1,0.76228
1,0.271997
1,0.489208
1,0.290954
1,0.142073
1,0.622439
1,0.256794
1,0.711679
1,0.686392
1,0.332218
1,0.554848
1,0.6816
1,0.843506
1,0.513658
1,0.494647
1,0.731032
1,0.217247
1,0.474518
1,0.837142
1,0.755915
1,0.332579
1,0.741223
1,0.392814
1,0.21989
1,0.677871
1,0.470205
1,0.370647
1,0.500818
1,0.039839
1,0.232282
1,0.598159
1,0.513126
1,0.732416
1,0.595604
1,0.352471
1,0.455621
1,0.401
1,0.738205
1,0.247049
1,0.516999
1,0.27803
1,0.911539
1,0.114238
1,0.411981
1,0.297533
1,0.297755
1,0.767526
1,0.372302
1,0.360043
1,0.250683
1,0.829276
1,0.215499
1,0.912397
1,0.727444
1,0.179894
1,0.36137
1,0.305289
1,0.452458
1,0.406567
1,0.4506
1,0.639952
1,0.525679
1,0.747679
1,0.565177
1,0.824169
1,0.35784
1,0.257191
1,0.467179
1,0.718298
1,0.528875
1,0.549071
1,0.737982
1,0.603342
1,0.640648
1,0.438116
1,0.677166
1,0.423834
1,0.583752
1,0.27524
1,0.201293
1,0.130662
1,0.402553
1,0.424742
1,0.696861
1,0.902386
1,0.538197
1,0.466763
1,0.470256
1,0.176227
1,0.168111
1,0.555724
1,0.553833
1,0.525115
1,0.412033
1,0.554546
1,0.678919
1,0.638308
1,0.335145
1,0.452621
1,0.868438
1,0.413754
1,0.62969
1,0.426483
1,0.881546
1,0.706875
1,0.501914
1,0.50715
1,0.620951
1,0.570392
1,0.188326
1,0.702293
1,0.658436
1,0.148854
1,0.48672
1,0.327955
1,0.78384
1,0.21143
1,0.620595
1,0.576231
1,0.230619
1,0.488803
1,0.265123
1,0.490128
1,0.506345
1,0.498618
1,0.636526
1,0.300804
1,0.276461
1,0.521847
1,0.365184
1,0.61569
1,0.302189
1,0.41925
1,0.728461
1,0.081386
1,0.64965
1,0.675502
1,0.148086
1,0.366787
1,0.120631
1,0.472026
1,0.57983
1,0.891427
1,0.538237
1,0.656567
1,0.510531
1,0.629132
1,0.33467
1,0.397798
1,0.414293
1,0.337904
1,0.770809
1,0.403401
1,0.535572
1,0.695103
1,0.593874
1,0.281525
1,0.634944
1,0.74644
1,0.389113
1,0.490687
1,0.614815
1,0.862321
1,0.769694
1,0.271736
1,0.278677
1,0.380829
1,0.72725
1,0.490881
1,0.396351
1,0.790251
1,0.477281
1,0.767106
1,0.494421
1,0.592042
1,0.455611
1,0.211456
1,0.734637
1,0.438249
1,0.577786
1,0.378866
1,0.499132
1,0.378689
1,0.17959
1,0.440948
1,0.134017
1,0.256744
1,0.841866
1,0.138831
1,0.631554
1,0.680572
1,0.275708
1,0.448
1,0.198792
1,0.690878
1,0.121719
1,0.62786
1,0.303608
1,0.457888
1,0.299319
1,0.428996
1,0.54774
1,0.535292
1,0.316511
1,0.354181
1,0.711443
1,0.721323
1,0.217333
1,0.600827
1,0.746256
1,0.857731
1,0.525156
1,0.687369
1,0.250601
1,0.426609
1,0.306431
1,0.293072
1,0.177212
1,0.072548
1,0.193662
1,0.421208
1,0.883712
1,0.465977
1,0.46661
1,0.43126
1,0.168504
1,0.320012
1,0.623573
1,0.715836
1,0.477877
1,0.365959
1,0.684044
1,0.320022
1,0.622545
1,0.639846
1,0.833509
1,0.585034
1,0.868743
1,0.560972
1,0.381645
1,0.325277
1,0.337316
1,0.234072
1,0.157327
1,0.231587
1,0.19087
1,0.400458
1,0.599018
1,0.461678
1,0.518626
1,0.457508
1,0.610436
1,0.525699
1,0.380893
1,0.587354
1,0.455293
1,0.437123
1,0.386328
1,0.482557
1,0.288276
1,0.142365
1,0.44358
1,0.517138
1,0.67261
1,0.677138
1,0.651908
1,0.359149
1,0.276238
1,0.406826
1,0.453643
1,0.289326
1,0.354714
1,0.387906
1,0.097709
1,0.570648
1,0.183121
1,0.429238
1,0.236265
1,0.12743
1,0.217444
1,0.22524
1,0.324982
1,0.400528
1,0.305263
1,0.503049
1,0.272314
1,0.50597
1,0.471199
1,0.810288
1,0.453233
1,0.920946
1,0.650761
1,0.269582
1,0.78341
1,0.521101
1,0.053676
1,0.761019
1,0.609447
1,0.347823
1,0.684075
1,0.230463
1,0.47984
1,0.379131
1,0.687611
1,0.492812
1,0.409741
1,0.39066
1,0.961141
1,0.464998
1,0.6768
1,0.681423
1,0.498866
1,0.355149
1,0.419808
1,0.475144
1,0.334138
1,0.293983
1,0.272453
1,0.052841
1,0.311857
1,0.395954
1,0.491055
1,0.650667
1,0.617808
1,0.447375
1,0.473735
1,0.399691
1,0.578419
1,0.343862
1,0.167541
1,0.383941
1,0.352383
1,0.460665
1,0.501697
1,0.423293
1,0.418642
1,0.488553
1,0.315396
1,0.266804
1,0.328066
1,0.605285
1,0.279506
1,0.362235
1,0.662626
1,0.491159
1,0.585833
1,0.112505
1,0.458914
1,0.338189
1,0.576449
1,0.290433
1,0.883392
1,0.155801
1,0.886624
1,0.93245
1,0.275998
1,0.757009
1,0.617331
1,0.793203
1,0.03032
1,0.524724
1,0.72494
1,0.41574
1,0.636948
1,0.646124
1,0.528129
1,0.687699
1,0.96538
1,0.474865
1,0.600779
1,0.654518
1,0.844162
1,0.352206
1,0.500802
1,0.82113
1,0.926083
1,0.765977
1,0.879933
1,0.424886
1,0.333582
1,0.625074
1,0.272199
1,0.412175
1,0.282449
1,0.692623
1,0.391489
1,0.717104
1,0.366973
1,0.295378
1,0.502215
1,0.188947
1,0.59896
1,0.842803
1,0.406131
1,0.889498
1,0.678112
1,0.599846
1,0.667943
1,0.463257
1,0.749684
1,0.60601
1,0.708855
1,0.182531
1,0.39915
1,0.608324
1,0.42792
1,0.479849
1,0.743252
1,0.373621
1,0.225184
1,0.305539
1,0.389183
1,0.471792
1,0.462474
1,0.594488
1,0.56812
1,0.793805
1,0.221926
1,0.252414
1,0.581521
1,0.467339
1,0.240701
1,0.104761
1,0.32602
1,0.565883
1,0.564189
1,0.735396
1,0.617599
1,0.383268
1,0.776677
1,0.667518
1,0.648637
1,0.236475
1,0.400374
1,0.700229
1,0.232472
1,0.065784
1,0.701569
1,0.396612
1,0.210392
1,0.697738
1,0.347984
1,0.642141
1,0.42411
1,0.548568
1,0.242915
1,0.62202
1,0.502866
1,0.560222
1,0.3421
1,0.390445
1,0.567165
1,0.819144
1,0.03231
1,0.591607
1,0.880872
1,0.156205
1,0.745423
1,0.486887
1,0.585715
1,0.560014
1,0.429332
1,0.838799
1,0.39258
1,0.485134
1,0.423436
1,0.606329
1,0.475539
1,0.298935
1,0.148902
1,0.634875
1,0.748005
1,0.441703
1,0.32581
1,0.802474
1,0.842019
1,0.276012
1,0.537629
1,0.491405
1,0.349001
1,0.253423
1,0.586085
1,0.682174
1,0.82043
1,0.659721
1,0.312604
1,0.7273
1,0.527256
1,0.503926
1,0.656919
1,0.423975
1,0.237963
1,0.641527
1,0.076726
1,0.649924
1,0.44419
1,0.468562
1,0.546508
1,0.725397
1,0.283884
1,0.27783
1,0.763058
1,0.587388
1,0.397168
1,0.750277
1,0.442331
1,0.671303
1,0.644422
1,0.440487
1,0.486666
1,0.269037
1,0.430365
1,0.169034
1,0.699167
1,0.532256
1,0.503188
1,0.726015
1,0.341636
1,0.316628
1,0.538723
1,0.555612
1,0.595097
1,0.241566
1,0.328027
1,0.484443
1,0.592715
1,0.721095
1,0.585409
1,0.76207
1,0.59256
1,0.374428
1,0.262674
1,0.563444
1,0.801597
1,0.679174
1,0.394702
1,0.152133
1,0.266908
1,0.484326
1,0.651774
1,0.376803
1,0.854304
1,0.329248
1,0.8706
1,0.095169
1,0.617465
1,0.893721
1,0.876072
1,0.664881
1,0.415007
1,0.387899
1,0.290899
1,0.433112
1,0.781134
1,0.254029
1,0.443051
1,0.672205
1,0.51534
1,0.885185
1,0.20478
1,0.327868
1,0.565402
1,0.387149
1,0.419088
1,0.377996
1,0.52448
1,0.432434
1,0.608573
1,0.504496
1,0.23709
1,0.785204
1,0.569652
1,0.887466
1,0.871758
1,0.59834
1,0.974548
1,0.449371
1,0.768707
1,0.560422
1,0.936029
1,0.091885
1,0.818105
1,0.375062
1,0.141417
1,0.311343
1,0.794442
1,0.716158
1,0.749307
1,0.120211
1,0.711458
1,0.131768
1,0.644595
1,0.13831
1,0.727882
1,0.251262
1,0.956192
1,0.681125
1,0.388301
1,0.413406
1,0.648868
1,0.548088
1,0.342751
1,0.325622
1,0.276075
1,0.522968
1,0.475091
1,0.444742
1,0.429118
1,0.137533
1,0.320121
1,0.25855
1,0.60863
1,0.26996
1,0.656427
1,0.776383
1,0.768467
1,0.622819
1,0.933572
1,0.282671
1,0.769079
1,0.710627
1,0.634905
1,0.346265
1,0.210259
1,0.822472
1,0.744767
1,0.392392
1,0.566471
1,0.521754
1,0.430939
1,0.05156
1,0.708546
1,0.449815
1,0.468462
1,0.138289
1,0.598267
1,0.262981
1,0.356918
1,0.157543
1,0.327138
1,0.591508
1,0.437221
1,0.732367
1,0.434114
1,0.30213
1,0.503773
1,0.735618
1,0.427399
1,0.512067
1,0.617038
1,0.647501
1,0.721127
1,0.500152
1,0.272982
1,0.463665
1,0.612593
1,0.47081
1,0.623734
1,0.543185
1,0.889384
1,0.214667
1,0.560653
1,0.667101
1,0.29377
1,0.668413
1,0.203348
1,0.106796
1,0.522645
1,0.115202
1,0.620108
1,0.518098
1,0.227851
1,0.596712
1,0.404879
1,0.585571
1,0.359456
1,0.456173
1,0.702293
1,0.39629
1,0.350654
1,0.581161
1,0.413975
1,0.373033
1,0.397509
1,0.450021
1,0.646746
1,0.801423
1,0.885291
1,0.320764
1,0.261698
1,0.364126
1,0.431016
1,0.76749
1,0.669625
1,0.380079
1,0.551849
1,0.440851
1,0.758873
1,0.210663
1,0.343754
1,0.401784
1,0.77343
1,0.601362
1,0.403194
1,0.355836
1,0.422252
1,0.503934
1,0.680894
1,0.337286
1,0.135114
1,0.691865
1,0.628245
1,0.525592
1,0.409151
1,0.926149
1,0.376876
1,0.194537
1,0.671043
1,0.623878
1,0.515587
1,0.477956
1,0.713507
1,0.345698
1,0.355466
1,0.441305
1,0.784343
1,0.602004
1,0.290464
1,0.806713
1,0.78249
1,0.557016
1,0.641824
1,0.595597
1,0.421997
1,0.639647
1,0.467955
1,0.601365
1,0.297733
1,0.677205
1,0.582842
1,0.509432
1,0.47042
1,0.408377
1,0.325487
1,0.635094
1,0.640379
1,0.38676
1,0.465124
1,0.279925
1,0.54595
1,0.635753
1,0.336624
1,0.458614
1,0.263479
1,0.368172
1,0.513974
1,0.812755
1,0.447774
1,0.790435
1,0.099279
1,0.677041
1,0.683029
1,0.932297
1,0.393871
1,0.563021
1,0.384674
1,0.283691
1,0.218525
1,0.752628
1,0.424173
1,0.569999
1,0.271738
1,0.534464
1,0.411171
1,0.356674
1,0.71773
1,0.202755
1,0.295537
1,0.539395
1,0.325954
1,0.659593
1,0.491898
1,0.191599
1,0.471173
1,0.497341
1,0.609028
1,0.341987
1,0.61452
1,0.345438
1,0.277456
1,0.468153
1,0.522738
1,0.834221
1,0.482961
1,0.488768
1,0.44199
1,0.24188
1,0.639703
1,0.568529
1,0.881309
1,0.514777
1,0.443786
1,0.680959
1,0.367071
1,0.22391
1,0.254836
1,0.334049
1,0.787194
1,0.57973
1,0.396053
1,0.500733
1,0.192587
1,0.776069
1,0.433755
1,0.398929
1,0.755728
1,0.131741
1,0.457842
1,0.688432
1,0.493165
1,0.194669
1,0.396487
1,0.334956
1,0.399891
1,0.874869
1,0.70087
1,0.659877
1,0.745689
1,0.646265
1,0.332756
1,0.080014
1,0.519753
1,0.812142
1,0.199533
1,0.476349
1,0.583626
1,0.518204
1,0.413496
1,0.433252
1,0.511755
1,0.433564
1,0.196915
1,0.278355
1,0.720047
1,0.301332
1,0.486908
1,0.543467
1,0.662486
1,0.72938
1,0.390635
1,0.55859
1,0.430332
1,0.530344
1,0.802556
1,0.213592
1,0.423004
1,0.473991
1,0.173617
1,0.155885
1,0.363591
1,0.876173
1,0.400727
1,0.095027
1,0.237937
1,0.562704
1,0.633292
1,0.521285
1,0.719184
1,0.591315
1,0.698908
1,0.601108
1,0.326407
1,0.750051
1,0.568314
1,0.705559
1,0.572633
1,0.155266
1,0.383465
1,0.775601
1,0.350277
1,0.89157
1,0.341583
1,0.862499
1,0.527561
1,0.796688
1,0.781662
1,0.091476
1,0.600418
1,0.477532
1,0.166673
1,0.610745
1,0.113324
1,0.817768
1,0.633332
1,0.654743
1,0.14612
1,0.64048
1,0.786224
1,0.48106
1,0.654758
1,0.197987
1,0.496127
1,0.554933
1,0.41797
1,0.459373
1,0.213326
1,0.462395
1,0.386908
1,0.495882
1,0.356356
1,0.217386
1,0.369726
1,0.679308
1,0.328372
1,0.199965
1,0.414578
1,0.914485
1,0.626119
1,0.537964
1,0.195303
1,0.435881
1,0.583006
1,0.872146
1,0.22403
1,0.613529
1,0.401687
1,0.624129
1,0.853287
1,0.445959
1,0.148285
1,0.635636
1,0.596819
1,0.600469
1,0.24583
1,0.363095
1,0.324351
1,0.535457
1,0.348823
1,0.281365
1,0.540227
1,0.369968
1,0.579076
1,0.670015
1,0.701503
1,0.448381
1,0.742366
1,0.484155
1,0.217173
1,0.163511
1,0.535433
1,0.74829
1,0.496658
1,0.721259
1,0.72025
1,0.447729
1,0.41731
1,0.519014
1,0.61383
1,0.240528
1,0.217369
1,0.395561
1,0.887112
1,0.376097
1,0.877908
1,0.459563
1,0.089212
1,0.407989
1,0.652186
1,0.489549
1,0.425518
1,0.543657
1,0.527241
1,0.775304
1,0.510417
1,0.537945
1,0.731459
1,0.600637
1,0.496903
1,0.580308
1,0.362891
1,0.497945
1,0.746857
1,0.406542
1,0.39029
1,0.899669
1,0.505249
1,0.226855
1,0.330685
1,0.539826
1,0.195671
1,0.53865
1,0.489889
1,0.391888
1,0.476786
1,0.34339
1,0.325946
1,0.426405
1,0.255105
1,0.260362
1,0.376963
1,0.596193
1,0.33398
1,0.598385
1,0.502152
1,0.552107
1,0.574493
1,0.682918
1,0.700882
1,0.46242
1,0.056098
1,0.471195
1,0.376735
1,0.344674
1,0.550936
1,0.356683
1,0.261512
1,0.87755
1,0.558855
1,0.492377
1,0.13678
1,0.29577
1,0.361866
1,0.236889
1,0.350536
1,0.613694
1,0.145467
1,0.55638
1,0.412756
1,0.815234
1,0.333833
1,0.630338
1,0.53607
1,0.773656
1,0.497236
1,0.642527
1,0.568035
1,0.803425
1,0.525073
1,0.475808
1,0.805444
1,0.97733
1,0.685678
1,0.62689
1,0.554581
1,0.246235
1,0.538675
1,0.61628
1,0.472648
1,0.275156
1,0.267955
1,0.628999
1,0.397539
1,0.952365
1,0.441695
1,0.34705
1,0.519789
1,0.272663
1,0.169231
1,0.442828
1,0.407157
1,0.079472
1,0.126605
1,0.206161
1,0.123911
1,0.390834
1,0.540255
1,0.69548
1,0.280343
1,0.945017
1,0.511608
1,0.780182
1,0.723016
1,0.383088
1,0.204842
1,0.833118
1,0.708332
1,0.510004
1,0.743039
1,0.233763
1,0.479251
1,0.353267
1,0.459391
1,0.301596
1,0.83392
1,0.695472
1,0.464215
1,0.484622
1,0.654569
1,0.774169
1,0.843026
1,0.554048
1,0.087821
1,0.651095
1,0.66079
1,0.130606
1,0.184461
1,0.475636
1,0.77058
1,0.529825
1,0.489246
1,0.148142
1,0.52716
1,0.533137
1,0.245919
1,0.568624
1,0.46465
1,0.756256
1,0.558845
1,0.540062
1,0.162893
1,0.450705
1,0.531343
1,0.939636
1,0.340534
1,0.543274
1,0.628109
1,0.233236
1,0.185734
1,0.012184
1,0.674904
1,0.321783
1,0.659828
1,0.249893
1,0.470459
1,0.428393
1,0.629372
1,0.501487
1,0.330019
1,0.120307
1,0.569007
1,0.494135
1,0.365364
1,0.309791
1,0.417457
1,0.586525
1,0.508309
1,0.655497
1,0.653198
1,0.475857
1,0.947565
1,0.720007
1,0.425417
1,0.7013
1,0.715465
1,0.348416
1,0.752103
1,0.378835
1,0.500682
1,0.888868
1,0.658157
1,0.037458
1,0.535567
1,0.68603
1,0.698167
1,0.480232
1,0.76692
1,0.608485
1,0.055809
1,0.535131
1,0.142794
1,0.689132
1,0.377558
1,0.51741
1,0.239994
1,0.517198
1,0.301832
1,0.635204
1,0.461922
1,0.352159
1,0.363345
1,0.71592
1,0.311113
1,0.30331
1,0.4939
1,0.462418
1,0.436464
1,0.59379
1,0.72177
1,0.347884
1,0.475153
1,0.669892
1,0.605782
1,0.347097
1,0.361092
1,0.481696
1,0.642966
1,0.717221
1,0.62237
1,0.272528
1,0.277641
1,0.702647
1,0.732808
1,0.576331
1,0.319439
1,0.641147
1,0.646025
1,0.713011
1,0.6607
1,0.370689
1,0.21503
1,0.402235
1,0.418286
1,0.838247
1,0.590807
1,0.529918
1,0.555004
1,0.788281
1,0.206947
1,0.373987
1,0.884515
1,0.777672
1,0.05896
1,0.377881
1,0.966616
1,0.541407
1,0.094998
1,0.78637
1,0.274137
1,0.677302
1,0.660177
1,0.909861
1,0.119099
1,0.621476
1,0.354899
1,0.661337
1,0.219174
1,0.385392
1,0.544165
1,0.578188
1,0.600504
1,0.694237
1,0.32969
1,0.555945
1,0.738997
1,0.519018
1,0.851662
1,0.529909
1,0.404058
1,0.711947
1,0.374279
1,0.786175
1,0.471107
1,0.229954
1,0.662696
1,0.22421
1,0.356926
1,0.681137
1,0.302456
1,0.300844
1,0.261525
1,0.582876
1,0.729314
1,0.255825
1,0.543105
1,0.704676
1,0.710276
1,0.631897
1,0.656317
1,0.239597
1,0.505277
1,0.720523
1,0.524016
1,0.858174
1,0.59722
1,0.475936
1,0.587327
1,0.243158
1,0.507125
1,0.232421
1,0.127647
1,0.680299
1,0.58464
1,0.85807
1,0.316023
1,0.350141
1,0.345756
1,0.557114
1,0.762273
1,0.518834
1,0.418937
1,0.626724
1,0.447475
1,0.616171
1,0.59707
1,0.816851
1,0.790737
1,0.343885
1,0.270637
1,0.313942
1,0.425213
1,0.641031
1,0.468689
1,0.664597
1,0.458758
1,0.175542
1,0.34334
1,0.223173
1,0.179803
1,0.476735
1,0.34987
1,0.644676
1,0.615562
1,0.29362
1,0.401344
1,0.46475
1,0.573824
1,0.308628
1,0.665633
1,0.274996
1,0.827376
1,0.49588
1,0.619376
1,0.321775
1,0.588947
1,0.39951
1,0.570565
1,0.51558
1,0.559068
1,0.52976
1,0.774728
1,0.639673
1,0.618143
1,0.523179
1,0.297898
1,0.674378
1,0.606369
1,0.302658
1,0.549806
1,0.608266
1,0.547675
1,0.183009
1,0.709792
1,0.330618
1,0.551819
1,0.393194
1,0.493176
1,0.18006
1,0.570089
1,0.692173
1,0.153998
1,0.7008
1,0.474661
1,0.617262
1,0.507648
1,0.414152
1,0.132023
1,0.539416
1,0.598778
1,0.418298
1,0.48586
1,0.617244
1,0.698052
1,0.675102
1,0.887007
1,0.437566
1,0.390096
1,0.512018
1,0.67642
1,0.298637
1,0.4485
1,0.304938
1,0.747064
1,0.441742
1,0.378357
1,0.645043
1,0.900053
1,0.24433
1,0.493893
1,0.63774
1,0.750168
1,0.314681
1,0.693941
1,0.227199
1,0.821026
1,0.777908
1,0.309943
1,0.534004
1,0.512162
1,0.340554
1,0.327815
1,0.544656
1,0.399468
1,0.23234
1,0.124204
1,0.264225
1,0.672774
1,0.694527
1,0.862665
1,0.426048
1,0.651871
1,0.060901
1,0.665388
1,0.324759
1,0.708235
1,0.49778
1,0.542841
1,0.449651
1,0.72337
1,0.536674
1,0.46202
1,0.843495
1,0.510615
1,0.605235
1,0.648094
1,0.514736
1,0.648249
1,0.390099
1,0.5274
1,0.694649
1,0.367507
1,0.199163
1,0.325591
1,0.169352
1,0.501371
1,0.820305
1,0.427361
1,0.630384
1,0.6069
1,0.069443
1,0.664728
1,0.343171
1,0.600754
1,0.411594
1,0.885061
1,0.341408
1,0.031884
1,0.610699
1,0.877284
1,0.428941
1,0.374751
1,0.340422
1,0.554633
1,0.562815
1,0.706415
1,0.363813
1,0.719289
1,0.915809
1,0.408672
1,0.282563
1,0.088534
1,0.163542
1,0.745884
1,0.534942
1,0.624386
1,0.376231
1,0.468939
1,0.643939
1,0.101097
1,0.574143
1,0.303368
1,0.731343
1,0.420382
1,0.607205
1,0.46914
1,0.737872
1,0.92581
1,0.332219
1,0.098026
1,0.415657
1,0.461349
1,0.41924
1,0.203905
1,0.20095
1,0.468208
1,0.558595
1,0.562806
1,0.27472
1,0.616557
1,0.362189
1,0.323298
1,0.805907
1,0.412499
1,0.872692
1,0.532308
1,0.163554
1,0.692018
1,0.808705
1,0.250151
1,0.181276
1,0.38416
1,0.646063
1,0.14205
1,0.801547
1,0.458207
1,0.588767
1,0.815831
1,0.357358
1,0.426055
1,0.345093
1,0.476848
1,0.512747
1,0.52756
1,0.747492
1,0.493391
1,0.556675
1,0.377504
1,0.676711
1,0.491246
1,0.767156
1,0.510876
1,0.497834
1,0.447178
1,0.4455
1,0.641502
1,0.386718
1,0.437213
1,0.301607
1,0.745565
1,0.85182
1,0.870454
1,0.361507
1,0.199654
1,0.561441
1,0.78925
1,0.706327
1,0.415402
1,0.905773
1,0.675288
1,0.651799
1,0.279881
1,0.318677
1,0.484406
1,0.13551
1,0.556016
1,0.777877
1,0.657043
1,0.421768
1,0.54525
1,0.518967
1,0.35776
1,0.325658
1,0.784737
1,0.986213
1,0.837632
1,0.326016
1,0.498536
1,0.38559
1,0.87345
1,0.40971
1,0.439689
1,0.105403
1,0.024948
1,0.318942
1,0.618771
1,0.343653
1,0.795922
1,0.308782
1,0.63655
1,0.436602
1,0.628127
1,0.709776
1,0.76388
1,0.804715
1,0.438402
1,0.621483
1,0.463284
1,0.443801
1,0.598972
1,0.710958
1,0.463149
1,0.643455
1,0.653645
1,0.620857
1,0.488934
1,0.303253
1,0.571977
1,0.488965
1,0.302949
1,0.087029
1,0.264755
1,0.340319
1,0.737401
1,0.226306
1,0.554989
1,0.426484
1,0.17213
1,0.352433
1,0.887863
1,0.605554
1,0.398747
1,0.141718
1,0.246064
1,0.731556
1,0.367595
1,0.395574
1,0.527752
1,0.733264
1,0.649128
1,0.31066
1,0.534992
1,0.748574
1,0.651372
1,0.715707
1,0.546535
1,0.434684
1,0.61889
1,0.567626
1,0.44746
1,0.891179
1,0.14352
1,0.424556
1,0.464156
1,0.680999
1,0.460413
1,0.559352
1,0.281422
1,0.520225
1,0.87567
1,0.282073
1,0.136097
1,0.681037
1,0.82593
1,0.439498
1,0.440742
1,0.545845
1,0.409384
1,0.420163
1,0.389244
1,0.390661
1,0.397669
1,0.478013
1,0.557635
1,0.711392
1,0.680089
1,0.117963
1,0.664053
1,0.212634
1,0.677259
1,0.285758
1,0.431083
1,0.063371
1,0.224316
1,0.43349
1,0.254718
1,0.375597
1,0.554204
1,0.836062
1,0.115201
1,0.944625
1,0.171672
1,0.30651
1,0.769714
1,0.397687
1,0.458256
1,0.184034
1,0.946685
1,0.34826
1,0.677854
1,0.285474
1,0.286915
1,0.5149
1,0.364855
1,0.82565
1,0.36314
1,0.430183
1,0.633464
1,0.748506
1,0.664343
1,0.471873
1,0.349477
1,0.521156
1,0.623196
1,0.759922
1,0.408283
1,0.670966
1,0.897143
1,0.384785
1,0.081906
1,0.562999
1,0.594085
1,0.854659
1,0.876093
1,0.329743
1,0.308304
1,0.600693
1,0.686673
1,0.612158
1,0.738311
1,0.523806
1,0.435574
1,0.563181
1,0.500247
1,0.427735
1,0.178439
1,0.820336
1,0.390216
1,0.695615
1,0.146601
1,0.564426
1,0.412825
1,0.390039
1,0.884474
1,0.358203
1,0.387669
1,0.423139
1,0.432139
1,0.393609
1,0.629149
1,0.819449
1,0.229029
1,0.425979
1,0.470493
1,0.364174
1,0.59374
1,0.351308
1,0.476137
1,0.861163
1,0.911902
1,0.440487
1,0.201331
1,0.596135
1,0.682104
1,0.679944
1,0.743337
1,0.34469
1,0.802533
1,0.524887
1,0.660204
1,0.246469
1,0.278382
1,0.099382
1,0.327851
1,0.438605
1,0.485641
1,0.423534
1,0.574404
1,0.598341
1,0.326313
1,0.603633
1,0.224827
1,0.430909
1,0.702988
1,0.656941
1,0.779875
1,0.512798
1,0.680259
1,0.173815
1,0.760006
1,0.313575
1,0.199052
1,0.353257
1,0.374999
1,0.350033
1,0.330493
1,0.579898
1,0.555111
1,0.248994
1,0.377397
1,0.367617
1,0.800928
1,0.172344
1,0.860558
1,0.276811
1,0.379144
1,0.671373
1,0.33144
1,0.359988
1,0.448731
1,0.476895
1,0.638332
1,0.690132
1,0.790657
1,0.260274
1,0.418702
1,0.519722
1,0.588541
1,0.393424
1,0.424487
1,0.981222
1,0.800156
1,0.423937
1,0.297894
1,0.554209
1,0.893039
1,0.260375
1,0.599976
1,0.689404
1,0.618313
1,0.503259
1,0.708729
1,0.461057
1,0.669723
1,0.854449
1,0.360937
1,0.867526
1,0.601062
1,0.204587
1,0.809606
1,0.546685
1,0.330117
1,0.5465
1,0.373504
1,0.314826
1,0.462633
1,0.559134
1,0.325613
1,0.395977
1,0.742171
1,0.105572
1,0.802882
1,0.503256
1,0.64249
1,0.3335
1,0.559317
1,0.59886
1,0.348563
1,0.598175
1,0.350227
1,0.55314
1,0.550384
1,0.847248
1,0.635239
1,0.592954
1,0.363556
1,0.440293
1,0.662783
1,0.555205
1,0.691164
1,0.639669
1,0.465208
1,0.388789
1,0.773898
1,0.919586
1,0.773693
1,0.87483
1,0.372487
1,0.610166
1,0.742697
1,0.227713
1,0.475247
1,0.548753
1,0.64578
1,0.306037
1,0.277939
1,0.599569
1,0.45409
1,0.530726
1,0.387136
1,0.339967
1,0.345296
1,0.610641
1,0.616312
1,0.515288
1,0.46187
1,0.324994
1,0.590278
1,0.662726
1,0.192279
1,0.142408
1,0.662562
1,0.512887
1,0.920854
1,0.273001
1,0.548391
1,0.66112
1,0.662754
1,0.694446
1,0.841607
1,0.360027
1,0.507432
1,0.644544
1,0.850676
1,0.788748
1,0.655827
1,0.531606
1,0.886022
1,0.318858
1,0.790888
1,0.154256
1,0.154625
1,0.393132
1,0.539258
1,0.547757
1,0.752283
1,0.395654
1,0.490942
1,0.488584
1,0.338956
1,0.26429
1,0.76576
1,0.79375
1,0.364668
1,0.299192
1,0.315895
1,0.617575
1,0.603044
1,0.222792
1,0.334755
1,0.424483
1,0.765761
1,0.306734
1,0.20952
1,0.528638
1,0.480075
1,0.570543
1,0.615084
1,0.633207
1,0.302678
1,0.359021
1,0.148803
1,0.851549
1,0.363869
1,0.344391
1,0.546391
1,0.810394
1,0.469433
1,0.512769
1,0.363598
1,0.853311
1,0.753774
1,0.232715
1,0.888177
1,0.562788
1,0.69468
1,0.798656
1,0.373297
1,0.631726
1,0.449506
1,0.29757
1,0.759964
1,0.419254
1,0.589467
1,0.740217
1,0.596638
1,0.706234
1,0.496931
1,0.750659
1,0.524129
1,0.360191
1,0.708681
1,0.524821
1,0.411048
1,0.673944
1,0.614052
1,0.891406
1,0.410894
1,0.572978
1,0.364788
1,0.64221
1,0.285882
1,0.17436
1,0.398534
1,0.517459
1,0.429036
1,0.41783
1,0.4288
1,0.597451
1,0.775838
1,0.892276
1,0.65314
1,0.101878
1,0.368406
1,0.63221
1,0.433923
1,0.760846
1,0.198723
1,0.396306
1,0.314132
1,0.336286
1,0.57822
1,0.869954
1,0.249178
1,0.426051
1,0.457992
1,0.755472
1,0.891128
1,0.539997
1,0.431928
1,0.57771
1,0.704919
1,0.476362
1,0.639069
1,0.270226
1,0.036353
1,0.445029
1,0.135868
1,0.217581
1,0.479316
1,0.231342
1,0.935478
1,0.372424
1,0.416697
1,0.48142
1,0.677004
1,0.724678
1,0.870815
1,0.260234
1,0.671888
1,0.755419
1,0.771774
1,0.584107
1,0.23129
1,0.552179
1,0.062807
1,0.89417
1,0.611959
1,0.663586
1,0.519503
1,0.727528
1,0.6427
1,0.688492
1,0.365296
1,0.962834
1,0.380394
1,0.570946
1,0.43621
1,0.26407
1,0.501134
1,0.535875
1,0.32519
1,0.39797
1,0.339143
1,0.506299
1,0.690582
1,0.304154
1,0.532916
1,0.133735
1,0.629094
1,0.6534
1,0.477695
1,0.927392
1,0.925204
1,0.667398
1,0.821847
1,0.786525
1,0.340325
1,0.382026
1,0.407953
1,0.489783
1,0.146096
1,0.676282
1,0.279045
1,0.560211
1,0.514566
1,0.421195
1,0.677956
1,0.37155
1,0.269178
1,0.173779
1,0.629199
1,0.327544
1,0.557071
1,0.315241
1,0.465509
1,0.647969
1,0.59432
1,0.374691
1,0.848629
1,0.700607
1,0.808868
1,0.746863
1,0.887635
1,0.578498
1,0.649591
1,0.624016
1,0.230943
1,0.108577
1,0.698653
1,0.498631
1,0.452008
1,0.129341
1,0.472152
1,0.477967
1,0.312921
1,0.205689
1,0.699621
1,0.549764
1,0.111016
1,0.358653
1,0.371559
1,0.459322
1,0.503911
1,0.717008
1,0.580868
1,0.476839
1,0.584475
1,0.56184
1,0.31402
1,0.501043
1,0.582141
1,0.537908
1,0.478722
1,0.312473
1,0.114508
1,0.624492
1,0.840882
1,0.233755
1,0.43739
1,0.49952
1,0.282367
1,0.169053
1,0.26538
1,0.254705
1,0.063249
1,0.39301
1,0.772626
1,0.798966
1,0.221888
1,0.251421
1,0.661324
1,0.201523
1,0.370926
1,0.749471
1,0.407291
1,0.423747
1,0.095285
1,0.407822
1,0.379384
1,0.693903
1,0.469564
1,0.699326
1,0.147308
1,0.408443
1,0.659793
1,0.553515
1,0.579087
1,0.345349
1,0.686401
1,0.373126
1,0.8894
1,0.501284
1,0.562512
1,0.666663
1,0.803372
1,0.591049
1,0.307489
1,0.326179
1,0.664395
1,0.102405
1,0.371875
1,0.365668
1,0.520774
1,0.221674
1,0.359136
1,0.380541
1,0.652242
1,0.867255
1,0.790298
1,0.769715
1,0.411973
1,0.301046
1,0.247008
1,0.522088
1,0.742397
1,0.863315
1,0.167373
1,0.38744
1,0.475222
1,0.58258
1,0.32514
1,0.392603
1,0.114337
1,0.302516
1,0.691341
1,0.266581
1,0.684975
1,0.602135
1,0.373897
1,0.745744
1,0.790408
1,0.152908
1,0.352052
1,0.674189
1,0.343131
1,0.362386
1,0.48965
1,0.120927
1,0.331474
1,0.462074
1,0.377806
1,0.576548
1,0.586552
1,0.225833
1,0.41531
1,0.839681
1,0.621811
1,0.527793
1,0.348343
1,0.708828
1,0.612435
1,0.63619
1,0.581256
1,0.327782
1,0.770942
1,0.456032
1,0.691979
1,0.361406
1,0.642501
1,0.600027
1,0.415813
1,0.562529
1,0.393549
1,0.454372
1,0.482834
1,0.864707
1,0.178654
1,0.744595
1,0.505793
1,0.657168
1,0.35193
1,0.346995
1,0.585558
1,0.727039
1,0.749725
1,0.575919
1,0.410122
1,0.64765
1,0.418325
1,0.754673
1,0.771971
1,0.614929
1,0.38268
1,0.434628
1,0.405345
1,0.188334
1,0.388168
1,0.420973
1,0.206391
1,0.158491
1,0.362482
1,0.38642
1,0.676709
1,0.635232
1,0.363322
1,0.419025
1,0.159373
1,0.341743
1,0.343721
1,0.637076
1,0.367737
1,0.277171
1,0.725077
1,0.396972
1,0.222939
1,0.385277
1,0.183332
1,0.562406
1,0.291905
1,0.601378
1,0.389438
1,0.2895
1,0.569725
1,0.637055
1,0.600492
1,0.472271
1,0.464923
1,0.699707
1,0.49765
1,0.430372
1,0.091316
1,0.658374
1,0.212657
1,0.695269
1,0.690379
1,0.292927
1,0.371155
1,0.560565
1,0.407198
1,0.516493
1,0.895148
1,0.762274
1,0.369248
1,0.86751
1,0.399042
1,0.430546
1,0.756409
1,0.838163
1,0.815258
1,0.333539
1,0.729884
1,0.718621
1,0.66202
1,0.708792
1,0.836239
1,0.542491
1,0.426528
1,0.349925
1,0.20548
1,0.530927
1,0.274281
1,0.84411
1,0.260243
1,0.69596
1,0.383291
1,0.899992
1,0.431392
1,0.505718
1,0.417107
1,0.450005
1,0.389745
1,0.504353
1,0.599402
1,0.66835
1,0.6452
1,0.648271
1,0.316678
1,0.346977
1,0.293844
1,0.225206
1,0.445964
1,0.331707
1,0.508803
1,0.322192
1,0.600187
1,0.553657
1,0.74767
1,0.580271
1,0.875152
1,0.203915
1,0.424687
1,0.199751
1,0.531238
1,0.760836
1,0.759517
1,0.586973
1,0.669831
1,0.401436
1,0.367776
1,0.202342
1,0.466382
1,0.633978
1,0.436876
1,0.304549
1,0.904397
1,0.652497
1,0.442416
1,0.538344
1,0.191159
1,0.390094
1,0.742178
1,0.354872
1,0.463561
1,0.72491
1,0.468822
1,0.445185
1,0.81502
1,0.675554
1,0.644387
1,0.184831
1,0.486336
1,0.228301
1,0.481693
1,0.386452
1,0.441696
1,0.312165
1,0.473652
1,0.334942
1,0.690167
1,0.48366
1,0.5664
1,0.365642
1,0.57001
1,0.255306
1,0.762054
1,0.69661
1,0.379369
1,0.764434
1,0.362188
1,0.652729
1,0.464715
1,0.72651
1,0.708952
1,0.469642
1,0.44264
1,0.569651
1,0.406162
1,0.482391
1,0.672134
1,0.471543
1,0.747452
1,0.552408
1,0.541358
1,0.029966
1,0.600161
1,0.20352
1,0.830503
1,0.692301
1,0.889898
1,0.441719
1,0.548975
1,0.409776
1,0.128764
1,0.577523
1,0.718461
1,0.682522
1,0.819507
1,0.610011
1,0.371358
1,0.691142
1,0.3148
1,0.39714
1,0.800222
1,0.631684
1,0.631742
1,0.543012
1,0.450428
1,0.131009
1,0.282069
1,0.67035
1,0.096793
1,0.535197
1,0.923442
1,0.605929
1,0.731409
1,0.256015
1,0.63195
1,0.385069
1,0.821937
1,0.364949
1,0.3655
1,0.469433
1,0.853668
1,0.439693
1,0.559843
1,0.913817
1,0.6212
1,0.968214
1,0.629278
1,0.583982
1,0.271531
1,0.539621
1,0.247289
1,0.51747
1,0.668698
1,0.510424
1,0.483447
1,0.719614
1,0.544348
1,0.610192
1,0.378875
1,0.111433
1,0.751104
1,0.527087
1,0.289529
1,0.144333
1,0.531371
1,0.10019
1,0.273825
1,0.096164
1,0.367268
1,0.59793
1,0.596704
1,0.661492
1,0.650617
1,0.482051
1,0.507597
1,0.281368
1,0.592222
1,0.532668
1,0.284177
1,0.679137
1,0.744585
1,0.498939
1,0.370835
1,0.283688
1,0.551635
1,0.688857
1,0.614425
1,0.627238
1,0.550746
1,0.569801
1,0.462094
1,0.83674
1,0.376337
1,0.444713
1,0.899763
1,0.362994
1,0.585783
1,0.486268
1,0.317071
1,0.378575
1,0.539387
1,0.243009
1,0.356245
1,0.136232
1,0.672634
1,0.665301
1,0.610049
1,0.219848
1,0.490057
1,0.449997
1,0.668635
1,0.785816
1,0.141206
1,0.03098
1,0.392069
1,0.822743
1,0.854416
1,0.552643
1,0.617471
1,0.327598
1,0.377145
1,0.801427
1,0.744787
1,0.797921
1,0.412592
1,0.605559
1,0.123491
1,0.612217
1,0.693779
1,0.272159
1,0.287924
1,0.17812
1,0.536387
1,0.485798
1,0.139265
1,0.597088
1,0.632022
1,0.836393
1,0.373457
1,0.751408
1,0.777446
1,0.773966
1,0.363074
1,0.575177
1,0.658256
1,0.651125
1,0.593393
1,0.44324
1,0.732531
1,0.635139
1,0.437512
1,0.525415
1,0.639565
1,0.331496
1,0.623095
1,0.268631
1,0.495943
1,0.492169
1,0.52552
1,0.138317
1,0.813111
1,0.051117
1,0.560738
1,0.724972
1,0.554906
1,0.293492
1,0.573111
1,0.590761
1,0.727442
1,0.41574
1,0.71182
1,0.649078
1,0.186565
1,0.442597
1,0.696518
1,0.872654
1,0.605253
1,0.35724
1,0.27516
1,0.715986
1,0.052109
1,0.593911
1,0.719725
1,0.289086
1,0.697838
1,0.563551
1,0.509845
1,0.475964
1,0.639903
1,0.51873
1,0.537583
1,0.467124
1,0.718651
1,0.37307
1,0.555011
1,0.550462
1,0.538531
1,0.930846
1,0.698564
1,0.788726
1,0.483951
1,0.546902
1,0.116236
1,0.234159
1,0.658365
1,0.816716
1,0.906169
1,0.370043
1,0.157684
1,0.688778
1,0.251281
1,0.847399
1,0.676783
1,0.274774
1,0.394019
1,0.641083
1,0.376841
1,0.682999
1,0.488757
1,0.108001
1,0.704193
1,0.683724
1,0.209664
1,0.558669
1,0.262469
1,0.306511
1,0.638111
1,0.337078
1,0.187582
1,0.734763
1,0.151747
1,0.320406
1,0.685534
1,0.830738
1,0.440353
1,0.212131
1,0.34252
1,0.374092
1,0.892368
1,0.592737
1,0.497112
1,0.546394
1,0.475255
1,0.347493
1,0.349436
1,0.660927
1,0.522551
1,0.212347
1,0.166942
1,0.345093
1,0.807292
1,0.285957
1,0.705504
1,0.426977
1,0.509494
1,0.202455
1,0.492937
1,0.430416
1,0.191257
1,0.402022
1,0.563332
1,0.615293
1,0.530053
1,0.472085
1,0.575585
1,0.305441
1,0.48903
1,0.480537
1,0.69022
1,0.783575
1,0.098058
1,0.913824
1,0.442818
1,0.47494
1,0.851063
1,0.642963
1,0.259341
1,0.339013
1,0.631169
1,0.456744
1,0.540857
1,0.901457
1,0.552201
1,0.550386
1,0.549884
1,0.26669
1,0.579932
1,0.644782
1,0.117618
1,0.268352
1,0.543218
1,0.364336
1,0.242921
1,0.86288
1,0.25694
1,0.231731
1,0.824909
1,0.382487
1,0.183149
1,0.40418
1,0.521786
1,0.67581
1,0.848821
1,0.395332
1,0.495685
1,0.93611
1,0.4969
1,0.314383
1,0.280728
1,0.366458
1,0.146281
1,0.393965
1,0.604527
1,0.344074
1,0.317015
1,0.435617
1,0.865254
1,0.285606
1,0.514999
1,0.36319
1,0.380595
1,0.813156
1,0.51443
1,0.391746
1,0.278785
1,0.380148
1,0.39174
1,0.266175
1,0.415826
1,0.854087
1,0.922682
1,0.420109
1,0.864698
1,0.406076
1,0.26229
1,0.449026
1,0.316026
1,0.356211
1,0.711143
1,0.322925
1,0.699011
1,0.367847
1,0.721982
1,0.969107
1,0.564231
1,0.702001
1,0.263364
1,0.425702
1,0.28744
1,0.536282
1,0.688312
1,0.200391
1,0.162288
1,0.703672
1,0.415997
1,0.514952
1,0.425679
1,0.276311
1,0.692543
1,0.7
1,0.543559
1,0.886561
1,0.204941
1,0.522566
1,0.224736
1,0.655186
1,0.495362
1,0.303709
1,0.402631
1,0.625344
1,0.4274
1,0.129084
1,0.560344
1,0.535173
1,0.606925
1,0.542374
1,0.738156
1,0.703726
1,0.523478
1,0.714989
1,0.629166
1,0.220603
1,0.632502
1,0.665347
1,0.708691
1,0.499197
1,0.330867
1,0.203728
1,0.320431
1,0.521094
1,0.87435
1,0.368374
1,0.477377
1,0.64998
1,0.931244
1,0.4785
1,0.451326
1,0.552836
1,0.495957
1,0.867949
1,0.830111
1,0.488978
1,0.353445
1,0.489022
1,0.616315
1,0.304771
1,0.485733
1,0.411418
1,0.940351
1,0.383709
1,0.869853
1,0.789067
1,0.175461
1,0.680893
1,0.711276
1,0.498531
1,0.298367
1,0.933116
1,0.475351
1,0.536824
1,0.446111
1,0.439127
1,0.362176
1,0.315215
1,0.629956
1,0.672014
1,0.489097
1,0.173902
1,0.122908
1,0.583073
1,0.491124
1,0.263774
1,0.528032
1,0.388089
1,0.534439
1,0.466948
1,0.431482
1,0.419189
1,0.649725
1,0.482192
1,0.69757
1,0.150684
1,0.762902
1,0.277782
1,0.663659
1,0.852736
1,0.657682
1,0.475027
1,0.181198
1,0.412943
1,0.52441
1,0.680613
1,0.821573
1,0.391464
1,0.365568
1,0.134975
1,0.596399
1,0.60462
1,0.803993
1,0.64017
1,0.338988
1,0.297649
1,0.424986
1,0.653789
1,0.632125
1,0.590353
1,0.161257
1,0.363279
1,0.45283
1,0.485319
1,0.693655
1,0.873887
1,0.419242
1,0.246417
1,0.205702
1,0.621324
1,0.775035
1,0.378815
1,0.137098
1,0.884227
1,0.262027
1,0.326647
1,0.249306
1,0.356134
1,0.33868
1,0.309878
1,0.386177
1,0.383513
1,0.147217
1,0.811858
1,0.170498
1,0.590313
1,0.662844
1,0.886363
1,0.338618
1,0.642384
1,0.841176
1,0.241131
1,0.732014
1,0.776014
1,0.496313
1,0.126451
1,0.685924
1,0.239071
1,0.575279
1,0.486981
1,0.695866
1,0.575746
1,0.30058
1,0.577783
1,0.879539
1,0.219575
1,0.636357
1,0.669791
1,0.316051
1,0.350222
1,0.79099
1,0.573964
1,0.385605
1,0.295855
1,0.476165
1,0.530066
1,0.53029
1,0.021187
1,0.59972
1,0.701857
1,0.621165
1,0.287526
1,0.329191
1,0.655891
1,0.215314
1,0.459846
1,0.519261
1,0.517079
1,0.170023
1,0.594477
1,0.311135
1,0.455406
1,0.469742
1,0.339064
1,0.370533
1,0.909092
1,0.453829
1,0.714224
1,0.606826
1,0.233059
1,0.674292
1,0.300381
1,0.213432
1,0.40452
1,0.926291
1,0.089077
1,0.441361
1,0.437424
1,0.674717
1,0.575428
1,0.469297
1,0.593898
1,0.445968
1,0.686953
1,0.208819
1,0.631941
1,0.405171
1,0.772306
1,0.650063
1,0.64067
1,0.639373
1,0.341389
1,0.623762
1,0.424598
1,0.414687
1,0.580599
1,0.837422
1,0.227274
1,0.437783
1,0.468769
1,0.101466
1,0.632954
1,0.536485
1,0.437484
1,0.101935
1,0.263604
1,0.414688
1,0.57841
1,0.529618
1,0.593849
1,0.250405
1,0.758194
1,0.522238
1,0.715359
1,0.646062
1,0.395885
1,0.394837
1,0.462283
1,0.523493
1,0.664063
1,0.519363
1,0.31985
1,0.638006
1,0.383475
1,0.583205
1,0.947325
1,0.614454
1,0.468322
1,0.182692
1,0.717392
1,0.870847
1,0.82219
1,0.705194
1,0.302713
1,0.639652
1,0.315374
1,0.328137
1,0.698728
1,0.547087
1,0.594256
1,0.635017
1,0.8232
1,0.441112
1,0.210226
1,0.394192
1,0.723711
1,0.408294
1,0.434247
1,0.918547
1,0.704593
1,0.543507
1,0.55753
1,0.853468
1,0.451799
1,0.198925
1,0.450716
1,0.574878
1,0.852529
1,0.312034
1,0.845751
1,0.526044
1,0.387787
1,0.089325
1,0.50979
1,0.034751
1,0.626971
1,0.596625
1,0.35813
1,0.867942
1,0.891932
1,0.479684
1,0.547958
1,0.7635
1,0.48336
1,0.365215
1,0.541324
1,0.453715
1,0.43246
1,0.328529
1,0.657927
1,0.476493
1,0.554606
1,0.409357
1,0.49835
1,0.31592
1,0.548178
1,0.445328
1,0.464245
1,0.964879
1,0.85337
1,0.538281
1,0.727246
1,0.49548
1,0.712042
1,0.34375
1,0.174673
1,0.443017
1,0.304476
1,0.367377
1,0.729742
1,0.377858
1,0.383182
1,0.109186
1,0.441844
1,0.61677
1,0.805611
1,0.674391
1,0.269504
1,0.341771
1,0.330994
1,0.696159
1,0.475441
1,0.51639
1,0.527666
1,0.349931
1,0.227728
1,0.190486
1,0.290448
1,0.40714
1,0.631959
1,0.585926
1,0.497449
1,0.378464
1,0.698528
1,0.564044
1,0.249999
1,0.581521
1,0.323943
1,0.930712
1,0.558949
1,0.182803
1,0.492786
1,0.126365
1,0.681849
1,0.10196
1,0.270664
1,0.474624
1,0.317486
1,0.589379
1,0.512465
1,0.355901
1,0.732218
1,0.768125
1,0.55497
1,0.272507
1,0.325461
1,0.416497
1,0.694368
1,0.370863
1,0.375353
1,0.145629
1,0.797095
1,0.862577
1,0.746949
1,0.736584
1,0.635367
1,0.204893
1,0.487533
1,0.718612
1,0.109409
1,0.673285
1,0.708318
1,0.847644
1,0.526639
1,0.502022
1,0.812688
1,0.402009
1,0.626934
1,0.42818
1,0.494532
1,0.761154
1,0.422268
1,0.572001
1,0.749404
1,0.11541
1,0.384303
1,0.431123
1,0.298903
1,0.538117
1,0.467775
1,0.55887
1,0.71534
1,0.852356
1,0.195723
1,0.492624
1,0.777316
1,0.491324
1,0.609586
1,0.150592
1,0.347596
1,0.34067
1,0.456501
1,0.541051
1,0.965993
1,0.289418
1,0.327445
1,0.406109
1,0.139771
1,0.601732
1,0.447548
1,0.93892
1,0.118354
1,0.7902
1,0.532818
1,0.431735
1,0.686339
1,0.311634
1,0.72594
1,0.765133
1,0.76114
1,0.535354
1,0.199236
1,0.342512
1,0.723262
1,0.573302
1,0.231243
1,0.923472
1,0.836115
1,0.298236
1,0.331444
1,0.583539
1,0.50474
1,0.351349
1,0.293535
1,0.551944
1,0.635197
1,0.290105
1,0.582033
1,0.306291
1,0.408885
1,0.395899
1,0.398992
1,0.681998
1,0.688239
1,0.29919
1,0.256561
1,0.336008
1,0.726064
1,0.597898
1,0.84148
1,0.651366
1,0.553367
1,0.469987
1,0.23234
1,0.339457
1,0.83334
1,0.435959
1,0.49384
1,0.615297
1,0.577095
1,0.315655
1,0.246085
1,0.539992
1,0.605247
1,0.625516
1,0.168515
1,0.545702
1,0.349983
1,0.414261
1,0.470068
1,0.154347
1,0.314698
1,0.422824
1,0.041474
1,0.461252
1,0.352205
1,0.484581
1,0.580072
1,0.636385
1,0.695667
1,0.7156
1,0.686408
1,0.899484
1,0.392901
1,0.509579
1,0.596051
1,0.390107
1,0.588087
1,0.21824
1,0.495159
1,0.336982
1,0.892185
1,0.854059
1,0.559427
1,0.378944
1,0.926481
1,0.553403
1,0.463327
1,0.563741
1,0.37558
1,0.440146
1,0.611536
1,0.372021
1,0.862923
1,0.492594
1,0.660272
1,0.667724
1,0.534931
1,0.413354
1,0.717819
1,0.354733
1,0.671013
1,0.304973
1,0.705492
1,0.533134
1,0.302612
1,0.612275
1,0.994726
1,0.433997
1,0.278724
1,0.139625
1,0.355789
1,0.291236
1,0.385198
1,0.179357
1,0.146361
1,0.573356
1,0.720961
1,0.579396
1,0.272059
1,0.247009
1,0.311024
1,0.255096
1,0.500685
1,0.429972
1,0.311847
1,0.600502
1,0.710165
1,0.415384
1,0.66442
1,0.375711
1,0.563144
1,0.287475
1,0.288508
1,0.751751
1,0.730965
1,0.400285
1,0.428572
1,0.140168
1,0.383661
1,0.344373
1,0.467816
1,0.577517
1,0.316465
1,0.500425
1,0.867261
1,0.383075
1,0.566327
1,0.275065
1,0.512833
1,0.765182
1,0.794047
1,0.510477
1,0.628495
1,0.621997
1,0.233659
1,0.391211
1,0.171435
1,0.883123
1,0.627034
1,0.557488
1,0.505213
1,0.539458
1,0.440015
1,0.200056
1,0.152203
1,0.889422
1,0.57103
1,0.331406
1,0.28362
1,0.636467
1,0.773451
1,0.575105
1,0.692876
1,0.881774
1,0.385429
1,0.560385
1,0.285962
1,0.622598
1,0.752467
1,0.590792
1,0.111893
1,0.169545
1,0.491398
1,0.517798
1,0.763669
1,0.343633
1,0.305172
1,0.286336
1,0.217698
1,0.613348
1,0.527422
1,0.408536
1,0.449031
1,0.851735
1,0.5624
1,0.699722
1,0.416916
1,0.716906
1,0.487048
1,0.418972
1,0.537474
1,0.436531
1,0.628605
1,0.232001
1,0.699445
1,0.630346
1,0.872673
1,0.362539
1,0.500766
1,0.50914
1,0.39555
1,0.150546
1,0.473113
1,0.159134
1,0.825982
1,0.161738
1,0.208059
1,0.292883
1,0.383818
1,0.489099
1,0.543424
1,0.640022
1,0.286471
1,0.267309
1,0.677382
1,0.379094
1,0.370915
1,0.343688
1,0.566039
1,0.576814
1,0.761502
1,0.566441
1,0.594636
1,0.45752
1,0.264642
1,0.576326
1,0.92642
1,0.085599
1,0.374043
1,0.553506
1,0.333697
1,0.413075
1,0.429342
1,0.361009
1,0.527834
1,0.522858
1,0.269864
1,0.707215
1,0.584344
1,0.453836
1,0.306098
1,0.533446
1,0.808335
1,0.633167
1,0.879021
1,0.47757
1,0.191476
1,0.316244
1,0.825556
1,0.231089
1,0.547789
1,0.503732
1,0.494486
1,0.168169
1,0.862076
1,0.532356
1,0.598964
1,0.377822
1,0.638359
1,0.295399
1,0.736074
1,0.654299
1,0.46273
1,0.781333
1,0.138425
1,0.366665
1,0.364222
1,0.023616
1,0.562341
1,0.655056
1,0.436443
1,0.672375
1,0.234351
1,0.168213
1,0.608966
1,0.582943
1,0.693245
1,0.616075
1,0.461306
1,0.494086
1,0.050136
1,0.557275
1,0.743503
1,0.383557
1,0.315174
1,0.530753
1,0.245331
1,0.449193
1,0.386802
1,0.4129
1,0.36223
1,0.311927
1,0.870535
1,0.432849
1,0.598377
1,0.150788
1,0.304789
1,0.197284
1,0.561137
1,0.522468
1,0.386291
1,0.628831
1,0.520143
1,0.64676
1,0.723105
1,0.225042
1,0.643028
1,0.814172
1,0.861137
1,0.40691
1,0.487531
1,0.306726
1,0.078455
1,0.59313
1,0.452618
1,0.362699
1,0.128133
1,0.282174
1,0.307772
1,0.779458
1,0.908957
1,0.160403
1,0.70591
1,0.616982
1,0.838473
1,0.23096
1,0.723153
1,0.301673
1,0.721918
1,0.870294
1,0.196235
1,0.304382
1,0.672136
1,0.587191
1,0.826006
1,0.733443
1,0.479887
1,0.673254
1,0.532294
1,0.870695
1,0.784693
1,0.737343
1,0.628732
1,0.449373
1,0.668139
1,0.342987
1,0.47056
1,0.385207
1,0.872016
1,0.682323
1,0.825689
1,0.729992
1,0.668208
1,0.533563
1,0.439297
1,0.393727
1,0.78552
1,0.259785
1,0.186599
1,0.243091
1,0.324535
1,0.070333
1,0.767923
1,0.797201
1,0.594243
1,0.481031
1,0.081069
1,0.579507
1,0.977805
1,0.327244
1,0.499396
1,0.578331
1,0.440343
1,0.616882
1,0.57665
1,0.723807
1,0.592547
1,0.128512
1,0.783736
1,0.820341
1,0.562204
1,0.644456
1,0.493402
1,0.435349
1,0.574846
1,0.271317
1,0.378121
1,0.083603
1,0.593712
1,0.371783
1,0.465976
1,0.546257
1,0.225882
1,0.474112
1,0.498707
1,0.573161
1,0.474874
1,0.363819
1,0.584616
1,0.678462
1,0.866792
1,0.15896
1,0.58964
1,0.316052
1,0.747545
1,0.399557
1,0.533026
1,0.128125
1,0.587626
1,0.270945
1,0.523868
1,0.296278
1,0.503697
1,0.704926
1,0.810411
1,0.356035
1,0.373304
1,0.375094
1,0.687439
1,0.097903
1,0.839644
1,0.575442
1,0.302097
1,0.564378
1,0.38581
1,0.327816
1,0.415764
1,0.230036
1,0.720636
1,0.246071
1,0.316954
1,0.370727
1,0.426996
1,0.894745
1,0.347199
1,0.591095
1,0.5722
1,0.434711
1,0.516028
1,0.348392
1,0.443748
1,0.589945
1,0.570237
1,0.287054
1,0.236362
1,0.639282
1,0.305991
1,0.347933
1,0.445226
1,0.622796
1,0.431387
1,0.325806
1,0.139722
1,0.253892
1,0.654455
1,0.246749
1,0.653449
1,0.41698
1,0.796044
1,0.545343
1,0.444959
1,0.31195
1,0.024834
1,0.269043
1,0.62797
1,0.757481
1,0.477311
1,0.533601
1,0.551584
1,0.872569
1,0.611298
1,0.48231
1,0.266193
1,0.502235
1,0.486594
1,0.636888
1,0.361816
1,0.327957
1,0.666195
1,0.502936
1,0.117851
1,0.743346
1,0.443499
1,0.747516
1,0.23947
1,0.5907
1,0.873702
1,0.495323
1,0.883516
1,0.320143
1,0.511211
1,0.675798
1,0.161677
1,0.637303
1,0.456337
1,0.897413
1,0.705843
1,0.345401
1,0.454235
1,0.456794
1,0.339758
1,0.539127
1,0.515592
1,0.604647
1,0.850142
1,0.404596
1,0.454786
1,0.229909
1,0.560439
1,0.396008
1,0.641716
1,0.580217
1,0.706903
1,0.839068
1,0.416833
1,0.521973
1,0.667166
1,0.411902
1,0.704698
1,0.296572
1,0.821718
1,0.459776
1,0.649059
1,0.678842
1,0.654537
1,0.118336
1,0.498496
1,0.230573
1,0.242362
1,0.777609
1,0.554353
1,0.275617
1,0.401481
1,0.814517
1,0.460711
1,0.466541
1,0.685954
1,0.566671
1,0.08331
1,0.588675
1,0.629934
1,0.423512
1,0.25156
1,0.253741
1,0.633801
1,0.70572
1,0.637262
1,0.540766
1,0.525696
1,0.217893
1,0.45661
1,0.363022
1,0.42965
1,0.343531
1,0.662632
1,0.870851
1,0.176149
1,0.308232
1,0.526664
1,0.737561
1,0.236018
1,0.236993
1,0.080494
1,0.6403
1,0.351058
1,0.568653
1,0.85032
1,0.629421
1,0.444182
1,0.084128
1,0.489304
1,0.436996
1,0.701228
1,0.418364
1,0.574876
1,0.266071
1,0.67403
1,0.606769
1,0.119975
1,0.509702
1,0.29828
1,0.055685
1,0.726851
1,0.676932
1,0.799369
1,0.730953
1,0.360279
1,0.796117
1,0.359922
1,0.476258
1,0.581018
1,0.521094
1,0.439962
1,0.671035
1,0.674761
1,0.34156
1,0.71352
1,0.425858
1,0.374608
1,0.90544
1,0.864978
1,0.113767
1,0.627856
1,0.400091
1,0.54354
1,0.266634
1,0.249733
1,0.80799
1,0.758291
1,0.545013
1,0.413423
1,0.68999
1,0.097188
1,0.615797
1,0.855726
1,0.284041
1,0.894399
1,0.635595
1,0.718384
1,0.737347
1,0.308213
1,0.54495
1,0.337385
1,0.308974
1,0.829217
1,0.109051
1,0.548056
1,0.479881
1,0.407076
1,0.614491
1,0.169216
1,0.655376
1,0.62127
1,0.476928
1,0.434964
1,0.208552
1,0.094357
1,0.519981
1,0.57916
1,0.615779
1,0.353369
1,0.519495
1,0.341535
1,0.353252
1,0.426651
1,0.665322
1,0.471553
1,0.103746
1,0.323726
1,0.938414
1,0.537807
1,0.717417
1,0.710952
1,0.786369
1,0.698774
1,0.591206
1,0.931769
1,0.450803
1,0.517657
1,0.334215
1,0.420882
1,0.434242
1,0.571549
1,0.629764
1,0.353759
1,0.342902
1,0.332058
1,0.562418
1,0.642656
1,0.697985
1,0.627967
1,0.301737
1,0.086643
1,0.591914
1,0.373966
1,0.650309
1,0.373115
1,0.696461
1,0.386512
1,0.56911
1,0.590993
1,0.211916
1,0.753591
1,0.773697
1,0.287781
1,0.8775
1,0.379552
1,0.575079
1,0.607586
1,0.755177
1,0.873129
1,0.357308
1,0.754782
1,0.344677
1,0.884199
1,0.390361
1,0.282812
1,0.112444
1,0.124985
1,0.227054
1,0.487651
1,0.48147
1,0.639259
1,0.724535
1,0.445561
1,0.538039
1,0.63205
1,0.101489
1,0.329998
1,0.052608
1,0.140599
1,0.735958
1,0.740022
1,0.699572
1,0.252204
1,0.401458
1,0.287371
1,0.512734
1,0.561684
1,0.578845
1,0.272867
1,0.33742
1,0.591566
1,0.730626
1,0.22147
1,0.088355
1,0.440835
1,0.733953
1,0.527722
1,0.870933
1,0.357209
1,0.784359
1,0.331382
1,0.57369
1,0.540236
1,0.671472
1,0.011277
1,0.767785
1,0.298343
1,0.612214
1,0.530187
1,0.663346
1,0.448599
1,0.646859
1,0.280805
1,0.908877
1,0.696294
1,0.626548
1,0.421904
1,0.247657
1,0.548588
1,0.678639
1,0.325687
1,0.521982
1,0.307431
1,0.555145
1,0.789183
1,0.31633
1,0.803696
1,0.833734
1,0.285531
1,0.210627
1,0.39437
1,0.542419
1,0.711343
1,0.327735
1,0.155859
1,0.267377
1,0.692959
1,0.703505
1,0.680766
1,0.761363
1,0.579369
1,0.172456
1,0.498417
1,0.777316
1,0.599293
1,0.549212
1,0.53697
1,0.513316
1,0.474882
1,0.429656
1,0.490217
1,0.689927
1,0.382764
1,0.738382
1,0.276901
1,0.443062
1,0.562486
1,0.665044
1,0.15572
1,0.675728
1,0.577317
1,0.318445
1,0.574606
1,0.584036
1,0.322354
1,0.284436
1,0.509391
1,0.607544
1,0.71151
1,0.764399
1,0.390192
1,0.292827
1,0.326294
1,0.844738
1,0.541055
1,0.261023
1,0.38724
1,0.756694
1,0.711407
1,0.520016
1,0.55249
1,0.318556
1,0.514397
1,0.807731
1,0.41915
1,0.284304
1,0.658913
1,0.250019
1,0.312125
1,0.498397
1,0.590606
1,0.400533
1,0.183583
1,0.613124
1,0.236331
1,0.451195
1,0.318315
1,0.746143
1,0.447139
1,0.584314
1,0.2851
1,0.347613
1,0.477281
1,0.220886
1,0.912624
1,0.560415
1,0.21952
1,0.542366
1,0.394259
1,0.60504
1,0.463269
1,0.418027
1,0.387615
1,0.718109
1,0.343767
1,0.338175
1,0.409105
1,0.12342
1,0.54516
1,0.614774
1,0.487044
1,0.301731
1,0.558804
1,0.632174
1,0.639499
1,0.386339
1,0.367031
1,0.363152
1,0.569306
1,0.85834
1,0.240586
1,0.401527
1,0.429836
1,0.221443
1,0.497692
1,0.933108
1,0.50764
1,0.349837
1,0.269409
1,0.317299
1,0.412997
1,0.536718
1,0.522572
1,0.46824
1,0.478254
1,0.453221
1,0.651795
1,0.106928
1,0.623381
1,0.714371
1,0.552758
1,0.70623
1,0.554023
1,0.162135
1,0.615905
1,0.524148
1,0.291574
1,0.632303
1,0.390975
1,0.407838
1,0.518042
1,0.288096
1,0.222163
1,0.372455
1,0.785875
1,0.921546
1,0.70363
1,0.211169
1,0.330208
1,0.534117
1,0.260803
1,0.342714
1,0.404753
1,0.432021
1,0.433755
1,0.315522
1,0.409157
1,0.484122
1,0.423555
1,0.659209
1,0.16652
1,0.67355
1,0.323471
1,0.767615
1,0.481637
1,0.921039
1,0.3485
1,0.758614
1,0.44412
1,0.56972
1,0.538601
1,0.634888
1,0.460043
1,0.4801
1,0.422876
1,0.11842
1,0.252126
1,0.787588
1,0.336547
1,0.585313
1,0.74726
1,0.377764
1,0.536069
1,0.22413
1,0.712059
1,0.365801
1,0.889021
1,0.674828
1,0.46942
1,0.188941
1,0.629047
1,0.525531
1,0.303088
1,0.865809
1,0.881031
1,0.354399
1,0.708659
1,0.205965
1,0.524998
1,0.307054
1,0.340323
1,0.516388
1,0.408524
1,0.238879
1,0.577488
1,0.379893
1,0.388286
1,0.68449
1,0.540739
1,0.635666
1,0.53679
1,0.131717
1,0.311425
1,0.305501
1,0.941234
1,0.186122
1,0.071823
1,0.478505
1,0.178879
1,0.235319
1,0.122971
1,0.417936
1,0.599685
1,0.683227
1,0.666163
1,0.132599
1,0.535083
1,0.475397
1,0.074991
1,0.61796
1,0.603429
1,0.072033
1,0.890055
1,0.121849
1,0.505256
1,0.653602
1,0.437323
1,0.367046
1,0.08345
1,0.737443
1,0.433291
1,0.475996
1,0.323058
1,0.154206
1,0.717452
1,0.33438
1,0.326162
1,0.282796
1,0.566385
1,0.458171
1,0.374993
1,0.95233
1,0.686443
1,0.435726
1,0.379354
1,0.734043
1,0.176315
1,0.332837
1,0.823951
1,0.523061
1,0.242737
1,0.652913
1,0.361386
1,0.254758
1,0.613733
1,0.43902
1,0.689594
1,0.94706
1,0.50362
1,0.870808
1,0.367092
1,0.803209
1,0.311464
1,0.473317
1,0.842817
1,0.517256
1,0.314099
1,0.525106
1,0.311136
1,0.574212
1,0.237326
1,0.566619
1,0.691281
1,0.272609
1,0.86855
1,0.32751
1,0.409877
1,0.48533
1,0.506862
1,0.292151
1,0.621886
1,0.390909
1,0.338088
1,0.420015
1,0.471083
1,0.345785
1,0.438698
1,0.585
1,0.514933
1,0.82569
1,0.510543
1,0.555807
1,0.294598
1,0.371008
1,0.614041
1,0.152747
1,0.531656
1,0.196723
1,0.826453
1,0.59895
1,0.161222
1,0.661149
1,0.224662
1,0.626054
1,0.554718
1,0.470957
1,0.625071
1,0.386024
1,0.020603
1,0.341023
1,0.678309
1,0.548428
1,0.425049
1,0.258441
1,0.47058
1,0.093289
1,0.906776
1,0.518184
1,0.270449
1,0.595248
1,0.692475
1,0.826016
1,0.37396
1,0.353263
1,0.091411
1,0.427084
1,0.25799
1,0.692423
1,0.383633
1,0.48199
1,0.94729
1,0.492833
1,0.910957
1,0.1357
1,0.873579
1,0.249633
1,0.140679
1,0.846952
1,0.655277
1,0.638483
1,0.33034
1,0.680929
1,0.844018
1,0.419161
1,0.355926
1,0.489591
1,0.71469
1,0.719857
1,0.587628
1,0.517858
1,0.180866
1,0.347687
1,0.556526
1,0.340247
1,0.607304
1,0.829823
1,0.512928
1,0.315524
1,0.484076
1,0.389678
1,0.22059
1,0.538294
1,0.575126
1,0.337633
1,0.169697
1,0.45025
1,0.941779
1,0.038788
1,0.231156
1,0.436258
1,0.412336
1,0.490802
1,0.372874
1,0.167074
1,0.830443
1,0.0533
1,0.612889
1,0.95261
1,0.704909
1,0.396316
1,0.384904
1,0.826739
1,0.18021
1,0.582969
1,0.234381
1,0.360044
1,0.642398
1,0.64057
1,0.491181
1,0.346457
1,0.699137
1,0.664888
1,0.464939
1,0.655396
1,0.392331
1,0.141828
1,0.779483
1,0.720588
1,0.729957
1,0.625193
1,0.253911
1,0.733412
1,0.434998
1,0.261863
1,0.978607
1,0.153055
1,0.460178
1,0.400999
1,0.779167
1,0.33537
1,0.639223
1,0.834306
1,0.284992
1,0.791239
1,0.598603
1,0.568858
1,0.399131
1,0.567577
1,0.632576
1,0.283367
1,0.729826
1,0.431859
1,0.312956
1,0.852889
1,0.534588
1,0.388576
1,0.145122
1,0.441749
1,0.615552
1,0.892691
1,0.857773
1,0.414392
1,0.282506
1,0.500547
1,0.589569
1,0.690581
1,0.699324
1,0.629601
1,0.652411
1,0.707579
1,0.399052
1,0.801044
1,0.794857
1,0.45303
1,0.633221
1,0.613977
1,0.450786
1,0.407752
1,0.551813
1,0.661002
1,0.353574
1,0.247444
1,0.721776
1,0.396161
1,0.108231
1,0.400132
1,0.697605
1,0.523096
1,0.634439
1,0.728637
1,0.267173
1,0.26135
1,0.400621
1,0.673523
1,0.127069
1,0.128218
1,0.489146
1,0.460985
1,0.371112
1,0.34522
1,0.752688
1,0.773167
1,0.451061
1,0.687905
1,0.549255
1,0.193794
1,0.309343
1,0.404397
1,0.250228
1,0.259238
1,0.251196
1,0.406726
1,0.545929
1,0.261891
1,0.64346
1,0.435932
1,0.506716
1,0.208761
1,0.612176
1,0.383354
1,0.53734
1,0.574284
1,0.39363
1,0.518844
1,0.561064
1,0.106314
1,0.437919
1,0.490747
1,0.515245
1,0.174445
1,0.727881
1,0.542148
1,0.530466
1,0.26312
1,0.604144
1,0.149056
1,0.360051
1,0.252336
1,0.137408
1,0.507777
1,0.45811
1,0.597426
1,0.387822
1,0.635348
1,0.158349
1,0.501731
1,0.474303
1,0.517057
1,0.492981
1,0.484633
1,0.215637
1,0.848738
1,0.585543
1,0.535282
1,0.557167
1,0.37292
1,0.76837
1,0.453943
1,0.357486
1,0.467364
1,0.664101
1,0.802165
1,0.453545
1,0.617839
1,0.106156
1,0.225553
1,0.716165
1,0.561857
1,0.378401
1,0.436157
1,0.345799
1,0.087602
1,0.63526
1,0.418007
1,0.781395
1,0.496834
1,0.560008
1,0.583651
1,0.317035
1,0.317947
1,0.575895
1,0.348272
1,0.312132
1,0.59636
1,0.637313
1,0.495932
1,0.857293
1,0.54208
1,0.755946
1,0.517961
1,0.624987
1,0.274121
1,0.395909
1,0.419099
1,0.6599
1,0.628117
1,0.695131
1,0.572169
1,0.744294
1,0.416067
1,0.405448
1,0.991303
1,0.286153
1,0.612595
1,0.475561
1,0.623646
1,0.380226
1,0.573834
1,0.4294
1,0.542566
1,0.711134
1,0.471003
1,0.607333
1,0.296463
1,0.784923
1,0.316909
1,0.223086
1,0.583198
1,0.383102
1,0.634563
1,0.379438
1,0.665897
1,0.34701
1,0.497071
1,0.1198
1,0.358813
1,0.751499
1,0.874093
1,0.63291
1,0.492771
1,0.590942
1,0.699165
1,0.448053
1,0.661623
1,0.606142
1,0.440312
1,0.393575
1,0.726495
1,0.957548
1,0.310907
1,0.568627
1,0.643467
1,0.258578
1,0.450175
1,0.767813
1,0.285663
1,0.585637
1,0.133222
1,0.79267
1,0.490747
1,0.855149
1,0.445008
1,0.557686
1,0.600929
1,0.728663
1,0.432956
1,0.671687
1,0.229029
1,0.482078
1,0.220932
1,0.141626
1,0.726086
1,0.661226
1,0.333455
1,0.272989
1,0.558632
1,0.27692
1,0.316905
1,0.693734
1,0.410182
1,0.678901
1,0.570433
1,0.545156
1,0.105614
1,0.203456
1,0.706668
1,0.345265
1,0.451751
1,0.465461
1,0.978107
1,0.643868
1,0.665494
1,0.687195
1,0.726905
1,0.391236
1,0.405038
1,0.637972
1,0.409783
1,0.10877
1,0.495942
1,0.350322
1,0.088368
1,0.034816
1,0.50705
1,0.439834
1,0.858564
1,0.485465
1,0.501458
1,0.677567
1,0.81514
1,0.274617
1,0.702542
1,0.142577
1,0.505726
1,0.415024
1,0.524521
1,0.571888
1,0.23251
1,0.647192
1,0.425404
1,0.487281
1,0.360561
1,0.462629
1,0.579485
1,0.401434
1,0.419975
1,0.323557
1,0.695354
1,0.562954
1,0.414228
1,0.624454
1,0.782986
1,0.153445
1,0.287719
1,0.251656
1,0.275677
1,0.151602
1,0.428909
1,0.397443
1,0.594155
1,0.478995
1,0.286258
1,0.529447
1,0.536692
1,0.632445
1,0.183586
1,0.388628
1,0.437819
1,0.661306
1,0.128749
1,0.623014
1,0.75179
1,0.50706
1,0.261171
1,0.155178
1,0.336689
1,0.741752
1,0.388492
1,0.879336
1,0.585102
1,0.491797
1,0.48333
1,0.79831
1,0.314099
1,0.668874
1,0.326318
1,0.370342
1,0.31399
1,0.078087
1,0.487722
1,0.503695
1,0.519037
1,0.267106
1,0.20246
1,0.565874
1,0.567735
1,0.651703
1,0.277455
1,0.242748
1,0.793705
1,0.64792
1,0.590001
1,0.492217
1,0.664133
1,0.601658
1,0.720716
1,0.390296
1,0.76091
1,0.331153
1,0.696721
1,0.233746
1,0.331837
1,0.4514
1,0.434642
1,0.229648
1,0.772271
1,0.151199
1,0.844692
1,0.704761
1,0.053128
1,0.828326
1,0.773734
1,0.271901
1,0.491381
1,0.318745
1,0.883674
1,0.523874
1,0.376557
1,0.48819
1,0.183825
1,0.352806
1,0.651644
1,0.282712
1,0.788037
1,0.118655
1,0.544422
1,0.493853
1,0.351386
1,0.461421
1,0.676126
1,0.750193
1,0.443899
1,0.735454
1,0.730731
1,0.344035
1,0.538919
1,0.353226
1,0.223443
1,0.649496
1,0.387946
1,0.427429
1,0.665948
1,0.302897
1,0.350533
1,0.360868
1,0.464179
1,0.19168
1,0.752591
1,0.177828
1,0.427676
1,0.606656
1,0.681079
1,0.473397
1,0.437029
1,0.640781
1,0.421225
1,0.153928
1,0.554295
1,0.112857
1,0.347143
1,0.508536
1,0.645056
1,0.853628
1,0.295992
1,0.257789
1,0.035526
1,0.335367
1,0.831994
1,0.819103
1,0.660393
1,0.339609
1,0.119213
1,0.616543
1,0.646198
1,0.670918
1,0.912915
1,0.509044
1,0.929561
1,0.53924
1,0.91606
1,0.710039
1,0.800269
1,0.615166
1,0.753669
1,0.466501
1,0.567149
1,0.68091
1,0.76701
1,0.599402
1,0.696918
1,0.197541
1,0.839781
1,0.935054
1,0.376369
1,0.434878
1,0.703193
1,0.269905
1,0.768463
1,0.3927
1,0.708015
1,0.706145
1,0.87648
1,0.261331
1,0.838063
1,0.833243
1,0.14232
1,0.571323
1,0.322004
1,0.610692
1,0.652944
1,0.73343
1,0.459862
1,0.631883
1,0.09681
1,0.3435
1,0.654875
1,0.247625
1,0.941442
1,0.651453
1,0.56476
1,0.820793
1,0.214762
1,0.358831
1,0.599906
1,0.525655
1,0.346603
1,0.342098
1,0.101073
1,0.310342
1,0.494903
1,0.506523
1,0.156031
1,0.407976
1,0.860709
1,0.6144
1,0.701606
1,0.556711
1,0.500891
1,0.820871
1,0.952522
1,0.327486
1,0.468979
1,0.708866
1,0.44535
1,0.367062
1,0.433549
1,0.312954
1,0.764443
1,0.502915
1,0.510316
1,0.576558
1,0.17178
1,0.624153
1,0.467567
1,0.57488
1,0.317934
1,0.414466
1,0.565305
1,0.528659
1,0.3797
1,0.570329
1,0.5763
1,0.155454
1,0.31012
1,0.273874
1,0.288144
1,0.215939
1,0.237479
1,0.275189
1,0.730219
1,0.270204
1,0.379958
1,0.32113
1,0.642895
1,0.360376
1,0.639469
1,0.863588
1,0.680756
1,0.504577
1,0.389403
1,0.532032
1,0.679144
1,0.314669
1,0.223046
1,0.353174
1,0.279166
1,0.245875
1,0.269321
1,0.183169
1,0.046454
1,0.884936
1,0.330845
1,0.306535
1,0.300282
1,0.590381
1,0.413562
1,0.706408
1,0.756544
1,0.594027
1,0.40695
1,0.167143
1,0.272515
1,0.828003
1,0.429978
1,0.632997
1,0.672822
1,0.362678
1,0.662697
1,0.138754
1,0.394754
1,0.272767
1,0.425835
1,0.300402
1,0.88527
1,0.723369
1,0.617355
1,0.443991
1,0.37398
1,0.824677
1,0.262477
1,0.667098
1,0.391563
1,0.5509
1,0.847397
1,0.247491
1,0.843529
1,0.830186
1,0.668817
1,0.245637
1,0.306825
1,0.30342
1,0.61482
1,0.381122
1,0.146509
1,0.148241
1,0.566025
1,0.410097
1,0.391048
1,0.481101
1,0.636417
1,0.574182
1,0.19921
1,0.656467
1,0.881241
1,0.349412
1,0.705536
1,0.618144
1,0.712796
1,0.247337
1,0.455093
1,0.54685
1,0.768182
1,0.315436
1,0.143463
1,0.602927
1,0.097811
1,0.582521
1,0.410431
1,0.920403
1,0.483328
1,0.729163
1,0.706645
1,0.42086
1,0.6626
1,0.405532
1,0.274524
1,0.739043
1,0.380013
1,0.633677
1,0.833835
1,0.513373
1,0.869444
1,0.579166
1,0.523152
1,0.28124
1,0.179641
1,0.471808
1,0.490736
1,0.566854
1,0.074463
1,0.327928
1,0.877738
1,0.57361
1,0.424319
1,0.342094
1,0.458907
1,0.252293
1,0.255413
1,0.333757
1,0.513021
1,0.386776
1,0.487533
1,0.392766
1,0.701915
1,0.655255
1,0.322032
1,0.129803
1,0.167732
1,0.637294
1,0.306974
1,0.298443
1,0.772553
1,0.551521
1,0.760908
1,0.167549
1,0.566223
1,0.221636
1,0.418716
1,0.622009
1,0.539577
1,0.515968
1,0.53317
1,0.689699
1,0.36868
1,0.532875
1,0.278768
1,0.843731
1,0.130728
1,0.569651
1,0.32311
1,0.800662
1,0.634042
1,0.061109
1,0.44029
1,0.679549
1,0.620138
1,0.314219
1,0.348211
1,0.129297
1,0.382968
1,0.799722
1,0.389187
1,0.354742
1,0.437125
1,0.704232
1,0.66885
1,0.279062
1,0.576986
1,0.827897
1,0.474093
1,0.585959
1,0.424243
1,0.330111
1,0.385807
1,0.61385
1,0.271388
1,0.840712
1,0.123233
1,0.517392
1,0.216361
1,0.619865
1,0.504832
1,0.460591
1,0.933353
1,0.387841
1,0.455847
1,0.391599
1,0.467816
1,0.562388
1,0.672579
1,0.313519
1,0.30406
1,0.206317
1,0.147063
1,0.310132
1,0.367955
1,0.031215
1,0.809805
1,0.401647
1,0.454521
1,0.433649
1,0.64453
1,0.325008
1,0.838978
1,0.560899
1,0.316727
1,0.607603
1,0.362506
1,0.184446
1,0.617274
1,0.654626
1,0.159632
1,0.613948
1,0.19726
1,0.615496
1,0.55615
1,0.35904
1,0.855637
1,0.326936
1,0.306163
1,0.555597
1,0.673515
1,0.594076
1,0.277053
1,0.736408
1,0.2897
1,0.719339
1,0.294439
1,0.259886
1,0.925994
1,0.11134
1,0.346745
1,0.816565
1,0.362272
1,0.347606
1,0.46857
1,0.298657
1,0.422027
1,0.477141
1,0.622297
1,0.834456
1,0.287141
1,0.521684
1,0.274928
1,0.812764
1,0.39663
1,0.606652
1,0.46465
1,0.252251
1,0.425175
1,0.297724
1,0.390052
1,0.270907
1,0.590948
1,0.335523
1,0.296484
1,0.260721
1,0.614516
1,0.551607
1,0.569307
1,0.704329
1,0.402352
1,0.928824
1,0.268213
1,0.723053
1,0.701668
1,0.759963
1,0.456861
1,0.215764
1,0.56208
1,0.463095
1,0.660699
1,0.532534
1,0.421989
1,0.576246
1,0.399496
1,0.756114
1,0.497601
1,0.622528
1,0.648176
1,0.107175
1,0.674104
1,0.444816
1,0.274785
1,0.087811
1,0.773667
1,0.613404
1,0.829552
1,0.314607
1,0.319606
1,0.103459
1,0.579989
1,0.560883
1,0.378335
1,0.210486
1,0.41686
1,0.365803
1,0.12479
1,0.462927
1,0.657352
1,0.395176
1,0.841603
1,0.541214
1,0.165897
1,0.09673
1,0.713461
1,0.43971
1,0.527872
1,0.651986
1,0.564215
1,0.51316
1,0.758969
1,0.745275
1,0.462609
1,0.179836
1,0.885263
1,0.068991
1,0.186906
1,0.052929
1,0.786964
1,0.221385
1,0.633728
1,0.623532
1,0.558343
1,0.201009
1,0.107918
1,0.692845
1,0.787641
1,0.680115
1,0.43941
1,0.538157
1,0.415795
1,0.815505
1,0.711309
1,0.508743
1,0.294036
1,0.722499
1,0.155026
1,0.495243
1,0.446345
1,0.587446
1,0.536862
1,0.613161
1,0.383686
1,0.6797
1,0.54714
1,0.488288
1,0.804643
1,0.46627
1,0.79913
1,0.332053
1,0.759014
1,0.621493
1,0.591542
1,0.349878
1,0.425841
1,0.682357
1,0.705416
1,0.366714
1,0.321388
1,0.770395
1,0.235609
1,0.037737
1,0.1478
1,0.292835
1,0.525169
1,0.558297
1,0.532031
1,0.306427
1,0.687014
1,0.413306
1,0.693702
1,0.246217
1,0.67936
1,0.32419
1,0.474722
1,0.455581
1,0.546561
1,0.608486
1,0.62386
1,0.26604
1,0.307396
1,0.18181
1,0.738074
1,0.312712
1,0.364868
1,0.964351
1,0.34981
1,0.687433
1,0.507751
1,0.798158
1,0.249825
1,0.695415
1,0.384653
1,0.277086
1,0.587207
1,0.371497
1,0.644149
1,0.524236
1,0.410212
1,0.513712
1,0.41386
1,0.65662
1,0.515585
1,0.080461
1,0.127402
1,0.51598
1,0.46799
1,0.701679
1,0.577738
1,0.30572
1,0.223815
1,0.500316
1,0.618413
1,0.412347
1,0.687615
1,0.423775
1,0.399674
1,0.632499
1,0.094964
1,0.500561
1,0.436393
1,0.363834
1,0.797393
1,0.63357
1,0.585805
1,0.231726
1,0.850135
1,0.610348
1,0.215912
1,0.17645
1,0.045587
1,0.76248
1,0.480943
1,0.358819
1,0.316108
1,0.485105
1,0.248462
1,0.283894
1,0.632203
1,0.547023
1,0.509455
1,0.583844
1,0.621981
1,0.36539
1,0.503067
1,0.326873
1,0.658513
1,0.506363
1,0.803672
1,0.388537
1,0.699697
1,0.672281
1,0.846603
1,0.625662
1,0.653275
1,0.826096
1,0.814736
1,0.906815
1,0.709724
1,0.688865
1,0.485674
1,0.175116
1,0.500759
1,0.671969
1,0.458341
1,0.368947
1,0.145833
1,0.416591
1,0.767617
1,0.605098
1,0.285745
1,0.835068
1,0.386283
1,0.486916
1,0.658473
1,0.046767
1,0.652083
1,0.373958
1,0.215478
1,0.441152
1,0.570216
1,0.459284
1,0.605296
1,0.685775
1,0.544882
1,0.616403
1,0.757844
1,0.554629
1,0.373857
1,0.461536
1,0.107839
1,0.187418
1,0.338206
1,0.531055
1,0.513572
1,0.895983
1,0.320851
1,0.524487
1,0.702743
1,0.355798
1,0.25701
1,0.246893
1,0.530065
1,0.402798
1,0.592129
1,0.663206
1,0.626358
1,0.30405
1,0.062498
1,0.179661
1,0.387275
1,0.245797
1,0.687784
1,0.39795
1,0.378333
1,0.457664
1,0.614978
1,0.42323
1,0.32239
1,0.730699
1,0.743386
1,0.398669
1,0.844661
1,0.440241
1,0.590756
1,0.58814
1,0.353628
1,0.864668
1,0.621645
1,0.367192
1,0.298265
1,0.263578
1,0.674826
1,0.537425
1,0.557368
1,0.162704
1,0.785865
1,0.646048
1,0.383324
1,0.476858
1,0.784053
1,0.331408
1,0.651194
1,0.596088
1,0.384833
1,0.619736
1,0.795227
1,0.400293
1,0.345774
1,0.701066
1,0.706684
1,0.230158
1,0.311305
1,0.214971
1,0.255436
1,0.398956
1,0.300295
1,0.798742
1,0.538236
1,0.218564
1,0.311004
1,0.654369
1,0.824439
1,0.48477
1,0.65633
1,0.225085
1,0.165396
1,0.481458
1,0.388989
1,0.46498
1,0.418804
1,0.740131
1,0.254311
1,0.455022
1,0.752296
1,0.09821
1,0.886281
1,0.65834
1,0.756273
1,0.746302
1,0.885435
1,0.677389
1,0.799116
1,0.595033
1,0.763919
1,0.381984
1,0.575574
1,0.467901
1,0.522686
1,0.618995
1,0.547076
1,0.65741
1,0.896301
1,0.439577
1,0.352632
1,0.209239
1,0.703874
1,0.500255
1,0.231554
1,0.66121
1,0.075659
1,0.363812
1,0.215846
1,0.234557
1,0.818412
1,0.333071
1,0.131151
1,0.564277
1,0.246791
1,0.688676
1,0.411193
1,0.627629
1,0.495456
1,0.379666
1,0.47115
1,0.488751
1,0.208701
1,0.717294
1,0.634444
1,0.622515
1,0.228935
1,0.556819
1,0.550879
1,0.901601
1,0.497168
1,0.152465
1,0.491622
1,0.5848
1,0.558688
1,0.476405
1,0.694809
1,0.04758
1,0.482794
1,0.31025
1,0.681276
1,0.918703
1,0.782698
1,0.876518
1,0.674108
1,0.385658
1,0.798055
1,0.670454
1,0.910008
1,0.42223
1,0.643449
1,0.423197
1,0.833752
1,0.719894
1,0.275909
1,0.570587
1,0.537392
1,0.564674
1,0.921348
1,0.377981
1,0.300789
1,0.444888
1,0.272108
1,0.348258
1,0.251124
1,0.927813
1,0.256255
1,0.387565
1,0.617858
1,0.536786
1,0.308999
1,0.310719
1,0.363172
1,0.475337
1,0.536189
1,0.235688
1,0.377532
1,0.480996
1,0.669327
1,0.649285
1,0.586104
1,0.680526
1,0.313181
1,0.151941
1,0.472162
1,0.370806
1,0.667175
1,0.367814
1,0.349121
1,0.60677
1,0.257121
1,0.196172
1,0.475413
1,0.807448
1,0.651545
1,0.483226
1,0.69843
1,0.160804
1,0.702624
1,0.504733
1,0.817302
1,0.765864
1,0.274986
1,0.729188
1,0.545976
1,0.281231
1,0.659464
1,0.330082
1,0.708856
1,0.352209
1,0.672501
1,0.908905
1,0.396419
1,0.430942
1,0.249806
1,0.502343
1,0.273304
1,0.52872
1,0.722197
1,0.600993
1,0.491478
1,0.866998
1,0.656629
1,0.40759
1,0.642398
1,0.496372
1,0.378074
1,0.485921
1,0.331205
1,0.49192
1,0.528774
1,0.257444
1,0.378443
1,0.33575
1,0.771786
1,0.494632
1,0.087884
1,0.393436
1,0.907007
1,0.884257
1,0.264345
1,0.673026
1,0.398863
1,0.396414
1,0.657471
1,0.648828
1,0.526408
1,0.36185
1,0.808342
1,0.415353
1,0.533453
1,0.755426
1,0.40775
1,0.386473
1,0.998256
1,0.270885
1,0.880118
1,0.538748
1,0.427123
1,0.294599
1,0.515416
1,0.636666
1,0.245966
1,0.414215
1,0.392174
1,0.23656
1,0.302729
1,0.292188
1,0.308383
1,0.257209
1,0.704542
1,0.383921
1,0.737107
1,0.528813
1,0.430529
1,0.111272
1,0.758769
1,0.572488
1,0.551147
1,0.573811
1,0.654421
1,0.64685
1,0.345595
1,0.806031
1,0.399064
1,0.404542
1,0.712254
1,0.312004
1,0.200528
1,0.794955
1,0.179287
1,0.651293
1,0.277263
1,0.132584
1,0.301103
1,0.487379
1,0.348594
1,0.457833
1,0.674957
1,0.455753
1,0.291646
1,0.401353
1,0.779804
1,0.307951
1,0.548543
1,0.140431
1,0.426881
1,0.142215
1,0.544309
1,0.611192
1,0.629398
1,0.749979
1,0.196166
1,0.592389
1,0.623445
1,0.434221
1,0.205006
1,0.960569
1,0.130225
1,0.748385
1,0.391781
1,0.582122
1,0.915334
1,0.757105
1,0.481392
1,0.605566
1,0.294263
1,0.712714
1,0.510819
1,0.309362
1,0.447429
1,0.715881
1,0.497113
1,0.390007
1,0.529526
1,0.337761
1,0.066594
1,0.525706
1,0.396957
1,0.437465
1,0.42784
1,0.533758
1,0.500141
1,0.573597
1,0.646853
1,0.417757
1,0.33123
1,0.59999
1,0.454687
1,0.692626
1,0.53624
1,0.629463
1,0.593279
1,0.839108
1,0.312706
1,0.113265
1,0.395779
1,0.809548
1,0.388352
1,0.574679
1,0.045406
1,0.609984
1,0.200253
1,0.92219
1,0.130409
1,0.919023
1,0.832095
1,0.350272
1,0.566068
1,0.882565
1,0.66862
1,0.516297
1,0.74598
1,0.565551
1,0.539998
1,0.942974
1,0.417436
1,0.746856
1,0.707796
1,0.747594
1,0.426885
1,0.726444
1,0.312786
1,0.08272
1,0.283802
1,0.544066
1,0.282593
1,0.283532
1,0.460112
1,0.07911
1,0.564654
1,0.393631
1,0.372719
1,0.694995
1,0.206709
1,0.536375
1,0.074563
1,0.755567
1,0.738454
1,0.365818
1,0.729216
1,0.432376
1,0.333794
1,0.199397
1,0.770818
1,0.396524
1,0.313099
1,0.668136
1,0.405059
1,0.182999
1,0.183108
1,0.891936
1,0.440314
1,0.844733
1,0.454491
1,0.621529
1,0.726682
1,0.512109
1,0.519635
1,0.337355
1,0.205683
1,0.519816
1,0.559939
1,0.604941
1,0.156687
1,0.391742
1,0.422411
1,0.902844
1,0.843425
1,0.390335
1,0.549984
1,0.259803
1,0.13076
1,0.436479
1,0.462287
1,0.269877
1,0.571883
1,0.070984
1,0.781085
1,0.526316
1,0.510374
1,0.757753
1,0.728531
1,0.209456
1,0.489682
1,0.754422
1,0.574463
1,0.420285
1,0.248206
1,0.205175
1,0.559838
1,0.442654
1,0.504639
1,0.687464
1,0.274948
1,0.543614
1,0.515071
1,0.812598
1,0.125881
1,0.583817
1,0.311629
1,0.856234
1,0.386649
1,0.746191
1,0.365082
1,0.581601
1,0.336808
1,0.766593
1,0.40212
1,0.593212
1,0.394467
1,0.38385
1,0.310072
1,0.402137
1,0.170464
1,0.688373
1,0.43519
1,0.639571
1,0.519244
1,0.135808
1,0.584444
1,0.479663
1,0.700345
1,0.54364
1,0.646231
1,0.637043
1,0.658253
1,0.26108
1,0.561432
1,0.324121
1,0.537383
1,0.331585
1,0.893539
1,0.104416
1,0.414407
1,0.605581
1,0.352376
1,0.702263
1,0.124776
1,0.65367
1,0.437661
1,0.704575
1,0.221768
1,0.348015
1,0.158799
1,0.643302
1,0.450937
1,0.396538
1,0.915826
1,0.421701
1,0.497919
1,0.911137
1,0.552338
1,0.582603
1,0.490678
1,0.392503
1,0.478973
1,0.539747
1,0.401619
1,0.38256
1,0.656778
1,0.165677
1,0.545666
1,0.243001
1,0.465694
1,0.691076
1,0.521474
1,0.50494
1,0.463886
1,0.537449
1,0.190809
1,0.467041
1,0.332763
1,0.36473
1,0.648829
1,0.484923
1,0.416226
1,0.811685
1,0.341654
1,0.08605
1,0.410894
1,0.189295
1,0.683696
1,0.497001
1,0.561758
1,0.206891
1,0.451091
1,0.732022
1,0.30535
1,0.430222
1,0.65959
1,0.085505
1,0.359022
1,0.49983
1,0.303316
1,0.369526
1,0.464043
1,0.451031
1,0.449751
1,0.515754
1,0.368714
1,0.540666
1,0.534968
1,0.657853
1,0.476621
1,0.73159
1,0.425458
1,0.307109
1,0.497268
1,0.533964
1,0.408637
1,0.350931
1,0.270794
1,0.426707
1,0.361029
1,0.488757
1,0.348864
1,0.375997
1,0.690837
1,0.388869
1,0.573655
1,0.517972
1,0.379257
1,0.316507
1,0.248775
1,0.549589
1,0.5398
1,0.200633
1,0.63803
1,0.682237
1,0.79557
1,0.522517
1,0.300349
1,0.703516
1,0.762124
1,0.670776
1,0.415565
1,0.644773
1,0.176996
1,0.241756
1,0.512336
1,0.155317
1,0.765934
1,0.513854
1,0.474154
1,0.739392
1,0.282455
1,0.550197
1,0.602884
1,0.329317
1,0.802017
1,0.371155
1,0.287436
1,0.755514
1,0.418446
1,0.465966
1,0.122082
1,0.281394
1,0.411448
1,0.377872
1,0.744041
1,0.153314
1,0.911759
1,0.23104
1,0.583842
1,0.356138
1,0.521762
1,0.543383
1,0.547826
1,0.332638
1,0.429462
1,0.514988
1,0.376161
1,0.772099
1,0.477025
1,0.543302
1,0.85316
1,0.22598
1,0.636353
1,0.508787
1,0.102749
1,0.812241
1,0.861314
1,0.436198
1,0.60949
1,0.697582
1,0.240678
1,0.180135
1,0.660427
1,0.381554
1,0.649846
1,0.364235
1,0.414712
1,0.442715
1,0.442523
1,0.901665
1,0.085598
1,0.042865
1,0.450364
1,0.491262
1,0.598803
1,0.657382
1,0.7345
1,0.825591
1,0.133551
1,0.271835
1,0.196947
1,0.502726
1,0.34123
1,0.655878
1,0.235228
1,0.298419
1,0.497231
1,0.417175
1,0.052406
1,0.175201
1,0.59402
1,0.480976
1,0.312511
1,0.799305
1,0.36519
1,0.6315
1,0.406346
1,0.556223
1,0.54677
1,0.436066
1,0.309851
1,0.577165
1,0.596005
1,0.510939
1,0.761567
1,0.883006
1,0.456309
1,0.161602
1,0.655546
1,0.496667
1,0.606342
1,0.39634
1,0.771748
1,0.442158
1,0.318265
1,0.452715
1,0.688392
1,0.470535
1,0.557135
1,0.483132
1,0.745547
1,0.22974
1,0.166354
1,0.576661
1,0.383934
1,0.721124
1,0.630147
1,0.639169
1,0.39534
1,0.240328
1,0.777228
1,0.50358
1,0.708131
1,0.615429
1,0.744841
1,0.291502
1,0.175621
1,0.670038
1,0.334938
1,0.540762
1,0.422076
1,0.514051
1,0.55143
1,0.233342
1,0.806189
1,0.580895
1,0.433925
1,0.772117
1,0.484875
1,0.611224
1,0.61485
1,0.461229
1,0.55323
1,0.381698
1,0.508547
1,0.496149
1,0.513796
1,0.605736
1,0.291734
1,0.440413
1,0.335483
1,0.645746
1,0.297524
1,0.566642
1,0.655822
1,0.259801
1,0.820935
1,0.011141
1,0.564266
1,0.582156
1,0.491061
1,0.335662
1,0.300734
1,0.767656
1,0.855712
1,0.900897
1,0.258298
1,0.310302
1,0.231615
1,0.771129
1,0.519211
1,0.62724
1,0.718973
1,0.417192
1,0.704528
1,0.842905
1,0.354437
1,0.760944
1,0.461679
1,0.604339
1,0.511388
1,0.565534
1,0.845335
1,0.479088
1,0.145073
1,0.38883
1,0.51904
1,0.431074
1,0.116275
1,0.684686
1,0.484399
1,0.414111
1,0.498713
1,0.124491
1,0.862296
1,0.529122
1,0.444948
1,0.409632
1,0.59484
1,0.432136
1,0.130121
1,0.57014
1,0.392565
1,0.496952
1,0.481224
1,0.484143
1,0.223916
1,0.480336
1,0.438587
1,0.183239
1,0.576971
1,0.618941
1,0.43166
1,0.053765
1,0.362987
1,0.89719
1,0.335697
1,0.269846
1,0.234716
1,0.033477
1,0.401252
1,0.640011
1,0.371663
1,0.459599
1,0.322806
1,0.403363
1,0.214497
1,0.842063
1,0.538101
1,0.555911
1,0.588149
1,0.582884
1,0.647595
1,0.232661
1,0.56965
1,0.646558
1,0.618707
1,0.531707
1,0.399443
1,0.749016
1,0.542005
1,0.107993
1,0.782695
1,0.560307
1,0.785904
1,0.728528
1,0.236545
1,0.760912
1,0.36657
1,0.456741
1,0.595987
1,0.36179
1,0.257989
1,0.350209
1,0.582591
1,0.370105
1,0.627034
1,0.445952
1,0.661903
1,0.52266
1,0.095217
1,0.326768
1,0.668409
1,0.55765
1,0.629036
1,0.600959
1,0.493576
1,0.489147
1,0.431673
1,0.475435
1,0.631945
1,0.453492
1,0.494262
1,0.403652
1,0.83551
1,0.8303
1,0.275733
1,0.709488
1,0.353977
1,0.638831
1,0.44187
1,0.664117
1,0.647236
1,0.206981
1,0.397993
1,0.476945
1,0.717088
1,0.406959
1,0.353675
1,0.638611
1,0.196438
1,0.736959
1,0.458347
1,0.274612
1,0.608056
1,0.6303
1,0.662741
1,0.078488
1,0.3715
1,0.549313
1,0.109476
1,0.200208
1,0.326957
1,0.699944
1,0.448589
1,0.611432
1,0.419977
1,0.484015
1,0.454537
1,0.269802
1,0.197256
1,0.605953
1,0.396512
1,0.49044
1,0.208997
1,0.652866
1,0.381419
1,0.357695
1,0.46541
1,0.303832
1,0.480864
1,0.246668
1,0.483212
1,0.756939
1,0.501084
1,0.397653
1,0.440125
1,0.430402
1,0.319591
1,0.218326
1,0.876939
1,0.923743
1,0.441309
1,0.507723
1,0.493588
1,0.678084
1,0.246848
1,0.60614
1,0.578001
1,0.454278
1,0.188652
1,0.350196
1,0.634825
1,0.334313
1,0.338513
1,0.320216
1,0.821503
1,0.542089
1,0.80169
1,0.368362
1,0.482409
1,0.507371
1,0.661877
1,0.816873
1,0.579982
1,0.404554
1,0.254367
1,0.45198
1,0.469348
1,0.421272
1,0.947115
1,0.749118
1,0.710864
1,0.111694
1,0.643176
1,0.681906
1,0.756975
1,0.325716
1,0.579991
1,0.271234
1,0.475386
1,0.655513
1,0.497628
1,0.584532
1,0.123474
1,0.160851
1,0.508857
1,0.497984
1,0.299377
1,0.618292
1,0.584074
1,0.556073
1,0.531788
1,0.666688
1,0.335409
1,0.59113
1,0.157851
1,0.338356
1,0.262714
1,0.66119
1,0.645522
1,0.445781
1,0.511735
1,0.401601
1,0.829095
1,0.842002
1,0.354254
1,0.615386
1,0.136449
1,0.84287
1,0.350356
1,0.641708
1,0.267548
1,0.437126
1,0.452925
1,0.164833
1,0.683764
1,0.791802
1,0.686837
1,0.648997
1,0.485714
1,0.785041
1,0.428658
1,0.674572
1,0.719056
1,0.522661
1,0.467982
1,0.689005
1,0.466159
1,0.570437
1,0.403783
1,0.495927
1,0.403451
1,0.618613
1,0.683501
1,0.204653
1,0.167517
1,0.779011
1,0.856325
1,0.557283
1,0.419801
1,0.425596
1,0.74901
1,0.348461
1,0.481523
1,0.519882
1,0.297708
1,0.348852
1,0.682703
1,0.435807
1,0.65804
1,0.225228
1,0.342955
1,0.76052
1,0.422689
1,0.726621
1,0.54799
1,0.45955
1,0.558315
1,0.886192
1,0.14071
1,0.505864
1,0.800628
1,0.597023
1,0.019392
1,0.79978
1,0.373978
1,0.513851
1,0.629086
1,0.504819
1,0.366857
1,0.194155
1,0.406021
1,0.31686
1,0.23123
1,0.456802
1,0.448929
1,0.31517
1,0.180876
1,0.466852
1,0.663267
1,0.401825
1,0.37995
1,0.565438
1,0.276886
1,0.691152
1,0.521593
1,0.458039
1,0.326011
1,0.370348
1,0.378
1,0.614579
1,0.424129
1,0.446757
1,0.312467
1,0.61532
1,0.856151
1,0.323957
1,0.680417
1,0.129473
1,0.669241
1,0.248816
1,0.305216
1,0.375382
1,0.520258
1,0.553829
1,0.264739
1,0.557851
1,0.842272
1,0.74875
1,0.458608
1,0.733227
1,0.654714
1,0.449193
1,0.909905
1,0.22254
1,0.276271
1,0.355811
1,0.883844
1,0.694683
1,0.642721
1,0.086711
1,0.666817
1,0.179392
1,0.677809
1,0.227506
1,0.419299
1,0.45959
1,0.946923
1,0.550678
1,0.537338
1,0.246488
1,0.207708
1,0.494146
1,0.745489
1,0.532599
1,0.425752
1,0.143062
1,0.711327
1,0.49502
1,0.336599
1,0.549342
1,0.394676
1,0.372582
1,0.163475
1,0.951308
1,0.306842
1,0.552478
1,0.448979
1,0.644046
1,0.528442
1,0.052883
1,0.469358
1,0.277034
1,0.279665
1,0.308412
1,0.675873
1,0.154874
1,0.847336
1,0.418319
1,0.643684
1,0.122515
1,0.551811
1,0.761588
1,0.544815
1,0.338825
1,0.503347
1,0.695989
1,0.379094
1,0.847803
1,0.634126
1,0.341651
1,0.502081
1,0.634225
1,0.334918
1,0.151083
1,0.142629
1,0.515351
1,0.574603
1,0.45664
1,0.876578
1,0.588474
1,0.656087
1,0.216559
1,0.545493
1,0.237469
1,0.226797
1,0.590429
1,0.177237
1,0.453009
1,0.360667
1,0.243394
1,0.105084
1,0.397601
1,0.472308
1,0.712735
1,0.419994
1,0.210732
1,0.32607
1,0.458715
1,0.848937
1,0.318959
1,0.337485
1,0.573442
1,0.963753
1,0.164823
1,0.447806
1,0.642574
1,0.458858
1,0.69784
1,0.310995
1,0.130408
1,0.651363
1,0.485778
1,0.772859
1,0.236953
1,0.68898
1,0.511517
1,0.432587
1,0.180568
1,0.546447
1,0.744742
1,0.439272
1,0.247321
1,0.43294
1,0.352385
1,0.66618
1,0.719621
1,0.358689
1,0.658813
1,0.709613
1,0.417318
1,0.29446
1,0.167139
1,0.445906
1,0.364784
1,0.686651
1,0.493685
1,0.830175
1,0.445602
1,0.332972
1,0.665742
1,0.26755
1,0.757607
1,0.943696
1,0.325861
1,0.321851
1,0.666172
1,0.254327
1,0.272469
1,0.404581
1,0.868918
1,0.427816
1,0.438057
1,0.431355
1,0.736673
1,0.37964
1,0.780921
1,0.403252
1,0.608864
1,0.06708
1,0.191398
1,0.815598
1,0.523927
1,0.799218
1,0.398939
1,0.343493
1,0.320429
1,0.450777
1,0.570223
1,0.333665
1,0.452786
1,0.557009
1,0.372149
1,0.932092
1,0.529645
1,0.547343
1,0.414403
1,0.09767
1,0.352849
1,0.402873
1,0.5647
1,0.439174
1,0.560846
1,0.2867
1,0.834303
1,0.415147
1,0.795019
1,0.425711
1,0.935377
1,0.136142
1,0.786142
1,0.31191
1,0.280239
1,0.327343
1,0.179835
1,0.412763
1,0.647341
1,0.951503
1,0.132272
1,0.604712
1,0.256941
1,0.595502
1,0.362298
1,0.419818
1,0.550457
1,0.903143
1,0.452382
1,0.350557
1,0.078853
1,0.786178
1,0.065103
1,0.83007
1,0.673703
1,0.255116
1,0.361049
1,0.194078
1,0.429708
1,0.41168
1,0.513867
1,0.362452
1,0.332698
1,0.654815
1,0.57948
1,0.291665
1,0.41611
1,0.510072
1,0.519361
1,0.079145
1,0.560863
1,0.002535
1,0.540498
1,0.339723
1,0.292937
1,0.685929
1,0.800795
1,0.634098
1,0.376753
1,0.589239
1,0.025561
1,0.560823
1,0.308248
1,0.459181
1,0.352616
1,0.616589
1,0.658634
1,0.832708
1,0.524397
1,0.877484
1,0.194357
1,0.337553
1,0.361763
1,0.64511
1,0.736161
1,0.134417
1,0.279456
1,0.737174
1,0.14419
1,0.794898
1,0.434872
1,0.657265
1,0.378251
1,0.379688
1,0.765245
1,0.494612
1,0.839591
1,0.592841
1,0.566766
1,0.385311
1,0.429129
1,0.598935
1,0.901472
1,0.593849
1,0.600333
1,0.874239
1,0.320926
1,0.209983
1,0.827334
1,0.838427
1,0.333962
1,0.728207
1,0.58796
1,0.628978
1,0.457785
1,0.482678
1,0.234876
1,0.814512
1,0.537263
1,0.661064
1,0.212959
1,0.198616
1,0.397948
1,0.477474
1,0.429259
1,0.655155
1,0.602102
1,0.302842
1,0.231913
1,0.655277
1,0.481974
1,0.525991
1,0.643175
1,0.252829
1,0.458401
1,0.629098
1,0.405949
1,0.450374
1,0.445721
1,0.185192
1,0.570997
1,0.425658
1,0.530525
1,0.531494
1,0.776119
1,0.252999
1,0.563463
1,0.441721
1,0.645113
1,0.723358
1,0.674073
1,0.354175
1,0.128171
1,0.755133
1,0.79542
1,0.471433
1,0.353422
1,0.523708
1,0.443544
1,0.419156
1,0.465995
1,0.503488
1,0.410958
1,0.624911
1,0.331583
1,0.146345
1,0.238084
1,0.583858
1,0.41928
1,0.423388
1,0.562565
1,0.673874
1,0.389598
1,0.613833
1,0.5975
1,0.788023
1,0.522231
1,0.490063
1,0.63199
1,0.610884
1,0.263464
1,0.380754
1,0.81945
1,0.520511
1,0.400483
1,0.788719
1,0.254798
1,0.24478
1,0.907108
1,0.557776
1,0.532696
1,0.556533
1,0.27908
1,0.364334
1,0.276005
1,0.262928
1,0.57745
1,0.353142
1,0.692727
1,0.319892
1,0.153472
1,0.66972
1,0.877991
1,0.269704
1,0.671731
1,0.232637
1,0.881354
1,0.55642
1,0.802469
1,0.596426
1,0.632874
1,0.350184
1,0.681933
1,0.184706
1,0.346616
1,0.184659
1,0.654246
1,0.338342
1,0.322933
1,0.87591
1,0.537866
1,0.571945
1,0.206034
1,0.432311
1,0.518757
1,0.382823
1,0.361011
1,0.26958
1,0.226575
1,0.442711
1,0.599556
1,0.411613
1,0.545598
1,0.732974
1,0.436013
1,0.5037
1,0.854679
1,0.288264
1,0.571899
1,0.438843
1,0.675828
1,0.659698
1,0.403491
1,0.739608
1,0.477361
1,0.637781
1,0.598321
1,0.264043
1,0.568568
1,0.797028
1,0.508535
1,0.477719
1,0.82711
1,0.739751
1,0.407023
1,0.383663
1,0.271975
1,0.313513
1,0.328477
1,0.49451
1,0.638356
1,0.203528
1,0.404573
1,0.394317
1,0.733257
1,0.407337
1,0.395716
1,0.573863
1,0.476969
1,0.55183
1,0.565273
1,0.448112
1,0.565073
1,0.465963
1,0.419356
1,0.68013
1,0.526887
1,0.322509
1,0.794304
1,0.470219
1,0.913317
1,0.834202
1,0.646494
1,0.657486
1,0.432178
1,0.748861
1,0.517165
1,0.338546
1,0.577235
1,0.878648
1,0.511511
1,0.272444
1,0.591298
1,0.589917
1,0.393093
1,0.415445
1,0.167783
1,0.600263
1,0.739287
1,0.715592
1,0.544021
1,0.401012
1,0.841457
1,0.408688
1,0.429236
1,0.427032
1,0.520198
1,0.082445
1,0.387145
1,0.337142
1,0.663226
1,0.51816
1,0.456843
1,0.611049
1,0.566281
1,0.775183
1,0.883629
1,0.659849
1,0.604897
1,0.203688
1,0.933906
1,0.260758
1,0.317305
1,0.57166
1,0.266252
1,0.116106
1,0.449146
1,0.412013
1,0.653324
1,0.698262
1,0.42163
1,0.232898
1,0.315426
1,0.439079
1,0.69363
1,0.856308
1,0.756361
1,0.562119
1,0.601699
1,0.578582
1,0.566851
1,0.560734
1,0.439612
1,0.357129
1,0.571869
1,0.377084
1,0.486318
1,0.426693
1,0.661561
1,0.784051
1,0.836329
1,0.137411
1,0.586194
1,0.203407
1,0.481462
1,0.286638
1,0.48711
1,0.643143
1,0.779733
1,0.791148
1,0.592112
1,0.742247
1,0.42808
1,0.501252
1,0.313233
1,0.63929
1,0.639518
1,0.416657
1,0.210603
1,0.676104
1,0.860506
1,0.519428
1,0.611925
1,0.361145
1,0.372379
1,0.542531
1,0.961146
1,0.668208
1,0.516001
1,0.435542
1,0.271814
1,0.49753
1,0.737926
1,0.57686
1,0.701372
1,0.471989
1,0.664664
1,0.157799
1,0.39692
1,0.578186
1,0.554984
1,0.296453
1,0.366406
1,0.365207
1,0.633433
1,0.618098
1,0.561413
1,0.634027
1,0.284192
1,0.548031
1,0.456506
1,0.363463
1,0.131563
1,0.768285
1,0.394146
1,0.233677
1,0.748334
1,0.266389
1,0.591741
1,0.684194
1,0.658361
1,0.628442
1,0.057637
1,0.629962
1,0.426878
1,0.113383
1,0.118623
1,0.393431
1,0.354081
1,0.360008
1,0.488235
1,0.529363
1,0.75768
1,0.320659
1,0.42992
1,0.486918
1,0.348944
1,0.650196
1,0.359478
1,0.187887
1,0.79706
1,0.83829
1,0.614036
1,0.485147
1,0.661565
1,0.457639
1,0.37033
1,0.651894
1,0.442002
1,0.520582
1,0.469301
1,0.351658
1,0.922273
1,0.406719
1,0.849995
1,0.151773
1,0.47288
1,0.562133
1,0.282432
1,0.112798
1,0.512854
1,0.562758
1,0.565042
1,0.96078
1,0.520537
1,0.39375
1,0.490211
1,0.182101
1,0.080425
1,0.386977
1,0.218485
1,0.826609
1,0.324732
1,0.196632
1,0.265745
1,0.307661
1,0.165154
1,0.227157
1,0.43071
1,0.548577
1,0.87431
1,0.256471
1,0.731533
1,0.827024
1,0.839193
1,0.73979
1,0.162238
1,0.098406
1,0.257834
1,0.565476
1,0.661402
1,0.910574
1,0.500655
1,0.368864
1,0.281148
1,0.31464
1,0.422579
1,0.456929
1,0.965201
1,0.252024
1,0.427526
1,0.428449
1,0.567203
1,0.661328
1,0.589676
1,0.505714
1,0.573719
1,0.293786
1,0.598812
1,0.576154
1,0.696371
1,0.45712
1,0.667214
1,0.438468
1,0.551799
1,0.359654
1,0.550323
1,0.2782
1,0.843569
1,0.491245
1,0.191933
1,0.529407
1,0.744028
1,0.45261
1,0.31955
1,0.494803
1,0.039332
1,0.208148
1,0.809656
1,0.815357
1,0.244485
1,0.684351
1,0.787411
1,0.863717
1,0.683841
1,0.484205
1,0.781618
1,0.374527
1,0.793389
1,0.845996
1,0.36713
1,0.109377
1,0.598845
1,0.873025
1,0.467301
1,0.661089
1,0.373345
1,0.541896
1,0.371136
1,0.404052
1,0.789242
1,0.291099
1,0.167757
1,0.318781
1,0.173377
1,0.599089
1,0.871478
1,0.925708
1,0.628912
1,0.648007
1,0.667313
1,0.594735
1,0.84813
1,0.862327
1,0.293028
1,0.764672
1,0.464605
1,0.870619
1,0.196672
1,0.805949
1,0.422805
1,0.191414
1,0.36081
1,0.205498
1,0.37579
1,0.543479
1,0.460185
1,0.264815
1,0.358895
1,0.856338
1,0.851081
1,0.428475
1,0.488504
1,0.160024
1,0.597207
1,0.30393
1,0.812863
1,0.502066
1,0.839801
1,0.53797
1,0.164486
1,0.470959
1,0.424453
1,0.134991
1,0.383515
1,0.348706
1,0.724671
1,0.377891
1,0.623371
1,0.188056
1,0.606552
1,0.398744
1,0.794737
1,0.388489
1,0.486946
1,0.602553
1,0.518774
1,0.786032
1,0.897202
1,0.64366
1,0.765209
1,0.664747
1,0.448024
1,0.351141
1,0.654915
1,0.77057
1,0.362375
1,0.28633
1,0.510839
1,0.153465
1,0.577222
1,0.340701
1,0.310644
1,0.446984
1,0.827968
1,0.271314
1,0.46734
1,0.282872
1,0.404432
1,0.03095
1,0.685008
1,0.546951
1,0.557829
1,0.579913
1,0.78967
1,0.664036
1,0.566366
1,0.762942
1,0.38987
1,0.584208
1,0.65228
1,0.80311
1,0.079988
1,0.879902
1,0.484999
1,0.575474
1,0.380596
1,0.255721
1,0.871577
1,0.287193
1,0.638248
1,0.321697
1,0.355165
1,0.236618
1,0.679225
1,0.915574
1,0.786442
1,0.33056
1,0.514669
1,0.40349
1,0.624245
1,0.081604
1,0.343387
1,0.680551
1,0.58483
1,0.526081
1,0.069194
1,0.501957
1,0.364982
1,0.287613
1,0.574189
1,0.494437
1,0.341036
1,0.783781
1,0.411909
1,0.524087
1,0.878819
1,0.416701
1,0.399471
1,0.455339
1,0.208898
1,0.648919
1,0.847316
1,0.914771
1,0.440626
1,0.328362
1,0.167396
1,0.650727
1,0.300932
1,0.260837
1,0.188232
1,0.209624
1,0.505776
1,0.516898
1,0.34839
1,0.867273
1,0.700601
1,0.350012
1,0.851925
1,0.624911
1,0.425188
1,0.670277
1,0.510194
1,0.746958
1,0.484918
1,0.927256
1,0.583192
1,0.355728
1,0.652518
1,0.596258
1,0.217861
1,0.437146
1,0.484645
1,0.483226
1,0.490503
1,0.750431
1,0.757343
1,0.778916
1,0.693199
1,0.597789
1,0.612095
1,0.724292
1,0.895228
1,0.696161
1,0.51276
1,0.551507
1,0.520866
1,0.688244
1,0.571718
1,0.46743
1,0.719633
1,0.257256
1,0.756094
1,0.571073
1,0.48279
1,0.572861
1,0.277882
1,0.539368
1,0.526044
1,0.809395
1,0.635979
1,0.433915
1,0.72292
1,0.283092
1,0.427314
1,0.670581
1,0.502492
1,0.320609
1,0.567223
1,0.563025
1,0.650675
1,0.534724
1,0.504552
1,0.453026
1,0.689953
1,0.644268
1,0.084739
1,0.418943
1,0.613785
1,0.094072
1,0.15936
1,0.951993
1,0.302579
1,0.325002
1,0.806901
1,0.607681
1,0.410031
1,0.603903
1,0.166771
1,0.53771
1,0.658643
1,0.924774
1,0.573846
1,0.38933
1,0.507085
1,0.204994
1,0.66295
1,0.402645
1,0.597242
1,0.336396
1,0.549214
1,0.720654
1,0.381521
1,0.3597
1,0.799947
1,0.208596
1,0.145555
1,0.571986
1,0.6536
1,0.497416
1,0.681823
1,0.369676
1,0.225405
1,0.441684
1,0.300121
1,0.102915
1,0.440519
1,0.274238
1,0.40633
1,0.708013
1,0.789806
1,0.364092
1,0.175185
1,0.393609
1,0.81873
1,0.811057
1,0.716716
1,0.501852
1,0.435394
1,0.320591
1,0.529563
1,0.346565
1,0.204299
1,0.648799
1,0.364397
1,0.556268
1,0.348313
1,0.618441
1,0.310777
1,0.270494
1,0.342454
1,0.67188
1,0.473425
1,0.683194
1,0.769419
1,0.442911
1,0.398299
1,0.613823
1,0.697488
1,0.484793
1,0.664287
1,0.57265
1,0.373169
1,0.605448
1,0.437548
1,0.431279
1,0.153977
1,0.556847
1,0.683418
1,0.619653
1,0.391035
1,0.735874
1,0.255207
1,0.575629
1,0.701722
1,0.362109
1,0.03065
1,0.691473
1,0.400418
1,0.298021
1,0.227765
1,0.705804
1,0.453901
1,0.752949
1,0.729916
1,0.45394
1,0.454286
1,0.790951
1,0.922497
1,0.404537
1,0.436367
1,0.61433
1,0.625296
1,0.34465
1,0.689371
1,0.829215
1,0.492687
1,0.131533
1,0.575313
1,0.351479
1,0.348515
1,0.094311
1,0.553475
1,0.270717
1,0.315214
1,0.369876
1,0.531282
1,0.780074
1,0.200406
1,0.685521
1,0.279975
1,0.120349
1,0.17558
1,0.118852
1,0.276609
1,0.60332
1,0.668387
1,0.608135
1,0.230694
1,0.500759
1,0.852164
1,0.334893
1,0.615669
1,0.45538
1,0.339828
1,0.557949
1,0.494657
1,0.552943
1,0.634713
1,0.529945
1,0.419403
1,0.622394
1,0.211202
1,0.656702
1,0.969179
1,0.480479
1,0.439766
1,0.444482
1,0.407468
1,0.521871
1,0.792936
1,0.188278
1,0.163611
1,0.307006
1,0.501945
1,0.178297
1,0.436504
1,0.672794
1,0.476947
1,0.346251
1,0.783771
1,0.36093
1,0.563806
1,0.815345
1,0.773324
1,0.663866
1,0.798243
1,0.296568
1,0.65444
1,0.702006
1,0.594139
1,0.495104
1,0.266627
1,0.702766
1,0.555747
1,0.189137
1,0.585439
1,0.34103
1,0.655268
1,0.371163
1,0.372271
1,0.430295
1,0.863278
1,0.732347
1,0.601617
1,0.740598
1,0.16601
1,0.485508
1,0.438155
1,0.089639
1,0.922257
1,0.4289
1,0.819584
1,0.784864
1,0.888118
1,0.599341
1,0.676017
1,0.334395
1,0.783945
1,0.294327
1,0.623348
1,0.616995
1,0.379144
1,0.398206
1,0.577891
1,0.341085
1,0.113007
1,0.608565
1,0.463933
1,0.702768
1,0.541199
1,0.533715
1,0.745988
1,0.431506
1,0.701144
1,0.268921
1,0.817741
1,0.686877
1,0.382475
1,0.898424
1,0.288809
1,0.605095
1,0.636068
1,0.895173
1,0.570876
1,0.900618
1,0.652742
1,0.429983
1,0.680352
1,0.045607
1,0.247306
1,0.237537
1,0.248336
1,0.237334
1,0.327364
1,0.835752
1,0.740335
1,0.504767
1,0.3661
1,0.573939
1,0.529012
1,0.493789
1,0.651363
1,0.369615
1,0.680808
1,0.53183
1,0.832753
1,0.608313
1,0.476664
1,0.757324
1,0.56188
1,0.816965
1,0.207359
1,0.455932
1,0.364544
1,0.21664
1,0.546047
1,0.321089
1,0.472032
1,0.396194
1,0.542939
1,0.89379
1,0.583559
1,0.318304
1,0.400537
1,0.528214
1,0.700311
1,0.686705
1,0.317887
1,0.610441
1,0.320585
1,0.237855
1,0.333626
1,0.471151
1,0.50261
1,0.524335
1,0.458804
1,0.170788
1,0.448837
1,0.354706
1,0.359489
1,0.608805
1,0.607335
1,0.719576
1,0.579844
1,0.527653
1,0.33937
1,0.308637
1,0.599489
1,0.49005
1,0.466211
1,0.30734
1,0.228449
1,0.69856
1,0.811778
1,0.746566
1,0.347192
1,0.67619
1,0.552092
1,0.483649
1,0.116891
1,0.706044
1,0.752907
1,0.30395
1,0.724601
1,0.385127
1,0.34911
1,0.141362
1,0.679477
1,0.304154
1,0.813843
1,0.714129
1,0.791665
1,0.490104
1,0.950457
1,0.432583
1,0.435942
1,0.478214
1,0.610715
1,0.362646
1,0.55049
1,0.408954
1,0.743023
1,0.213381
1,0.331591
1,0.550534
1,0.629969
1,0.820211
1,0.331175
1,0.417289
1,0.583306
1,0.737537
1,0.257858
1,0.38465
1,0.9132
1,0.430689
1,0.786671
1,0.650852
1,0.342557
1,0.442127
1,0.60044
1,0.188048
1,0.642686
1,0.196655
1,0.355894
1,0.64297
1,0.008202
1,0.169706
1,0.459792
1,0.473954
1,0.125654
1,0.26505
1,0.560294
1,0.055071
1,0.586717
1,0.477321
1,0.630608
1,0.81649
1,0.38588
1,0.341807
1,0.332507
1,0.837681
1,0.382814
1,0.23356
1,0.756571
1,0.533401
1,0.464194
1,0.589241
1,0.146868
1,0.698525
1,0.671094
1,0.677434
1,0.748096
1,0.310409
1,0.556735
1,0.477932
1,0.381935
1,0.626222
1,0.13536
1,0.60253
1,0.174676
1,0.778959
1,0.278929
1,0.802843
1,0.386508
1,0.366232
1,0.775226
1,0.144832
1,0.433171
1,0.605299
1,0.042269
1,0.851247
1,0.126054
1,0.539453
1,0.496856
1,0.619082
1,0.340286
1,0.868329
1,0.418878
1,0.597298
1,0.662802
1,0.472805
1,0.319056
1,0.640114
1,0.674116
1,0.541305
1,0.689762
1,0.835684
1,0.480062
1,0.407599
1,0.603111
1,0.529545
1,0.175734
1,0.550511
1,0.458763
1,0.453192
1,0.511408
1,0.448154
1,0.725543
1,0.12265
1,0.350303
1,0.21554
1,0.66985
1,0.725168
1,0.216448
1,0.798715
1,0.152036
1,0.772031
1,0.859586
1,0.261174
1,0.748642
1,0.678925
1,0.432342
1,0.328895
1,0.535785
1,0.303569
1,0.311484
1,0.429912
1,0.94626
1,0.729198
1,0.769721
1,0.623966
1,0.608137
1,0.414015
1,0.336724
1,0.455509
1,0.544549
1,0.465163
1,0.776397
1,0.252829
1,0.566473
1,0.723313
1,0.647595
1,0.620279
1,0.33738
1,0.665058
1,0.452087
1,0.319421
1,0.749358
1,0.091596
1,0.756154
1,0.217696
1,0.040197
1,0.176602
1,0.35533
1,0.422974
1,0.849737
1,0.537551
1,0.315372
1,0.30452
1,0.688047
1,0.354391
1,0.396194
1,0.486033
1,0.615373
1,0.897864
1,0.584309
1,0.712524
1,0.535701
1,0.723048
1,0.464465
1,0.305408
1,0.01396
1,0.397831
1,0.433298
1,0.252212
1,0.566223
1,0.730822
1,0.358302
1,0.508365
1,0.042851
1,0.497186
1,0.542463
1,0.381925
1,0.676587
1,0.546115
1,0.267298
1,0.705336
1,0.568466
1,0.676468
1,0.48147
1,0.403448
1,0.09688
1,0.796531
1,0.455685
1,0.37544
1,0.440465
1,0.693607
1,0.736167
1,0.555043
1,0.626135
1,0.573176
1,0.765064
1,0.699504
1,0.388362
1,0.192627
1,0.420821
1,0.347693
1,0.600532
1,0.447345
1,0.621832
1,0.169638
1,0.343041
1,0.593409
1,0.555582
1,0.52871
1,0.43659
1,0.613118
1,0.6967
1,0.418871
1,0.195076
1,0.59643
1,0.383418
1,0.382636
1,0.524425
1,0.693778
1,0.680139
1,0.602035
1,0.518097
1,0.709743
1,0.322084
1,0.283431
1,0.394319
1,0.2455
1,0.28103
1,0.652432
1,0.243145
1,0.655473
1,0.699638
1,0.335751
1,0.265591
1,0.491508
1,0.396477
1,0.505818
1,0.567824
1,0.694014
1,0.524619
1,0.686986
1,0.357128
1,0.677003
1,0.351998
1,0.406409
1,0.891797
1,0.705044
1,0.570388
1,0.524797
1,0.335818
1,0.538109
1,0.366945
1,0.347357
1,0.609264
1,0.4879
1,0.640871
1,0.486963
1,0.711466
1,0.668317
1,0.655343
1,0.328905
1,0.155701
1,0.542328
1,0.491013
1,0.593994
1,0.222813
1,0.305322
1,0.627478
1,0.42837
1,0.448057
1,0.336709
1,0.261044
1,0.731839
1,0.5431
1,0.748498
1,0.23094
1,0.449845
1,0.640036
1,0.518858
1,0.549121
1,0.084962
1,0.712129
1,0.394647
1,0.335118
1,0.169525
1,0.659468
1,0.822584
1,0.853851
1,0.908627
1,0.40858
1,0.919517
1,0.722313
1,0.252428
1,0.290679
1,0.577068
1,0.560606
1,0.484878
1,0.604774
1,0.208024
1,0.572442
1,0.186984
1,0.434466
1,0.306407
1,0.609394
1,0.23759
1,0.52235
1,0.801888
1,0.304658
1,0.403661
1,0.302433
1,0.424169
1,0.190138
1,0.888577
1,0.484684
1,0.712924
1,0.243991
1,0.438055
1,0.531784
1,0.592369
1,0.306756
1,0.123068
1,0.435511
1,0.520808
1,0.612219
1,0.612119
1,0.604156
1,0.489048
1,0.847588
1,0.304798
1,0.538386
1,0.431741
1,0.467309
1,0.281356
1,0.487446
1,0.361019
1,0.491315
1,0.528338
1,0.595596
1,0.423199
1,0.578202
1,0.867887
1,0.42436
1,0.441721
1,0.241109
1,0.600644
1,0.589986
1,0.649756
1,0.324098
1,0.645147
1,0.401285
1,0.42023
1,0.58614
1,0.309551
1,0.204162
1,0.394436
1,0.643056
1,0.314527
1,0.687303
1,0.944067
1,0.150344
1,0.088398
1,0.207868
1,0.134403
1,0.426413
1,0.620745
1,0.771521
1,0.33627
1,0.414935
1,0.601759
1,0.189211
1,0.656422
1,0.306243
1,0.604955
1,0.396496
1,0.778619
1,0.425869
1,0.427497
1,0.854468
1,0.114404
1,0.594585
1,0.297291
1,0.56135
1,0.966183
1,0.459152
1,0.298408
1,0.184068
1,0.120913
1,0.289888
1,0.692259
1,0.595369
1,0.628536
1,0.855988
1,0.893086
1,0.357352
1,0.625081
1,0.665422
1,0.642566
1,0.27141
1,0.804584
1,0.150151
1,0.332759
1,0.676422
1,0.88018
1,0.142238
1,0.462136
1,0.079209
1,0.135222
1,0.724348
1,0.607786
1,0.389837
1,0.619655
1,0.659745
1,0.469709
1,0.438483
1,0.352536
1,0.770297
1,0.424648
1,0.420108
1,0.544997
1,0.178245
1,0.421966
1,0.682076
1,0.188225
1,0.618588
1,0.452268
1,0.642514
1,0.356311
1,0.81068
1,0.207056
1,0.733645
1,0.651431
1,0.380604
1,0.848581
1,0.033429
1,0.12695
1,0.715665
1,0.131513
1,0.590297
1,0.516511
1,0.372095
1,0.870842
1,0.468832
1,0.62255
1,0.656559
1,0.647716
1,0.368051
1,0.155824
1,0.563424
1,0.592641
1,0.222417
1,0.55995
1,0.534525
1,0.212859
1,0.655885
1,0.782865
1,0.563845
1,0.607618
1,0.330215
1,0.501602
1,0.443648
1,0.474888
1,0.334827
1,0.296081
1,0.476351
1,0.518669
1,0.613343
1,0.705838
1,0.663829
1,0.378444
1,0.34786
1,0.732837
1,0.15668
1,0.479365
1,0.537312
1,0.773297
1,0.285559
1,0.313559
1,0.408603
1,0.523631
1,0.206831
1,0.760345
1,0.553987
1,0.312631
1,0.323959
1,0.298746
1,0.137841
1,0.53036
1,0.883128
1,0.695202
1,0.745577
1,0.863672
1,0.682346
1,0.43612
1,0.561495
1,0.132504
1,0.865445
1,0.854043
1,0.463012
1,0.320821
1,0.433275
1,0.390514
1,0.434152
1,0.253615
1,0.310076
1,0.882186
1,0.359078
1,0.296688
1,0.796872
1,0.668415
1,0.362449
1,0.698476
1,0.577496
1,0.56707
1,0.35628
1,0.446237
1,0.414925
1,0.358828
1,0.282914
1,0.436542
1,0.663309
1,0.424537
1,0.377572
1,0.457389
1,0.214321
1,0.465288
1,0.256452
1,0.511688
1,0.488268
1,0.70725
1,0.704481
1,0.365693
1,0.329397
1,0.953156
1,0.643688
1,0.704583
1,0.460152
1,0.614952
1,0.593701
1,0.400123
1,0.774611
1,0.278964
1,0.270303
1,0.841431
1,0.516197
1,0.424818
1,0.505758
1,0.256422
1,0.45005
1,0.7729
1,0.188321
1,0.458961
1,0.364914
1,0.507785
1,0.825866
1,0.654135
1,0.650511
1,0.504342
1,0.783632
1,0.428288
1,0.676828
1,0.726138
1,0.527623
1,0.108222
1,0.359901
1,0.461404
1,0.492097
1,0.496477
1,0.672943
1,0.442088
1,0.78953
1,0.629257
1,0.797699
1,0.892671
1,0.719713
1,0.595947
1,0.338541
1,0.233102
1,0.23608
1,0.871788
1,0.696739
1,0.241241
1,0.544851
1,0.46306
1,0.531939
1,0.322035
1,0.324058
1,0.47255
1,0.360328
1,0.718218
1,0.725653
1,0.772311
1,0.86067
1,0.532242
1,0.621126
1,0.450521
1,0.773274
1,0.901771
1,0.199043
1,0.435862
1,0.46675
1,0.484671
1,0.37298
1,0.257485
1,0.589922
1,0.270381
1,0.483439
1,0.529106
1,0.662382
1,0.52744
1,0.560671
1,0.598377
1,0.843769
1,0.941508
1,0.734538
1,0.206109
1,0.607687
1,0.297337
1,0.261685
1,0.70459
1,0.681741
1,0.671894
1,0.244896
1,0.496749
1,0.822047
1,0.439997
1,0.530067
1,0.63421
1,0.542817
1,0.483521
1,0.276919
1,0.599958
1,0.520725
1,0.25401
1,0.28232
1,0.559479
1,0.186356
1,0.282712
1,0.319816
1,0.779646
1,0.577202
1,0.351728
1,0.228518
1,0.116525
1,0.560468
1,0.518973
1,0.597962
1,0.37186
1,0.563495
1,0.720247
1,0.500423
1,0.288663
1,0.637913
1,0.374534
1,0.501938
1,0.468596
1,0.190706
1,0.221219
1,0.380367
1,0.439168
1,0.400138
1,0.553649
1,0.718932
1,0.43823
1,0.431316
1,0.564488
1,0.414461
1,0.68765
1,0.44489
1,0.711
1,0.441498
1,0.676668
1,0.421966
1,0.327314
1,0.240726
1,0.967303
1,0.221338
1,0.428894
1,0.653952
1,0.442258
1,0.365135
1,0.437456
1,0.590673
1,0.615184
1,0.218929
1,0.571269
1,0.327061
1,0.466169
1,0.647893
1,0.375646
1,0.5656
1,0.370313
1,0.723209
1,0.680281
1,0.117484
1,0.269012
1,0.736407
1,0.600332
1,0.215172
1,0.382696
1,0.508899
1,0.720594
1,0.442426
1,0.458553
1,0.247016
1,0.388566
1,0.388029
1,0.761013
1,0.580403
1,0.810173
1,0.548661
1,0.168705
1,0.612452
1,0.585332
1,0.365569
1,0.858875
1,0.542315
1,0.972284
1,0.146981
1,0.256204
1,0.539597
1,0.672038
1,0.666461
1,0.545645
1,0.347288
1,0.450975
1,0.577577
1,0.266249
1,0.335768
1,0.80818
1,0.32658
1,0.546899
1,0.43455
1,0.394431
1,0.492524
1,0.534632
1,0.125263
1,0.851894
1,0.419937
1,0.400461
1,0.44699
1,0.425632
1,0.562618
1,0.348116
1,0.496039
1,0.524862
1,0.730447
1,0.446513
1,0.547249
1,0.637893
1,0.543115
1,0.572815
1,0.316173
1,0.261977
1,0.261493
1,0.685713
1,0.530007
1,0.423158
1,0.756917
1,0.691783
1,0.703602
1,0.323564
1,0.440936
1,0.149433
1,0.508652
1,0.383074
1,0.3757
1,0.111111
1,0.523612
1,0.533849
1,0.770976
1,0.878333
1,0.525723
1,0.688303
1,0.523876
1,0.046679
1,0.704765
1,0.252304
1,0.855906
1,0.232962
1,0.513146
1,0.169309
1,0.63891
1,0.093397
1,0.762556
1,0.260688
1,0.747704
1,0.649756
1,0.588261
1,0.43901
1,0.278187
1,0.712538
1,0.395471
1,0.494221
1,0.59958
1,0.489124
1,0.51418
1,0.204502
1,0.771456
1,0.20108
1,0.122212
1,0.359465
1,0.290479
1,0.643874
1,0.742586
1,0.05871
1,0.316236
1,0.488674
1,0.145172
1,0.592779
1,0.450082
1,0.715974
1,0.424674
1,0.321636
1,0.289425
1,0.346511
1,0.502449
1,0.479472
1,0.518238
1,0.620105
1,0.626542
1,0.539663
1,0.755623
1,0.701316
1,0.482903
1,0.685885
1,0.760318
1,0.599601
1,0.574805
1,0.685519
1,0.91587
1,0.370707
1,0.263173
1,0.403349
1,0.715809
1,0.319165
1,0.331786
1,0.290951
1,0.555362
1,0.319849
1,0.609081
1,0.948183
1,0.147103
1,0.569957
1,0.565322
1,0.695587
1,0.723044
1,0.043288
1,0.135484
1,0.099399
1,0.447192
1,0.854508
1,0.623156
1,0.542737
1,0.56393
1,0.595418
1,0.542913
1,0.544862
1,0.398029
1,0.28184
1,0.520563
1,0.880892
1,0.659731
1,0.676812
1,0.480396
1,0.564371
1,0.653234
1,0.377573
1,0.027626
1,0.348593
1,0.634105
1,0.642219
1,0.56867
1,0.660181
1,0.53625
1,0.191202
1,0.22865
1,0.583918
1,0.42758
1,0.639918
1,0.297322
1,0.792477
1,0.668848
1,0.667551
1,0.490273
1,0.506744
1,0.650984
1,0.455298
1,0.680587
1,0.83583
1,0.514145
1,0.21837
1,0.710403
1,0.772584
1,0.164556
1,0.359263
1,0.649773
1,0.873593
1,0.656851
1,0.406059
1,0.47544
1,0.751767
1,0.675754
1,0.332939
1,0.624609
1,0.545791
1,0.458245
1,0.488353
1,0.59989
1,0.683559
1,0.637414
1,0.506135
1,0.6931
1,0.61556
1,0.145005
1,0.226372
1,0.682067
1,0.447864
1,0.871222
1,0.288206
1,0.114466
1,0.617156
1,0.372323
1,0.42246
1,0.403536
1,0.51559
1,0.588974
1,0.662575
1,0.430045
1,0.136296
1,0.699795
1,0.84407
1,0.088178
1,0.353358
1,0.366931
1,0.516041
1,0.501976
1,0.34711
1,0.228288
1,0.497229
1,0.555147
1,0.382016
1,0.657136
1,0.364619
1,0.429019
1,0.479364
1,0.438806
1,0.540276
1,0.165453
1,0.133776
1,0.301866
1,0.789506
1,0.25402
1,0.070826
1,0.56118
1,0.51748
1,0.262759
1,0.350033
1,0.376301
1,0.448766
1,0.190113
1,0.565884
1,0.353842
1,0.305759
1,0.825109
1,0.481281
1,0.842496
1,0.525518
1,0.706039
1,0.571659
1,0.730127
1,0.491791
1,0.480582
1,0.874621
1,0.747739
1,0.668082
1,0.482924
1,0.86487
1,0.36837
1,0.548931
1,0.211943
1,0.897271
1,0.892443
1,0.29601
1,0.534381
1,0.357555
1,0.316911
1,0.653705
1,0.501835
1,0.462032
1,0.557655
1,0.465727
1,0.461279
1,0.498624
1,0.545206
1,0.612294
1,0.701966
1,0.899035
1,0.666788
1,0.308012
1,0.154485
1,0.532673
1,0.584532
1,0.485669
1,0.640773
1,0.519264
1,0.238424
1,0.346302
1,0.658228
1,0.942225
1,0.702935
1,0.234151
1,0.244808
1,0.593242
1,0.714696
1,0.783062
1,0.741004
1,0.169152
1,0.440634
1,0.740145
1,0.346449
1,0.033177
1,0.546577
1,0.353741
1,0.435096
1,0.596765
1,0.348618
1,0.610682
1,0.424141
1,0.007113
1,0.234142
1,0.053298
1,0.544412
1,0.512293
1,0.479686
1,0.343366
1,0.122939
1,0.556233
1,0.758392
1,0.517099
1,0.731425
1,0.469349
1,0.364578
1,0.328025
1,0.338976
1,0.408413
1,0.833982
1,0.688275
1,0.789629
1,0.766771
1,0.336285
1,0.733796
1,0.511043
1,0.356926
1,0.480639
1,0.593324
1,0.081418
1,0.251733
1,0.685797
1,0.305083
1,0.756043
1,0.732305
1,0.38423
1,0.113993
1,0.494982
1,0.690829
1,0.687031
1,0.685881
1,0.491775
1,0.665533
1,0.461919
1,0.215643
1,0.369935
1,0.258837
1,0.896881
1,0.624155
1,0.262129
1,0.319113
1,0.628122
1,0.347679
1,0.419186
1,0.632857
1,0.437276
1,0.532124
1,0.554653
1,0.270132
1,0.058262
1,0.635145
1,0.473579
1,0.077177
1,0.310191
1,0.359136
1,0.346794
1,0.252511
1,0.381531
1,0.410779
1,0.554385
1,0.598725
1,0.275307
1,0.448739
1,0.599159
1,0.635419
1,0.971219
1,0.401045
1,0.452248
1,0.72092
1,0.586768
1,0.871745
1,0.627637
1,0.368218
1,0.196094
1,0.399534
1,0.409502
1,0.78916
1,0.260764
1,0.462412
1,0.831353
1,0.260698
1,0.258052
1,0.388731
1,0.540084
1,0.834787
1,0.63188
1,0.506469
1,0.540606
1,0.615405
1,0.422131
1,0.36163
1,0.371074
1,0.360573
1,0.167703
1,0.73359
1,0.327802
1,0.297184
1,0.292349
1,0.270332
1,0.33991
1,0.548975
1,0.481342
1,0.471653
1,0.424864
1,0.662488
1,0.632429
1,0.277506
1,0.333532
1,0.385462
1,0.64625
1,0.602243
1,0.323467
1,0.085059
1,0.483476
1,0.423917
1,0.284442
1,0.470549
1,0.686311
1,0.601839
1,0.756144
1,0.402114
1,0.856385
1,0.670212
1,0.227962
1,0.729464
1,0.599046
1,0.392405
1,0.24742
1,0.597242
1,0.113107
1,0.055604
1,0.362212
1,0.332346
1,0.386976
1,0.811433
1,0.425631
1,0.582042
1,0.758482
1,0.400849
1,0.676419
1,0.458644
1,0.480028
1,0.569821
1,0.708971
1,0.448809
1,0.459027
1,0.388642
1,0.656269
1,0.364382
1,0.676353
1,0.743693
1,0.560487
1,0.452388
1,0.545383
1,0.298979
1,0.513099
1,0.44234
1,0.130662
1,0.449128
1,0.262376
1,0.397299
1,0.346999
1,0.635623
1,0.618517
1,0.515804
1,0.449229
1,0.472425
1,0.785758
1,0.594368
1,0.380954
1,0.391828
1,0.629801
1,0.486197
1,0.54495
1,0.439019
1,0.596067
1,0.215545
1,0.758053
1,0.632943
1,0.490962
1,0.396696
1,0.289249
1,0.515475
1,0.470613
1,0.192949
1,0.241868
1,0.201388
1,0.588178
1,0.583207
1,0.253947
1,0.555787
1,0.404107
1,0.5268
1,0.37826
1,0.483513
1,0.360034
1,0.712119
1,0.430991
1,0.516543
1,0.733518
1,0.639786
1,0.5429
1,0.066388
1,0.515744
1,0.425706
1,0.795269
1,0.470925
1,0.665933
1,0.505328
1,0.490228
1,0.439968
1,0.199511
1,0.524473
1,0.365327
1,0.262109
1,0.899432
1,0.590077
1,0.385711
1,0.680228
1,0.665666
1,0.659062
1,0.030621
1,0.475901
1,0.107672
1,0.462791
1,0.11142
1,0.365165
1,0.369202
1,0.714495
1,0.133373
1,0.126282
1,0.646535
1,0.554377
1,0.30372
1,0.480121
1,0.536621
1,0.462863
1,0.3532
1,0.721178
1,0.511324
1,0.56656
1,0.386193
1,0.873824
1,0.41032
1,0.365904
1,0.744926
1,0.571348
1,0.418476
1,0.467965
1,0.646481
1,0.366296
1,0.571368
1,0.650675
1,0.690488
0,0.452706
0,0.380651
0,0.578065
0,0.461943
0,0.282832
0,0.575043
0,0.501103
0,0.480087
0,0.613876
0,0.230786
0,0.532278
0,0.735367
0,0.765245
0,0.650996
0,0.568728
0,0.748257
0,0.498214
0,0.618407
0,0.324337
0,0.804897
0,0.397215
0,0.666111
0,0.60843
0,0.205
0,0.517043
0,0.086553
0,0.375686
0,0.370917
0,0.422156
0,0.565378
0,0.436177
0,0.678052
0,0.35634
0,0.665802
0,0.457841
0,0.496628
0,0.43668
0,0.881702
0,0.23263
0,0.822114
0,0.598816
0,0.40881
0,0.248913
0,0.385711
0,0.219928
0,0.492191
0,0.210346
0,0.270252
0,0.515599
0,0.429642
0,0.287116
0,0.146192
0,0.744647
0,0.361378
0,0.635964
0,0.818253
0,0.451486
0,0.82078
0,0.39682
0,0.717188
0,0.587321
0,0.579398
0,0.656299
0,0.717515
0,0.313208
0,0.147344
0,0.406155
0,0.492672
0,0.349154
0,0.395269
0,0.581229
0,0.195082
0,0.121999
0,0.481176
0,0.631428
0,0.251715
0,0.336934
0,0.314289
0,0.624053
0,0.556691
0,0.396865
0,0.477979
0,0.296789
0,0.317423
0,0.224073
0,0.146588
0,0.65231
0,0.622407
0,0.42753
0,0.538283
0,0.441063
0,0.486939
0,0.797159
0,0.1354
0,0.363104
0,0.533347
0,0.761641
0,0.574752
0,0.559269
0,0.630576
0,0.800581
0,0.671288
0,0.296597
0,0.682443
0,0.559869
0,0.475205
0,0.583523
0,0.222393
0,0.037158
0,0.416649
0,0.443728
0,0.444517
0,0.232357
0,0.33757
0,0.597595
0,0.14359
0,0.616913
0,0.274198
0,0.621473
0,0.14024
0,0.286236
0,0.334019
0,0.463752
0,0.563346
0,0.792172
0,0.402792
0,0.746844
0,0.466567
0,0.644964
0,0.14694
0,0.278214
0,0.253938
0,0.767298
0,0.617024
0,0.283915
0,0.672941
0,0.905158
0,0.886829
0,0.607641
0,0.894596
0,0.481432
0,0.658453
0,0.380219
0,0.794837
0,0.449828
0,0.759503
0,0.683402
0,0.531173
0,0.756139
0,0.325768
0,0.418593
0,0.37443
0,0.598862
0,0.416502
0,0.297007
0,0.580165
0,0.553949
0,0.564237
0,0.590492
0,0.725173
0,0.377098
0,0.415929
0,0.574117
0,0.308825
0,0.503313
0,0.295743
0,0.344687
0,0.289443
0,0.560578
0,0.364245
0,0.498285
0,0.449839
0,0.384573
0,0.131343
0,0.642213
0,0.240642
0,0.564945
0,0.510228
0,0.615988
0,0.341716
0,0.802044
0,0.695677
0,0.333878
0,0.367532
0,0.493404
0,0.69469
0,0.190397
0,0.652939
0,0.675534
0,0.587922
0,0.83773
0,0.482884
0,0.492742
0,0.414469
0,0.176295
0,0.739486
0,0.806681
0,0.265336
0,0.648565
0,0.803951
0,0.352208
0,0.556603
0,0.562608
0,0.649925
0,0.511634
0,0.505577
0,0.612439
0,0.345507
0,0.532982
0,0.444799
0,0.406424
0,0.120495
0,0.295564
0,0.685077
0,0.700058
0,0.270897
0,0.664736
0,0.631573
0,0.216495
0,0.07976
0,0.33063
0,0.416574
0,0.332065
0,0.541932
0,0.419408
0,0.545795
0,0.411644
0,0.46346
0,0.616896
0,0.518342
0,0.940092
0,0.836364
0,0.51478
0,0.478787
0,0.208669
0,0.235132
0,0.442049
0,0.16304
0,0.633447
0,0.476505
0,0.145229
0,0.848569
0,0.518681
0,0.761635
0,0.209418
0,0.756856
0,0.915398
0,0.320702
0,0.444698
0,0.597837
0,0.550284
0,0.33618
0,0.827082
0,0.180453
0,0.440557
0,0.828908
0,0.666959
0,0.506179
0,0.226462
0,0.467618
0,0.651058
0,0.778015
0,0.573619
0,0.609424
0,0.247008
0,0.461766
0,0.373718
0,0.522161
0,0.283305
0,0.355811
0,0.538611
0,0.560203
0,0.782077
0,0.401404
0,0.576558
0,0.335906
0,0.716339
0,0.783008
0,0.729633
0,0.421518
0,0.321788
0,0.411316
0,0.323549
0,0.684335
0,0.472092
0,0.338624
0,0.49639
0,0.545609
0,0.537223
0,0.798546
0,0.466945
0,0.518465
0,0.531177
0,0.609706
0,0.739167
0,0.613146
0,0.427467
0,0.771123
0,0.907002
0,0.221495
0,0.631005
0,0.5467
0,0.52909
0,0.723764
0,0.583601
0,0.271175
0,0.588551
0,0.426321
0,0.917615
0,0.66319
0,0.258722
0,0.777816
0,0.471722
0,0.288968
0,0.733044
0,0.487909
0,0.852763
0,0.118091
0,0.326265
0,0.352004
0,0.349817
0,0.34789
0,0.79259
0,0.555915
0,0.389989
0,0.447823
0,0.458689
0,0.320969
0,0.502073
0,0.878443
0,0.67225
0,0.255781
0,0.51625
0,0.579666
0,0.46668
0,0.710926
0,0.06865
0,0.318883
0,0.482288
0,0.766948
0,0.660634
0,0.298474
0,0.622442
0,0.514533
0,0.396918
0,0.609669
0,0.32473
0,0.502158
0,0.525528
0,0.567122
0,0.760174
0,0.70488
0,0.651561
0,0.690997
0,0.778301
0,0.348991
0,0.149373
0,0.488942
0,0.608833
0,0.550428
0,0.641949
0,0.448399
0,0.773695
0,0.617704
0,0.391925
0,0.603383
0,0.463913
0,0.27767
0,0.420669
0,0.4487
0,0.236918
0,0.357554
0,0.444178
0,0.319301
0,0.535907
0,0.73479
0,0.344321
0,0.60871
0,0.684004
0,0.288931
0,0.45413
0,0.19781
0,0.654246
0,0.586877
0,0.434375
0,0.239826
0,0.582314
0,0.639801
0,0.277429
0,0.396839
0,0.637865
0,0.563324
0,0.380128
0,0.452984
0,0.394071
0,0.752199
0,0.739471
0,0.468114
0,0.492918
0,0.437207
0,0.550287
0,0.571013
0,0.425551
0,0.664746
0,0.620927
0,0.320784
0,0.142397
0,0.659474
0,0.187213
0,0.903696
0,0.551703
0,0.506031
0,0.715118
0,0.782954
0,0.41665
0,0.237702
0,0.571575
0,0.449164
0,0.504195
0,0.503852
0,0.067988
0,0.616179
0,0.450992
0,0.626453
0,0.462904
0,0.734581
0,0.482086
0,0.532781
0,0.496988
0,0.775043
0,0.470424
0,0.512107
0,0.48421
0,0.411018
0,0.403778
0,0.482715
0,0.227117
0,0.211364
0,0.839602
0,0.338128
0,0.688398
0,0.233772
0,0.53461
0,0.121696
0,0.319566
0,0.914034
0,0.804127
0,0.420218
0,0.53682
0,0.381037
0,0.457546
0,0.434961
0,0.553309
0,0.190637
0,0.652462
0,0.399416
0,0.626403
0,0.307756
0,0.497739
0,0.521917
0,0.162681
0,0.498114
0,0.61313
0,0.870888
0,0.680311
0,0.400058
0,0.491784
0,0.590146
0,0.367409
0,0.762687
0,0.502301
0,0.254593
0,0.405927
0,0.231563
0,0.232161
0,0.885052
0,0.307111
0,0.65902
0,0.326315
0,0.647577
0,0.91828
0,0.487024
0,0.563349
0,0.589577
0,0.230266
0,0.180623
0,0.034721
0,0.666751
0,0.540088
0,0.145537
0,0.713875
0,0.540616
0,0.41093
0,0.915306
0,0.726611
0,0.633795
0,0.780215
0,0.240415
0,0.748205
0,0.599157
0,0.369405
0,0.315691
0,0.451835
0,0.505754
0,0.444111
0,0.440219
0,0.768208
0,0.306026
0,0.536121
0,0.858605
0,0.607118
0,0.29357
0,0.579371
0,0.745876
0,0.688823
0,0.449255
0,0.27972
0,0.473485
0,0.902205
0,0.773566
0,0.536281
0,0.098784
0,0.670369
0,0.861259
0,0.429993
0,0.553483
0,0.330097
0,0.596145
0,0.370958
0,0.541048
0,0.372597
0,0.703747
0,0.234034
0,0.480944
0,0.339709
0,0.189069
0,0.449521
0,0.75296
0,0.620978
0,0.329229
0,0.579603
0,0.114199
0,0.432967
0,0.307724
0,0.288602
0,0.316301
0,0.745546
0,0.364617
0,0.60725
0,0.526016
0,0.508293
0,0.364165
0,0.132588
0,0.495049
0,0.49953
0,0.551942
0,0.584515
0,0.534101
0,0.450728
0,0.289111
0,0.639372
0,0.76015
0,0.289654
0,0.444684
0,0.378222
0,0.147933
0,0.768081
0,0.353605
0,0.038672
0,0.225507
0,0.946664
0,0.395133
0,0.200268
0,0.60116
0,0.460402
0,0.352408
0,0.399678
0,0.290872
0,0.539876
0,0.964971
0,0.614755
0,0.369034
0,0.194862
0,0.516047
0,0.601873
0,0.908727
0,0.496509
0,0.274448
0,0.38281
0,0.363596
0,0.52221
0,0.282979
0,0.573326
0,0.420149
0,0.451069
0,0.726028
0,0.247928
0,0.631738
0,0.527399
0,0.398106
0,0.578594
0,0.264891
0,0.323877
0,0.656665
0,0.447159
0,0.392731
0,0.294309
0,0.47371
0,0.65049
0,0.41701
0,0.280782
0,0.26256
0,0.25566
0,0.272197
0,0.367695
0,0.59412
0,0.62393
0,0.769142
0,0.770752
0,0.267454
0,0.565332
0,0.714792
0,0.385143
0,0.289279
0,0.6544
0,0.785156
0,0.413884
0,0.745506
0,0.497229
0,0.158229
0,0.503232
0,0.141637
0,0.728611
0,0.480574
0,0.229468
0,0.653741
0,0.490767
0,0.364415
0,0.674279
0,0.618625
0,0.465838
0,0.385312
0,0.757831
0,0.434891
0,0.597839
0,0.33473
0,0.872142
0,0.41372
0,0.692962
0,0.515424
0,0.944772
0,0.231915
0,0.225979
0,0.387394
0,0.363273
0,0.804866
0,0.319083
0,0.409688
0,0.793624
0,0.45122
0,0.553876
0,0.708312
0,0.166975
0,0.386293
0,0.166695
0,0.25694
0,0.901858
0,0.597753
0,0.832044
0,0.53683
0,0.068053
0,0.808262
0,0.453251
0,0.271327
0,0.354403
0,0.084145
0,0.707392
0,0.634466
0,0.437795
0,0.664683
0,0.280169
0,0.455333
0,0.383646
0,0.044943
0,0.734887
0,0.499082
0,0.054062
0,0.547698
0,0.25604
0,0.18596
0,0.384599
0,0.608138
0,0.34511
0,0.381807
0,0.247533
0,0.204296
0,0.263055
0,0.125064
0,0.361911
0,0.775033
0,0.544065
0,0.519832
0,0.620424
0,0.334479
0,0.828092
0,0.752863
0,0.651668
0,0.138246
0,0.289368
0,0.458242
0,0.777035
0,0.312886
0,0.488978
0,0.77477
0,0.383075
0,0.552092
0,0.776286
0,0.426622
0,0.538632
0,0.929993
0,0.700483
0,0.25279
0,0.501095
0,0.513493
0,0.101155
0,0.455072
0,0.546
0,0.628015
0,0.280841
0,0.306937
0,0.62212
0,0.720433
0,0.175457
0,0.38113
0,0.166196
0,0.257483
0,0.66075
0,0.65197
0,0.460828
0,0.338637
0,0.310336
0,0.707917
0,0.358338
0,0.582892
0,0.565186
0,0.715697
0,0.537231
0,0.852321
0,0.483249
0,0.295458
0,0.728257
0,0.473274
0,0.239157
0,0.168543
0,0.308774
0,0.350822
0,0.040843
0,0.56843
0,0.050356
0,0.225295
0,0.836609
0,0.585308
0,0.673779
0,0.518761
0,0.399623
0,0.856555
0,0.362407
0,0.7183
0,0.365878
0,0.545694
0,0.690891
0,0.892995
0,0.351848
0,0.470533
0,0.27048
0,0.361244
0,0.379456
0,0.532898
0,0.485273
0,0.852579
0,0.607295
0,0.722305
0,0.650317
0,0.527847
0,0.640406
0,0.356089
0,0.588838
0,0.273513
0,0.648356
0,0.495996
0,0.604831
0,0.609035
0,0.783345
0,0.586832
0,0.650211
0,0.544847
0,0.510389
0,0.100537
0,0.575308
0,0.337708
0,0.36761
0,0.774412
0,0.780997
0,0.377052
0,0.520333
0,0.87895
0,0.747772
0,0.373461
0,0.700492
0,0.830249
0,0.59625
0,0.59131
0,0.376392
0,0.618232
0,0.346193
0,0.494216
0,0.762281
0,0.38172
0,0.445445
0,0.086857
0,0.683778
0,0.644377
0,0.552348
0,0.357229
0,0.608329
0,0.258699
0,0.595093
0,0.514067
0,0.374442
0,0.720411
0,0.666791
0,0.537928
0,0.361933
0,0.620557
0,0.614978
0,0.692662
0,0.624406
0,0.358562
0,0.711609
0,0.757496
0,0.238303
0,0.517767
0,0.361843
0,0.848107
0,0.364585
0,0.404133
0,0.394333
0,0.485025
0,0.637794
0,0.464305
0,0.141376
0,0.479093
0,0.861449
0,0.246057
0,0.119004
0,0.432905
0,0.291973
0,0.50884
0,0.479355
0,0.770024
0,0.377443
0,0.286081
0,0.103935
0,0.738297
0,0.437608
0,0.831364
0,0.527037
0,0.40387
0,0.18061
0,0.632726
0,0.391204
0,0.387658
0,0.410003
0,0.200177
0,0.305852
0,0.256425
0,0.56393
0,0.127549
0,0.685968
0,0.366231
0,0.655009
0,0.702384
0,0.257362
0,0.183372
0,0.805035
0,0.426706
0,0.856871
0,0.89397
0,0.289763
0,0.686903
0,0.53475
0,0.572932
0,0.637708
0,0.800493
0,0.543512
0,0.39675
0,0.094178
0,0.557301
0,0.524012
0,0.851508
0,0.667077
0,0.491997
0,0.604949
0,0.41425
0,0.239321
0,0.484594
0,0.838815
0,0.514902
0,0.823982
0,0.681069
0,0.541849
0,0.85646
0,0.612498
0,0.887549
0,0.556214
0,0.648747
0,0.298282
0,0.466701
0,0.576177
0,0.439112
0,0.464549
0,0.198877
0,0.842705
0,0.236525
0,0.499299
0,0.448203
0,0.1436
0,0.566694
0,0.850079
0,0.456888
0,0.791374
0,0.497021
0,0.423319
0,0.725938
0,0.326159
0,0.503511
0,0.501721
0,0.284311
0,0.666042
0,0.465525
0,0.427434
0,0.479157
0,0.712237
0,0.360908
0,0.769699
0,0.415317
0,0.172268
0,0.252058
0,0.213862
0,0.815977
0,0.394177
0,0.65207
0,0.48726
0,0.390049
0,0.707259
0,0.295478
0,0.687455
0,0.279791
0,0.404447
0,0.981848
0,0.203154
0,0.65227
0,0.333036
0,0.755623
0,0.481223
0,0.384276
0,0.586574
0,0.460992
0,0.2886
0,0.507698
0,0.865884
0,0.67461
0,0.238045
0,0.688575
0,0.490092
0,0.763301
0,0.477912
0,0.920675
0,0.232558
0,0.817668
0,0.688162
0,0.181271
0,0.416189
0,0.576024
0,0.799607
0,0.674852
0,0.224319
0,0.310013
0,0.507864
0,0.263068
0,0.567496
0,0.65535
0,0.476517
0,0.258911
0,0.238932
0,0.765178
0,0.049598
0,0.261216
0,0.39795
0,0.787433
0,0.378049
0,0.747699
0,0.630172
0,0.676663
0,0.510309
0,0.11646
0,0.407841
0,0.62943
0,0.143691
0,0.636722
0,0.733097
0,0.394581
0,0.283425
0,0.502591
0,0.884236
0,0.166007
0,0.628108
0,0.767241
0,0.280562
0,0.673166
0,0.644674
0,0.53213
0,0.726539
0,0.638917
0,0.27582
0,0.799113
0,0.198253
0,0.549226
0,0.36454
0,0.785112
0,0.452936
0,0.229021
0,0.149633
0,0.668101
0,0.720501
0,0.320723
0,0.316454
0,0.525132
0,0.665035
0,0.596656
0,0.647708
0,0.802796
0,0.493382
0,0.671253
0,0.27578
0,0.474061
0,0.537215
0,0.903395
0,0.84415
0,0.155618
0,0.482164
0,0.547139
0,0.202183
0,0.339267
0,0.096186
0,0.645532
0,0.445524
0,0.553271
0,0.281435
0,0.54455
0,0.39946
0,0.323428
0,0.305042
0,0.635459
0,0.570153
0,0.900006
0,0.633522
0,0.324606
0,0.707778
0,0.127788
0,0.623353
0,0.237635
0,0.484037
0,0.960786
0,0.235774
0,0.352841
0,0.823875
0,0.495837
0,0.199346
0,0.460986
0,0.415875
0,0.691798
0,0.629827
0,0.778788
0,0.586221
0,0.782617
0,0.289629
0,0.278565
0,0.275345
0,0.705902
0,0.415626
0,0.506517
0,0.502604
0,0.649914
0,0.145147
0,0.847765
0,0.635422
0,0.509374
0,0.457424
0,0.638672
0,0.525819
0,0.609867
0,0.510921
0,0.721941
0,0.565229
0,0.372158
0,0.687751
0,0.345236
0,0.584047
0,0.448252
0,0.493368
0,0.336061
0,0.378792
0,0.757507
0,0.751931
0,0.43853
0,0.416509
0,0.343859
0,0.787023
0,0.635783
0,0.230124
0,0.665297
0,0.545474
0,0.80867
0,0.265187
0,0.884805
0,0.557832
0,0.434426
0,0.583293
0,0.207176
0,0.470492
0,0.913846
0,0.601935
0,0.368884
0,0.719709
0,0.595854
0,0.580421
0,0.459306
0,0.62264
0,0.785944
0,0.621247
0,0.451062
0,0.65154
0,0.375136
0,0.791216
0,0.623853
0,0.72127
0,0.456027
0,0.352349
0,0.808567
0,0.49131
0,0.344308
0,0.24453
0,0.269648
0,0.430214
0,0.745749
0,0.635658
0,0.093955
0,0.216898
0,0.299995
0,0.656197
0,0.499584
0,0.619162
0,0.131999
0,0.425397
0,0.238606
0,0.299765
0,0.308137
0,0.47463
0,0.809077
0,0.855947
0,0.71904
0,0.126123
0,0.79631
0,0.616953
0,0.515392
0,0.174295
0,0.615873
0,0.226478
0,0.692296
0,0.354874
0,0.410992
0,0.717329
0,0.529784
0,0.314157
0,0.552997
0,0.498108
0,0.195307
0,0.464852
0,0.738348
0,0.696626
0,0.577035
0,0.647932
0,0.704369
0,0.528213
0,0.149497
0,0.486875
0,0.442494
0,0.661012
0,0.573049
0,0.857523
0,0.561921
0,0.706964
0,0.288907
0,0.39384
0,0.295103
0,0.585076
0,0.662869
0,0.128166
0,0.80621
0,0.25849
0,0.748901
0,0.314023
0,0.084345
0,0.548693
0,0.701015
0,0.230607
0,0.444911
0,0.367936
0,0.882862
0,0.380305
0,0.368086
0,0.438444
0,0.360419
0,0.689568
0,0.515498
0,0.896606
0,0.547229
0,0.565953
0,0.501598
0,0.329191
0,0.552834
0,0.62425
0,0.683974
0,0.245984
0,0.775379
0,0.879487
0,0.779905
0,0.552428
0,0.268127
0,0.881414
0,0.778746
0,0.524354
0,0.12408
0,0.312962
0,0.170966
0,0.402811
0,0.170558
0,0.133853
0,0.600276
0,0.780952
0,0.410169
0,0.131905
0,0.617799
0,0.340149
0,0.276281
0,0.483755
0,0.335878
0,0.283131
0,0.162422
0,0.460624
0,0.503359
0,0.66167
0,0.635862
0,0.511472
0,0.798878
0,0.010089
0,0.49764
0,0.34105
0,0.236405
0,0.86724
0,0.048806
0,0.490215
0,0.78544
0,0.662487
0,0.61104
0,0.82075
0,0.414486
0,0.160702
0,0.46317
0,0.299984
0,0.223302
0,0.084797
0,0.636152
0,0.526014
0,0.697405
0,0.296074
0,0.617731
0,0.399086
0,0.43669
0,0.74627
0,0.20943
0,0.587506
0,0.477967
0,0.301594
0,0.142342
0,0.568602
0,0.830296
0,0.857715
0,0.387296
0,0.53241
0,0.865218
0,0.273345
0,0.379108
0,0.41473
0,0.335228
0,0.85035
0,0.854787
0,0.83352
0,0.388386
0,0.575755
0,0.340213
0,0.479138
0,0.288121
0,0.170187
0,0.527748
0,0.474644
0,0.523108
0,0.133445
0,0.610451
0,0.824897
0,0.440892
0,0.753208
0,0.568257
0,0.656119
0,0.753084
0,0.172076
0,0.455828
0,0.455257
0,0.563487
0,0.603988
0,0.442055
0,0.582882
0,0.783523
0,0.436949
0,0.540411
0,0.687568
0,0.568559
0,0.555897
0,0.632643
0,0.681705
0,0.335135
0,0.38641
0,0.509151
0,0.33969
0,0.616429
0,0.277288
0,0.267839
0,0.770692
0,0.062678
0,0.30386
0,0.351862
0,0.132894
0,0.683344
0,0.275502
0,0.23861
0,0.219967
0,0.374208
0,0.53209
0,0.403714
0,0.149158
0,0.351625
0,0.343479
0,0.181512
0,0.563221
0,0.144477
0,0.902913
0,0.599188
0,0.313454
0,0.739441
0,0.510551
0,0.659454
0,0.920025
0,0.493835
0,0.325089
0,0.348136
0,0.728116
0,0.671465
0,0.588196
0,0.315696
0,0.609185
0,0.410598
0,0.37937
0,0.757477
0,0.540997
0,0.676448
0,0.463218
0,0.174037
0,0.399651
0,0.575856
0,0.421112
0,0.746207
0,0.305109
0,0.677056
0,0.755734
0,0.265489
0,0.232028
0,0.281476
0,0.571745
0,0.628136
0,0.470053
0,0.758246
0,0.394528
0,0.969414
0,0.249962
0,0.859711
0,0.821873
0,0.737071
0,0.38919
0,0.505
0,0.457017
0,0.542989
0,0.462911
0,0.160205
0,0.663202
0,0.128064
0,0.577789
0,0.527748
0,0.408325
0,0.385699
0,0.336398
0,0.429565
0,0.420401
0,0.695167
0,0.672025
0,0.404217
0,0.340899
0,0.350976
0,0.829945
0,0.224935
0,0.238385
0,0.412701
0,0.432244
0,0.790582
0,0.674253
0,0.272823
0,0.244363
0,0.341556
0,0.366957
0,0.289887
0,0.610033
0,0.791755
0,0.540758
0,0.306586
0,0.438796
0,0.665911
0,0.21604
0,0.584309
0,0.631488
0,0.48987
0,0.648317
0,0.591387
0,0.176295
0,0.419171
0,0.666572
0,0.332012
0,0.247158
0,0.58927
0,0.524935
0,0.319832
0,0.393415
0,0.42428
0,0.057466
0,0.606444
0,0.352232
0,0.013457
0,0.460154
0,0.362587
0,0.242232
0,0.420038
0,0.464291
0,0.347609
0,0.444062
0,0.287616
0,0.855511
0,0.39887
0,0.488023
0,0.861356
0,0.474291
0,0.691764
0,0.679675
0,0.114249
0,0.503211
0,0.459432
0,0.231917
0,0.207767
0,0.468403
0,0.421013
0,0.835841
0,0.655286
0,0.372492
0,0.774358
0,0.465866
0,0.56411
0,0.470246
0,0.155022
0,0.272524
0,0.057771
0,0.372356
0,0.598291
0,0.486232
0,0.571786
0,0.6698
0,0.449172
0,0.416216
0,0.705092
0,0.630065
0,0.147637
0,0.358673
0,0.292937
0,0.265803
0,0.299282
0,0.488022
0,0.511682
0,0.081819
0,0.790658
0,0.53325
0,0.82148
0,0.48832
0,0.747927
0,0.694806
0,0.605587
0,0.774056
0,0.461127
0,0.449488
0,0.253471
0,0.426594
0,0.443521
0,0.932163
0,0.121904
0,0.523575
0,0.342134
0,0.377489
0,0.026048
0,0.75293
0,0.304911
0,0.655374
0,0.773952
0,0.429576
0,0.182602
0,0.687272
0,0.763438
0,0.507509
0,0.625135
0,0.653688
0,0.37981
0,0.660853
0,0.64855
0,0.40392
0,0.528603
0,0.605399
0,0.55991
0,0.255076
0,0.70664
0,0.213665
0,0.146066
0,0.219832
0,0.463582
0,0.060995
0,0.446603
0,0.782411
0,0.651208
0,0.566615
0,0.399652
0,0.286424
0,0.547193
0,0.209038
0,0.787665
0,0.531589
0,0.093403
0,0.263044
0,0.497972
0,0.295414
0,0.71256
0,0.493735
0,0.197135
0,0.411504
0,0.549227
0,0.48914
0,0.119556
0,0.216111
0,0.668533
0,0.335413
0,0.535123
0,0.08152
0,0.744978
0,0.595855
0,0.343988
0,0.757284
0,0.156424
0,0.499683
0,0.304378
0,0.680002
0,0.752124
0,0.125567
0,0.396322
0,0.391787
0,0.756354
0,0.314333
0,0.783707
0,0.600485
0,0.017852
0,0.753983
0,0.542657
0,0.435261
0,0.259792
0,0.581047
0,0.589224
0,0.478171
0,0.587725
0,0.724344
0,0.706464
0,0.422013
0,0.519596
0,0.333609
0,0.464308
0,0.315884
0,0.351162
0,0.889082
0,0.665614
0,0.343463
0,0.70468
0,0.480461
0,0.56931
0,0.637097
0,0.577267
0,0.595999
0,0.527245
0,0.245276
0,0.647378
0,0.05199
0,0.821933
0,0.339154
0,0.378319
0,0.529727
0,0.476884
0,0.532097
0,0.75853
0,0.262625
0,0.45346
0,0.336202
0,0.95406
0,0.636023
0,0.419536
0,0.484547
0,0.203037
0,0.608847
0,0.109033
0,0.691697
0,0.576078
0,0.443105
0,0.468971
0,0.679064
0,0.433447
0,0.45808
0,0.67529
0,0.432939
0,0.487607
0,0.405034
0,0.625582
0,0.483189
0,0.643313
0,0.336136
0,0.400353
0,0.356358
0,0.691396
0,0.178113
0,0.504584
0,0.568211
0,0.449682
0,0.483851
0,0.718732
0,0.160417
0,0.326633
0,0.32536
0,0.411533
0,0.735123
0,0.50411
0,0.411163
0,0.487428
0,0.565416
0,0.39727
0,0.627413
0,0.19473
0,0.45934
0,0.450432
0,0.238564
0,0.572816
0,0.446573
0,0.346346
0,0.586092
0,0.514611
0,0.546959
0,0.635773
0,0.337185
0,0.131991
0,0.23652
0,0.397294
0,0.34824
0,0.296027
0,0.320488
0,0.151788
0,0.379659
0,0.059401
0,0.551657
0,0.437111
0,0.76361
0,0.636882
0,0.861268
0,0.17751
0,0.366307
0,0.613439
0,0.64972
0,0.529406
0,0.514954
0,0.318501
0,0.487828
0,0.348044
0,0.686937
0,0.432101
0,0.468602
0,0.555274
0,0.564118
0,0.648601
0,0.572953
0,0.60023
0,0.207741
0,0.613378
0,0.14027
0,0.503665
0,0.556504
0,0.833474
0,0.435352
0,0.742273
0,0.518709
0,0.595505
0,0.401747
0,0.846182
0,0.424464
0,0.565946
0,0.18598
0,0.531777
0,0.665153
0,0.59526
0,0.856918
0,0.920039
0,0.869052
0,0.497042
0,0.453707
0,0.556761
0,0.673078
0,0.311861
0,0.374812
0,0.67017
0,0.580735
0,0.223225
0,0.712664
0,0.458975
0,0.684411
0,0.690848
0,0.785003
0,0.548786
0,0.430046
0,0.510064
0,0.564118
0,0.061028
0,0.2419
0,0.36009
0,0.890435
0,0.643423
0,0.433085
0,0.660989
0,0.563398
0,0.410491
0,0.344473
0,0.616041
0,0.598444
0,0.291279
0,0.583468
0,0.601572
0,0.415194
0,0.676185
0,0.725748
0,0.908231
0,0.593543
0,0.819142
0,0.621809
0,0.394627
0,0.541013
0,0.376653
0,0.579023
0,0.284779
0,0.723124
0,0.773248
0,0.430706
0,0.855313
0,0.205443
0,0.543514
0,0.777533
0,0.82455
0,0.450934
0,0.162003
0,0.516704
0,0.541412
0,0.624888
0,0.361684
0,0.978259
0,0.676128
0,0.606618
0,0.364853
0,0.302414
0,0.600847
0,0.908757
0,0.403764
0,0.658
0,0.566463
0,0.687332
0,0.666795
0,0.427231
0,0.785491
0,0.515014
0,0.635888
0,0.463596
0,0.617289
0,0.853511
0,0.487312
0,0.48694
0,0.891177
0,0.614052
0,0.656138
0,0.459107
0,0.577897
0,0.80326
0,0.350041
0,0.240138
0,0.610407
0,0.4325
0,0.741591
0,0.931342
0,0.574817
0,0.363096
0,0.84732
0,0.331481
0,0.924629
0,0.415549
0,0.58536
0,0.623472
0,0.284399
0,0.078547
0,0.339314
0,0.451651
0,0.507517
0,0.301595
0,0.929371
0,0.228495
0,0.555937
0,0.590256
0,0.629172
0,0.47173
0,0.241033
0,0.743034
0,0.499198
0,0.587629
0,0.721757
0,0.337912
0,0.491518
0,0.193194
0,0.117323
0,0.643859
0,0.606695
0,0.118499
0,0.713141
0,0.421505
0,0.286767
0,0.444157
0,0.435306
0,0.307304
0,0.69708
0,0.626588
0,0.536096
0,0.770155
0,0.527087
0,0.264868
0,0.596658
0,0.563104
0,0.122448
0,0.33396
0,0.187729
0,0.903427
0,0.443103
0,0.068029
0,0.552931
0,0.506808
0,0.494817
0,0.345361
0,0.239341
0,0.344827
0,0.415509
0,0.614403
0,0.605795
0,0.600762
0,0.852771
0,0.608653
0,0.25137
0,0.396079
0,0.434735
0,0.594824
0,0.525819
0,0.565462
0,0.376082
0,0.721549
0,0.875457
0,0.62979
0,0.690108
0,0.598788
0,0.378975
0,0.411754
0,0.538501
0,0.578953
0,0.355208
0,0.419755
0,0.659552
0,0.559644
0,0.713712
0,0.382778
0,0.18497
0,0.705879
0,0.561748
0,0.373688
0,0.710328
0,0.496454
0,0.390526
0,0.59565
0,0.121235
0,0.637138
0,0.40276
0,0.537128
0,0.594639
0,0.780921
0,0.520373
0,0.909406
0,0.430078
0,0.913425
0,0.326668
0,0.388593
0,0.610637
0,0.49671
0,0.331721
0,0.295316
0,0.21563
0,0.627857
0,0.364623
0,0.449032
0,0.552679
0,0.317662
0,0.225211
0,0.345986
0,0.487107
0,0.389825
0,0.221346
0,0.291485
0,0.493269
0,0.742863
0,0.798485
0,0.173779
0,0.539825
0,0.764637
0,0.188136
0,0.427512
0,0.391844
0,0.817277
0,0.846712
0,0.667513
0,0.335916
0,0.69993
0,0.502632
0,0.655411
0,0.465001
0,0.439447
0,0.511166
0,0.282531
0,0.431786
0,0.277782
0,0.583394
0,0.667464
0,0.088753
0,0.412583
0,0.956523
0,0.584421
0,0.713791
0,0.476952
0,0.288489
0,0.718767
0,0.139365
0,0.372999
0,0.234279
0,0.334336
0,0.603019
0,0.304449
0,0.163286
0,0.321077
0,0.714892
0,0.361716
0,0.129626
0,0.583061
0,0.599355
0,0.206193
0,0.557536
0,0.637591
0,0.541528
0,0.167671
0,0.386936
0,0.435304
0,0.456839
0,0.34392
0,0.513766
0,0.745733
0,0.815214
0,0.44147
0,0.434546
0,0.637766
0,0.922181
0,0.383498
0,0.561069
0,0.399679
0,0.425191
0,0.192437
0,0.380308
0,0.612772
0,0.875952
0,0.871536
0,0.334255
0,0.675648
0,0.648473
0,0.659747
0,0.43561
0,0.205109
0,0.40949
0,0.355214
0,0.365233
0,0.588665
0,0.491285
0,0.718362
0,0.166055
0,0.246978
0,0.529821
0,0.309069
0,0.768715
0,0.4999
0,0.315084
0,0.520133
0,0.49239
0,0.40285
0,0.71024
0,0.405023
0,0.382292
0,0.705251
0,0.12195
0,0.88446
0,0.535227
0,0.492463
0,0.422304
0,0.711862
0,0.482054
0,0.919069
0,0.468535
0,0.625197
0,0.640587
0,0.564697
0,0.441027
0,0.612609
0,0.353501
0,0.462688
0,0.356524
0,0.331438
0,0.861136
0,0.661966
0,0.196966
0,0.893174
0,0.551558
0,0.182308
0,0.550435
0,0.705615
0,0.336928
0,0.863306
0,0.660691
0,0.301539
0,0.190051
0,0.180682
0,0.403436
0,0.505681
0,0.637379
0,0.66741
0,0.589996
0,0.469493
0,0.680232
0,0.702516
0,0.276719
0,0.037901
0,0.653859
0,0.866696
0,0.671824
0,0.166066
0,0.65664
0,0.291607
0,0.278586
0,0.426606
0,0.302548
0,0.493138
0,0.719229
0,0.551369
0,0.730398
0,0.505616
0,0.683539
0,0.28455
0,0.116145
0,0.245822
0,0.139592
0,0.693179
0,0.643109
0,0.358051
0,0.44927
0,0.769685
0,0.304782
0,0.327757
0,0.803509
0,0.487515
0,0.490034
0,0.643511
0,0.410379
0,0.528941
0,0.508784
0,0.698813
0,0.237088
0,0.500625
0,0.385041
0,0.653682
0,0.394142
0,0.30389
0,0.263495
0,0.134676
0,0.590306
0,0.658251
0,0.27742
0,0.664925
0,0.183889
0,0.290689
0,0.983004
0,0.535487
0,0.215972
0,0.314152
0,0.825145
0,0.753751
0,0.416076
0,0.475158
0,0.552016
0,0.563028
0,0.366457
0,0.322294
0,0.355558
0,0.75255
0,0.969319
0,0.331212
0,0.415846
0,0.553282
0,0.348645
0,0.324155
0,0.585231
0,0.287555
0,0.786933
0,0.545469
0,0.737023
0,0.702463
0,0.792762
0,0.350617
0,0.123837
0,0.335871
0,0.487398
0,0.129843
0,0.595682
0,0.162699
0,0.569509
0,0.820191
0,0.253026
0,0.422773
0,0.444556
0,0.436034
0,0.614958
0,0.7814
0,0.1884
0,0.228621
0,0.232559
0,0.347252
0,0.862774
0,0.247912
0,0.452326
0,0.484811
0,0.349153
0,0.372986
0,0.528004
0,0.608925
0,0.354685
0,0.266903
0,0.410697
0,0.350914
0,0.693091
0,0.320965
0,0.43137
0,0.447089
0,0.391203
0,0.798168
0,0.416249
0,0.510416
0,0.287296
0,0.620708
0,0.58097
0,0.451202
0,0.339286
0,0.528788
0,0.816597
0,0.39981
0,0.420973
0,0.836953
0,0.453803
0,0.943775
0,0.638076
0,0.290039
0,0.48839
0,0.180974
0,0.224899
0,0.688372
0,0.222479
0,0.406789
0,0.098892
0,0.21777
0,0.652657
0,0.291255
0,0.551595
0,0.286529
0,0.482056
0,0.834176
0,0.627912
0,0.465406
0,0.153088
0,0.837193
0,0.276753
0,0.395519
0,0.469686
0,0.561761
0,0.743078
0,0.390466
0,0.391665
0,0.893312
0,0.905469
0,0.119008
0,0.635048
0,0.512917
0,0.250183
0,0.423574
0,0.47728
0,0.588214
0,0.730619
0,0.013122
0,0.743875
0,0.68564
0,0.391544
0,0.303661
0,0.610843
0,0.705133
0,0.497919
0,0.225658
0,0.651551
0,0.328874
0,0.332639
0,0.445048
0,0.117472
0,0.558328
0,0.499362
0,0.625214
0,0.602797
0,0.289321
0,0.737771
0,0.624585
0,0.661429
0,0.282776
0,0.590903
0,0.352426
0,0.450522
0,0.447247
0,0.099526
0,0.37232
0,0.79031
0,0.436495
0,0.558828
0,0.532209
0,0.949193
0,0.458539
0,0.592708
0,0.250933
0,0.383493
0,0.51071
0,0.036315
0,0.70131
0,0.653071
0,0.348272
0,0.505927
0,0.600688
0,0.596646
0,0.380624
0,0.425739
0,0.477571
0,0.355557
0,0.500108
0,0.396463
0,0.671168
0,0.499303
0,0.582231
0,0.935336
0,0.514226
0,0.280093
0,0.665882
0,0.581562
0,0.5889
0,0.435037
0,0.446886
0,0.759494
0,0.634045
0,0.729442
0,0.602195
0,0.264701
0,0.687208
0,0.739947
0,0.545392
0,0.292743
0,0.591326
0,0.676229
0,0.563791
0,0.489943
0,0.073343
0,0.272782
0,0.333794
0,0.59638
0,0.351249
0,0.722623
0,0.390532
0,0.531561
0,0.507153
0,0.186034
0,0.538611
0,0.738058
0,0.296475
0,0.61988
0,0.596285
0,0.809422
0,0.721159
0,0.646244
0,0.839435
0,0.415695
0,0.660687
0,0.673977
0,0.822739
0,0.280552
0,0.202938
0,0.420841
0,0.622526
0,0.469506
0,0.521454
0,0.485006
0,0.482734
0,0.218089
0,0.429111
0,0.355136
0,0.715493
0,0.55798
0,0.56042
0,0.39352
0,0.27436
0,0.369528
0,0.308082
0,0.289734
0,0.440699
0,0.464275
0,0.685835
0,0.363115
0,0.310227
0,0.209285
0,0.555313
0,0.64283
0,0.435867
0,0.466036
0,0.736818
0,0.482464
0,0.369995
0,0.368371
0,0.668856
0,0.757663
0,0.521065
0,0.507469
0,0.713245
0,0.260301
0,0.251256
0,0.32068
0,0.232736
0,0.468553
0,0.778832
0,0.477868
0,0.786901
0,0.325746
0,0.180575
0,0.178095
0,0.387399
0,0.469124
0,0.488437
0,0.81765
0,0.633974
0,0.68023
0,0.356525
0,0.358451
0,0.727256
0,0.69668
0,0.715851
0,0.607234
0,0.388683
0,0.388356
0,0.008868
0,0.49627
0,0.822852
0,0.583774
0,0.389137
0,0.428506
0,0.526571
0,0.807788
0,0.377332
0,0.974278
0,0.684831
0,0.256655
0,0.552996
0,0.699124
0,0.81076
0,0.447627
0,0.277855
0,0.728722
0,0.695116
0,0.225097
0,0.565736
0,0.576657
0,0.783624
0,0.406335
0,0.463127
0,0.575498
0,0.420784
0,0.499287
0,0.629908
0,0.842146
0,0.159182
0,0.245144
0,0.471546
0,0.136529
0,0.281242
0,0.709716
0,0.964664
0,0.514296
0,0.444922
0,0.863165
0,0.345351
0,0.507767
0,0.528248
0,0.708649
0,0.560395
0,0.63694
0,0.27553
0,0.286818
0,0.945093
0,0.211737
0,0.50354
0,0.211915
0,0.709138
0,0.364151
0,0.442589
0,0.496775
0,0.526266
0,0.278696
0,0.155909
0,0.63726
0,0.83983
0,0.073341
0,0.399637
0,0.184997
0,0.775811
0,0.135085
0,0.347417
0,0.463746
0,0.646798
0,0.588249
0,0.798733
0,0.314251
0,0.321011
0,0.210677
0,0.508811
0,0.529333
0,0.618418
0,0.371441
0,0.357345
0,0.553727
0,0.191631
0,0.617567
0,0.500019
0,0.486968
0,0.542334
0,0.287891
0,0.338358
0,0.881169
0,0.578262
0,0.364714
0,0.49451
0,0.758124
0,0.477091
0,0.392304
0,0.432378
0,0.579656
0,0.890316
0,0.480085
0,0.357523
0,0.351992
0,0.373314
0,0.497811
0,0.623128
0,0.534775
0,0.411299
0,0.493986
0,0.286582
0,0.631061
0,0.619292
0,0.282097
0,0.577472
0,0.87041
0,0.178854
0,0.364018
0,0.117933
0,0.495169
0,0.464039
0,0.541608
0,0.49344
0,0.870088
0,0.12379
0,0.418809
0,0.55526
0,0.361728
0,0.282258
0,0.340656
0,0.582831
0,0.561845
0,0.66658
0,0.517143
0,0.375432
0,0.54224
0,0.603546
0,0.619029
0,0.518209
0,0.190191
0,0.665259
0,0.50004
0,0.456637
0,0.95852
0,0.35685
0,0.184009
0,0.973631
0,0.588105
0,0.049281
0,0.850057
0,0.479764
0,0.175847
0,0.346896
0,0.669529
0,0.680404
0,0.285604
0,0.716143
0,0.983454
0,0.307997
0,0.886494
0,0.524592
0,0.545432
0,0.678221
0,0.574464
0,0.443219
0,0.364813
0,0.846612
0,0.695349
0,0.628295
0,0.522373
0,0.643075
0,0.671158
0,0.609958
0,0.336525
0,0.81621
0,0.344692
0,0.860679
0,0.723647
0,0.514102
0,0.510957
0,0.142679
0,0.067687
0,0.324312
0,0.133072
0,0.341438
0,0.043471
0,0.272653
0,0.575341
0,0.736486
0,0.930282
0,0.60127
0,0.638002
0,0.294822
0,0.72258
0,0.356971
0,0.881811
0,0.39208
0,0.427276
0,0.406297
0,0.582341
0,0.552003
0,0.304267
0,0.289065
0,0.541772
0,0.217497
0,0.640906
0,0.29729
0,0.479288
0,0.656068
0,0.606854
0,0.394716
0,0.342875
0,0.582192
0,0.709377
0,0.906838
0,0.444955
0,0.74316
0,0.43215
0,0.387067
0,0.525281
0,0.504389
0,0.622853
0,0.372076
0,0.627042
0,0.389075
0,0.14534
0,0.478243
0,0.809493
0,0.787783
0,0.621357
0,0.304119
0,0.660187
0,0.150392
0,0.35384
0,0.503928
0,0.817412
0,0.037438
0,0.500357
0,0.544372
0,0.212723
0,0.338912
0,0.457208
0,0.489483
0,0.372746
0,0.769895
0,0.512809
0,0.338098
0,0.740117
0,0.551257
0,0.772978
0,0.677779
0,0.660388
0,0.460892
0,0.486211
0,0.516027
0,0.381964
0,0.634331
0,0.349846
0,0.515791
0,0.678487
0,0.381977
0,0.370433
0,0.293096
0,0.255303
0,0.128787
0,0.535309
0,0.250344
0,0.691467
0,0.514669
0,0.681302
0,0.329119
0,0.619041
0,0.409373
0,0.885507
0,0.643245
0,0.522697
0,0.392428
0,0.454148
0,0.476845
0,0.387505
0,0.69167
0,0.517038
0,0.510663
0,0.635637
0,0.76964
0,0.611588
0,0.464497
0,0.529446
0,0.566515
0,0.341991
0,0.990031
0,0.646168
0,0.509525
0,0.311941
0,0.446074
0,0.478893
0,0.36708
0,0.431603
0,0.159509
0,0.396858
0,0.545342
0,0.67633
0,0.802867
0,0.298469
0,0.472146
0,0.720531
0,0.809548
0,0.668877
0,0.389619
0,0.283608
0,0.105204
0,0.472511
0,0.30315
0,0.336068
0,0.388792
0,0.38702
0,0.533662
0,0.408957
0,0.543177
0,0.69033
0,0.466666
0,0.081294
0,0.391625
0,0.498503
0,0.451947
0,0.872143
0,0.802301
0,0.540557
0,0.625233
0,0.719217
0,0.673897
0,0.249855
0,0.689616
0,0.449379
0,0.809534
0,0.336514
0,0.341212
0,0.325531
0,0.765986
0,0.35007
0,0.579431
0,0.587325
0,0.079408
0,0.385313
0,0.666149
0,0.372027
0,0.640364
0,0.279728
0,0.242204
0,0.396126
0,0.36973
0,0.757333
0,0.266598
0,0.167872
0,0.402919
0,0.926872
0,0.229113
0,0.806378
0,0.592838
0,0.284229
0,0.08485
0,0.360609
0,0.735669
0,0.318731
0,0.548518
0,0.600336
0,0.414354
0,0.507223
0,0.940484
0,0.089119
0,0.389337
0,0.576693
0,0.67316
0,0.433201
0,0.56959
0,0.361452
0,0.523458
0,0.342001
0,0.545062
0,0.791714
0,0.396625
0,0.713488
0,0.392226
0,0.430799
0,0.627684
0,0.830239
0,0.418182
0,0.826198
0,0.519482
0,0.2744
0,0.50386
0,0.200852
0,0.397778
0,0.609091
0,0.609076
0,0.531186
0,0.599713
0,0.441051
0,0.513704
0,0.121721
0,0.690283
0,0.828073
0,0.161799
0,0.638742
0,0.472877
0,0.393417
0,0.028542
0,0.450967
0,0.349886
0,0.451578
0,0.099318
0,0.298203
0,0.204756
0,0.015994
0,0.392853
0,0.577126
0,0.671351
0,0.530819
0,0.930257
0,0.507259
0,0.56909
0,0.028885
0,0.513485
0,0.557236
0,0.322781
0,0.515729
0,0.434199
0,0.363619
0,0.660146
0,0.533099
0,0.322807
0,0.698784
0,0.170195
0,0.319806
0,0.527628
0,0.585769
0,0.670789
0,0.786052
0,0.695972
0,0.385274
0,0.587955
0,0.452707
0,0.670304
0,0.770685
0,0.324609
0,0.642586
0,0.470468
0,0.756675
0,0.273852
0,0.357768
0,0.625358
0,0.517246
0,0.699605
0,0.727364
0,0.720435
0,0.418203
0,0.30066
0,0.589816
0,0.318131
0,0.667069
0,0.559901
0,0.311061
0,0.128217
0,0.825727
0,0.637875
0,0.524351
0,0.485548
0,0.209668
0,0.256126
0,0.663677
0,0.26512
0,0.748918
0,0.533931
0,0.35923
0,0.816658
0,0.639022
0,0.488835
0,0.505654
0,0.482144
0,0.433093
0,0.640677
0,0.544688
0,0.885864
0,0.746617
0,0.769311
0,0.587412
0,0.587868
0,0.362408
0,0.603218
0,0.891656
0,0.333477
0,0.877005
0,0.952494
0,0.500036
0,0.361617
0,0.709271
0,0.62524
0,0.628757
0,0.510439
0,0.702548
0,0.611879
0,0.631866
0,0.339158
0,0.064713
0,0.379914
0,0.792745
0,0.58248
0,0.408727
0,0.634569
0,0.092905
0,0.544962
0,0.470159
0,0.451378
0,0.617833
0,0.467608
0,0.15291
0,0.253475
0,0.635398
0,0.505231
0,0.278688
0,0.611119
0,0.538788
0,0.501087
0,0.477418
0,0.754694
0,0.3201
0,0.631682
0,0.339247
0,0.480604
0,0.433281
0,0.67182
0,0.232851
0,0.458151
0,0.657385
0,0.669703
0,0.933205
0,0.917221
0,0.479461
0,0.669246
0,0.521338
0,0.565058
0,0.496068
0,0.430776
0,0.502372
0,0.601243
0,0.393916
0,0.474893
0,0.226849
0,0.749531
0,0.311358
0,0.540141
0,0.437534
0,0.544857
0,0.417709
0,0.423535
0,0.577666
0,0.304547
0,0.362904
0,0.317226
0,0.714805
0,0.586482
0,0.201776
0,0.624215
0,0.763718
0,0.17012
0,0.565107
0,0.680055
0,0.369071
0,0.788151
0,0.298635
0,0.511935
0,0.781847
0,0.665202
0,0.689576
0,0.762967
0,0.433907
0,0.336226
0,0.361274
0,0.576094
0,0.366717
0,0.531754
0,0.885032
0,0.836985
0,0.547057
0,0.445376
0,0.296565
0,0.779306
0,0.443057
0,0.349417
0,0.713818
0,0.89267
0,0.356582
0,0.470215
0,0.637248
0,0.54397
0,0.828726
0,0.807295
0,0.299684
0,0.65694
0,0.640844
0,0.274774
0,0.625819
0,0.217703
0,0.872523
0,0.462853
0,0.656165
0,0.291418
0,0.438838
0,0.536559
0,0.794254
0,0.616488
0,0.855943
0,0.413654
0,0.579581
0,0.070143
0,0.491519
0,0.350251
0,0.500189
0,0.620307
0,0.102957
0,0.636291
0,0.436483
0,0.512425
0,0.156385
0,0.790981
0,0.635342
0,0.503862
0,0.572632
0,0.722691
0,0.458223
0,0.750233
0,0.394163
0,0.441592
0,0.647891
0,0.782567
0,0.773894
0,0.516586
0,0.615762
0,0.882837
0,0.641461
0,0.413219
0,0.370843
0,0.369429
0,0.279587
0,0.321689
0,0.729023
0,0.583193
0,0.236366
0,0.30915
0,0.396289
0,0.191771
0,0.350526
0,0.769287
0,0.363262
0,0.326779
0,0.553865
0,0.913293
0,0.620971
0,0.649999
0,0.542212
0,0.848634
0,0.582057
0,0.357832
0,0.593015
0,0.632166
0,0.929082
0,0.343284
0,0.369945
0,0.132305
0,0.485977
0,0.571148
0,0.713527
0,0.218187
0,0.1072
0,0.316987
0,0.32202
0,0.322491
0,0.516832
0,0.247573
0,0.360215
0,0.684045
0,0.16287
0,0.376661
0,0.516937
0,0.344937
0,0.420847
0,0.127967
0,0.62717
0,0.635183
0,0.815886
0,0.560435
0,0.37494
0,0.7528
0,0.142949
0,0.733496
0,0.72015
0,0.2768
0,0.254041
0,0.24848
0,0.32105
0,0.318688
0,0.9182
0,0.506523
0,0.358986
0,0.649549
0,0.446783
0,0.625169
0,0.490344
0,0.363605
0,0.211132
0,0.484873
0,0.318422
0,0.16365
0,0.901473
0,0.399957
0,0.546179
0,0.248394
0,0.379101
0,0.627619
0,0.311218
0,0.346033
0,0.488924
0,0.806003
0,0.413967
0,0.270552
0,0.507306
0,0.29154
0,0.034236
0,0.354263
0,0.569862
0,0.853872
0,0.852392
0,0.500833
0,0.174975
0,0.222238
0,0.684794
0,0.305558
0,0.620419
0,0.433815
0,0.448528
0,0.636432
0,0.536265
0,0.432615
0,0.291455
0,0.685604
0,0.334374
0,0.663926
0,0.142714
0,0.752571
0,0.489137
0,0.624317
0,0.408754
0,0.057637
0,0.504616
0,0.656737
0,0.751762
0,0.341196
0,0.530212
0,0.272447
0,0.422486
0,0.520883
0,0.330716
0,0.47229
0,0.277633
0,0.317555
0,0.704422
0,0.534704
0,0.727615
0,0.174332
0,0.74891
0,0.385875
0,0.376562
0,0.647699
0,0.579497
0,0.418829
0,0.327722
0,0.48632
0,0.37723
0,0.722352
0,0.155281
0,0.474171
0,0.407442
0,0.871489
0,0.675725
0,0.722126
0,0.028122
0,0.5546
0,0.993582
0,0.793127
0,0.773464
0,0.555134
0,0.832732
0,0.597478
0,0.332437
0,0.939985
0,0.484054
0,0.621866
0,0.449768
0,0.635872
0,0.314353
0,0.300082
0,0.516721
0,0.135835
0,0.317078
0,0.628252
0,0.587255
0,0.100885
0,0.367365
0,0.600722
0,0.109554
0,0.367528
0,0.582989
0,0.607729
0,0.264921
0,0.224212
0,0.816594
0,0.551075
0,0.585136
0,0.529416
0,0.677994
0,0.323188
0,0.154944
0,0.55662
0,0.207141
0,0.430766
0,0.363147
0,0.680024
0,0.349714
0,0.584657
0,0.569402
0,0.803891
0,0.825629
0,0.685473
0,0.864444
0,0.767865
0,0.810271
0,0.90567
0,0.521576
0,0.374671
0,0.287948
0,0.221282
0,0.735771
0,0.304172
0,0.66293
0,0.834679
0,0.324115
0,0.56232
0,0.490634
0,0.680375
0,0.259119
0,0.619363
0,0.432774
0,0.891421
0,0.409391
0,0.484168
0,0.564417
0,0.401405
0,0.581468
0,0.538952
0,0.641918
0,0.492446
0,0.451811
0,0.638035
0,0.510194
0,0.281095
0,0.40648
0,0.587195
0,0.619119
0,0.39966
0,0.662206
0,0.33421
0,0.363168
0,0.385859
0,0.773878
0,0.697333
0,0.675082
0,0.710552
0,0.464953
0,0.867103
0,0.498968
0,0.638286
0,0.650224
0,0.453141
0,0.319417
0,0.555576
0,0.681828
0,0.79684
0,0.548876
0,0.53075
0,0.347974
0,0.492165
0,0.307901
0,0.609902
0,0.804807
0,0.710972
0,0.916272
0,0.857872
0,0.719654
0,0.509457
0,0.315873
0,0.190225
0,0.448536
0,0.368964
0,0.424124
0,0.214831
0,0.548094
0,0.571583
0,0.397274
0,0.367168
0,0.494577
0,0.690765
0,0.55292
0,0.669779
0,0.377387
0,0.421083
0,0.340618
0,0.194001
0,0.475335
0,0.402549
0,0.948423
0,0.380795
0,0.480019
0,0.359551
0,0.28012
0,0.513064
0,0.561765
0,0.10738
0,0.347312
0,0.103853
0,0.649272
0,0.603873
0,0.621843
0,0.780008
0,0.361141
0,0.564211
0,0.156718
0,0.474528
0,0.617853
0,0.626707
0,0.552302
0,0.484531
0,0.35445
0,0.578511
0,0.367718
0,0.515556
0,0.925931
0,0.434832
0,0.502861
0,0.66123
0,0.566286
0,0.55383
0,0.160503
0,0.408284
0,0.639159
0,0.897149
0,0.648623
0,0.328293
0,0.45954
0,0.511743
0,0.417656
0,0.370046
0,0.672357
0,0.363971
0,0.444706
0,0.870707
0,0.061382
0,0.665785
0,0.424378
0,0.549119
0,0.411541
0,0.706693
0,0.584769
0,0.546333
0,0.437752
0,0.427924
0,0.434039
0,0.540499
0,0.116617
0,0.744352
0,0.3308
0,0.540365
0,0.362638
0,0.282906
0,0.554868
0,0.632071
0,0.856295
0,0.436494
0,0.349886
0,0.415852
0,0.524081
0,0.628848
0,0.790509
0,0.539817
0,0.213428
0,0.483561
0,0.567352
0,0.761083
0,0.248553
0,0.226065
0,0.196605
0,0.878087
0,0.038547
0,0.405834
0,0.766443
0,0.410444
0,0.328885
0,0.223674
0,0.708254
0,0.379628
0,0.723894
0,0.529257
0,0.536049
0,0.748989
0,0.478032
0,0.450857
0,0.857373
0,0.36776
0,0.451161
0,0.675607
0,0.304232
0,0.703984
0,0.543971
0,0.440463
0,0.470042
0,0.763007
0,0.292697
0,0.413842
0,0.551807
0,0.758415
0,0.625404
0,0.152731
0,0.515283
0,0.128648
0,0.832911
0,0.636081
0,0.507674
0,0.410694
0,0.288676
0,0.518806
0,0.345599
0,0.174962
0,0.634322
0,0.415799
0,0.459701
0,0.898467
0,0.178564
0,0.886691
0,0.267958
0,0.401509
0,0.386074
0,0.238076
0,0.585458
0,0.591243
0,0.592576
0,0.360949
0,0.831325
0,0.171364
0,0.285113
0,0.837789
0,0.042977
0,0.578266
0,0.492296
0,0.361703
0,0.437009
0,0.323348
0,0.101023
0,0.453222
0,0.758642
0,0.449346
0,0.694816
0,0.669667
0,0.397842
0,0.651931
0,0.782089
0,0.282628
0,0.406823
0,0.57221
0,0.661003
0,0.538384
0,0.526312
0,0.882338
0,0.850683
0,0.480206
0,0.433105
0,0.563904
0,0.716825
0,0.422062
0,0.465243
0,0.126112
0,0.087263
0,0.679187
0,0.659261
0,0.635464
0,0.07726
0,0.648644
0,0.790409
0,0.606146
0,0.325056
0,0.846988
0,0.380734
0,0.593818
0,0.465651
0,0.434911
0,0.736835
0,0.90019
0,0.450501
0,0.472911
0,0.123924
0,0.296525
0,0.675338
0,0.1946
0,0.811644
0,0.309312
0,0.728595
0,0.31893
0,0.295795
0,0.448753
0,0.461717
0,0.673268
0,0.637486
0,0.59608
0,0.310313
0,0.610281
0,0.487626
0,0.544871
0,0.40041
0,0.498654
0,0.603669
0,0.485276
0,0.852928
0,0.255097
0,0.575962
0,0.353255
0,0.437097
0,0.469115
0,0.016661
0,0.523993
0,0.414883
0,0.463713
0,0.481031
0,0.884494
0,0.469886
0,0.277353
0,0.574724
0,0.315701
0,0.71101
0,0.693247
0,0.471062
0,0.562939
0,0.438818
0,0.247482
0,0.353866
0,0.545289
0,0.74058
0,0.86969
0,0.399842
0,0.550496
0,0.444656
0,0.540739
0,0.026844
0,0.534495
0,0.41152
0,0.548899
0,0.094737
0,0.714086
0,0.618397
0,0.478359
0,0.80831
0,0.76354
0,0.586105
0,0.344998
0,0.534242
0,0.444633
0,0.63869
0,0.473305
0,0.614462
0,0.225316
0,0.711343
0,0.34983
0,0.365211
0,0.53304
0,0.589205
0,0.717307
0,0.551367
0,0.684109
0,0.585309
0,0.407717
0,0.623217
0,0.487776
0,0.370856
0,0.298668
0,0.544494
0,0.107971
0,0.230372
0,0.465247
0,0.705589
0,0.701536
0,0.019841
0,0.27908
0,0.791556
0,0.249185
0,0.296891
0,0.85662
0,0.61792
0,0.49292
0,0.685819
0,0.43877
0,0.317701
0,0.372564
0,0.585944
0,0.606551
0,0.098975
0,0.47141
0,0.625588
0,0.480681
0,0.352252
0,0.408561
0,0.197783
0,0.730806
0,0.470519
0,0.488682
0,0.668557
0,0.718978
0,0.712919
0,0.181242
0,0.34975
0,0.594508
0,0.806794
0,0.437169
0,0.697172
0,0.535357
0,0.794838
0,0.794538
0,0.401232
0,0.73524
0,0.272636
0,0.334123
0,0.254711
0,0.185706
0,0.268819
0,0.567856
0,0.594278
0,0.325045
0,0.151045
0,0.663494
0,0.290618
0,0.379455
0,0.55729
0,0.545664
0,0.580191
0,0.479228
0,0.449018
0,0.335353
0,0.523238
0,0.411033
0,0.599102
0,0.852844
0,0.715792
0,0.343078
0,0.602178
0,0.674014
0,0.359884
0,0.161941
0,0.899412
0,0.81511
0,0.320083
0,0.706843
0,0.601321
0,0.660882
0,0.338071
0,0.482747
0,0.18678
0,0.466268
0,0.540155
0,0.888685
0,0.260885
0,0.418906
0,0.543326
0,0.41363
0,0.74712
0,0.354298
0,0.830284
0,0.757716
0,0.080362
0,0.222402
0,0.490933
0,0.590208
0,0.437637
0,0.621004
0,0.327085
0,0.751361
0,0.722603
0,0.531628
0,0.352046
0,0.333615
0,0.220694
0,0.285059
0,0.514382
0,0.463017
0,0.63975
0,0.722662
0,0.107577
0,0.452143
0,0.415954
0,0.702605
0,0.377391
0,0.509698
0,0.325726
0,0.481087
0,0.655899
0,0.062985
0,0.410244
0,0.048994
0,0.265596
0,0.242941
0,0.776004
0,0.373718
0,0.680404
0,0.354641
0,0.557219
0,0.564411
0,0.312704
0,0.612836
0,0.373787
0,0.519824
0,0.466339
0,0.49564
0,0.494522
0,0.452852
0,0.364496
0,0.356467
0,0.588627
0,0.655329
0,0.873273
0,0.249315
0,0.782457
0,0.242732
0,0.601111
0,0.074816
0,0.678383
0,0.157394
0,0.400159
0,0.195979
0,0.443624
0,0.569649
0,0.664704
0,0.453075
0,0.700823
0,0.488454
0,0.618273
0,0.322567
0,0.419344
0,0.505985
0,0.680764
0,0.661251
0,0.394774
0,0.632946
0,0.76622
0,0.196361
0,0.357916
0,0.479246
0,0.655013
0,0.301543
0,0.629077
0,0.777395
0,0.465376
0,0.209234
0,0.288009
0,0.640614
0,0.35777
0,0.270623
0,0.28588
0,0.595658
0,0.659986
0,0.425514
0,0.361707
0,0.746339
0,0.378624
0,0.744762
0,0.255215
0,0.414239
0,0.579646
0,0.728488
0,0.937199
0,0.675707
0,0.494579
0,0.518895
0,0.797658
0,0.652948
0,0.744316
0,0.680796
0,0.596527
0,0.557471
0,0.349694
0,0.168544
0,0.220624
0,0.55821
0,0.644941
0,0.599315
0,0.654484
0,0.357025
0,0.282313
0,0.923186
0,0.414388
0,0.578672
0,0.541164
0,0.588519
0,0.478233
0,0.516046
0,0.548744
0,0.577711
0,0.86664
0,0.611976
0,0.123612
0,0.596268
0,0.048276
0,0.609905
0,0.376885
0,0.428946
0,0.573602
0,0.584003
0,0.528637
0,0.375163
0,0.296314
0,0.302674
0,0.808107
0,0.552627
0,0.526014
0,0.638045
0,0.653736
0,0.616969
0,0.298807
0,0.777257
0,0.414013
0,0.403311
0,0.624273
0,0.449002
0,0.173142
0,0.569047
0,0.442443
0,0.38755
0,0.420097
0,0.225731
0,0.911846
0,0.710661
0,0.342456
0,0.452702
0,0.464517
0,0.246415
0,0.316672
0,0.567416
0,0.547674
0,0.607338
0,0.290715
0,0.482846
0,0.381092
0,0.833555
0,0.668818
0,0.170658
0,0.163521
0,0.262229
0,0.460666
0,0.660598
0,0.470825
0,0.250369
0,0.512383
0,0.750143
0,0.418965
0,0.234451
0,0.316484
0,0.562509
0,0.797102
0,0.492693
0,0.37255
0,0.427229
0,0.444473
0,0.270997
0,0.744396
0,0.681226
0,0.163842
0,0.484499
0,0.285718
0,0.41755
0,0.636035
0,0.501178
0,0.299793
0,0.634254
0,0.438014
0,0.82844
0,0.868862
0,0.173401
0,0.300714
0,0.242892
0,0.70063
0,0.327071
0,0.725998
0,0.309823
0,0.540383
0,0.280463
0,0.667914
0,0.791373
0,0.535841
0,0.460147
0,0.645405
0,0.378961
0,0.34223
0,0.19802
0,0.748825
0,0.842066
0,0.698255
0,0.485289
0,0.514189
0,0.7138
0,0.503362
0,0.766337
0,0.487808
0,0.239157
0,0.212159
0,0.684305
0,0.655196
0,0.803191
0,0.309594
0,0.100106
0,0.330821
0,0.583155
0,0.235096
0,0.833564
0,0.680436
0,0.298843
0,0.537265
0,0.503362
0,0.495554
0,0.874754
0,0.689893
0,0.573631
0,0.652822
0,0.369549
0,0.752267
0,0.441216
0,0.709399
0,0.72149
0,0.424717
0,0.827293
0,0.728198
0,0.272361
0,0.39114
0,0.889075
0,0.413747
0,0.552475
0,0.18099
0,0.076951
0,0.750137
0,0.661545
0,0.425575
0,0.429534
0,0.266772
0,0.719607
0,0.791629
0,0.661314
0,0.233268
0,0.749217
0,0.847465
0,0.447762
0,0.76287
0,0.592774
0,0.500384
0,0.281076
0,0.571244
0,0.429634
0,0.576964
0,0.861181
0,0.422258
0,0.619192
0,0.116943
0,0.348805
0,0.761447
0,0.56709
0,0.377908
0,0.44818
0,0.368843
0,0.50015
0,0.356641
0,0.048595
0,0.747187
0,0.382692
0,0.52022
0,0.714199
0,0.8116
0,0.78279
0,0.32496
0,0.464238
0,0.516824
0,0.322809
0,0.695214
0,0.22189
0,0.245536
0,0.309132
0,0.086243
0,0.83558
0,0.43074
0,0.478156
0,0.371935
0,0.330093
0,0.350929
0,0.629506
0,0.279522
0,0.42273
0,0.067814
0,0.939327
0,0.52997
0,0.381847
0,0.423232
0,0.657099
0,0.437903
0,0.355775
0,0.474341
0,0.209326
0,0.512622
0,0.504426
0,0.91902
0,0.794265
0,0.574999
0,0.669191
0,0.136524
0,0.266626
0,0.655614
0,0.153289
0,0.342099
0,0.488434
0,0.062397
0,0.264442
0,0.86611
0,0.629049
0,0.545122
0,0.574733
0,0.2078
0,0.295945
0,0.461953
0,0.61746
0,0.132592
0,0.20595
0,0.46371
0,0.679673
0,0.462667
0,0.20609
0,0.449997
0,0.448031
0,0.312651
0,0.379936
0,0.653738
0,0.28806
0,0.297299
0,0.507673
0,0.797143
0,0.396593
0,0.357196
0,0.332921
0,0.725449
0,0.418729
0,0.528806
0,0.680709
0,0.708353
0,0.365941
0,0.448611
0,0.662332
0,0.691315
0,0.252594
0,0.597775
0,0.274313
0,0.601724
0,0.164551
0,0.857818
0,0.575892
0,0.275982
0,0.288737
0,0.222091
0,0.945368
0,0.284461
0,0.587139
0,0.328603
0,0.395222
0,0.354994
0,0.38787
0,0.191746
0,0.348417
0,0.512482
0,0.042867
0,0.395975
0,0.326355
0,0.478208
0,0.314067
0,0.385321
0,0.694774
0,0.524776
0,0.313001
0,0.187692
0,0.612911
0,0.521539
0,0.683286
0,0.159567
0,0.476805
0,0.575228
0,0.693519
0,0.314654
0,0.586894
0,0.10132
0,0.469928
0,0.629463
0,0.616334
0,0.305977
0,0.850753
0,0.554832
0,0.447672
0,0.618019
0,0.768383
0,0.629633
0,0.777348
0,0.689562
0,0.659928
0,0.552053
0,0.717815
0,0.515826
0,0.371874
0,0.10406
0,0.77496
0,0.502516
0,0.634836
0,0.777029
0,0.595325
0,0.355141
0,0.36548
0,0.574139
0,0.584313
0,0.52443
0,0.130541
0,0.599673
0,0.57612
0,0.769915
0,0.270608
0,0.084838
0,0.189731
0,0.279754
0,0.374333
0,0.418021
0,0.676792
0,0.792302
0,0.365803
0,0.369228
0,0.567294
0,0.521169
0,0.318067
0,0.407611
0,0.344909
0,0.500672
0,0.877581
0,0.34498
0,0.479076
0,0.541425
0,0.523736
0,0.656415
0,0.358964
0,0.274451
0,0.267727
0,0.641804
0,0.414816
0,0.322068
0,0.533702
0,0.416576
0,0.555543
0,0.767565
0,0.429188
0,0.466087
0,0.869592
0,0.709895
0,0.286672
0,0.168303
0,0.637378
0,0.328716
0,0.724594
0,0.263154
0,0.484703
0,0.877448
0,0.280011
0,0.401674
0,0.264991
0,0.808921
0,0.230739
0,0.644153
0,0.493384
0,0.165861
0,0.302654
0,0.297414
0,0.368531
0,0.631039
0,0.339268
0,0.698226
0,0.642046
0,0.905416
0,0.579556
0,0.739749
0,0.499098
0,0.393014
0,0.486947
0,0.304758
0,0.411907
0,0.712894
0,0.352221
0,0.885177
0,0.555373
0,0.657643
0,0.120236
0,0.482938
0,0.458753
0,0.461322
0,0.644354
0,0.472437
0,0.937052
0,0.443379
0,0.283498
0,0.646931
0,0.646451
0,0.626431
0,0.579683
0,0.465761
0,0.615148
0,0.848715
0,0.602117
0,0.727115
0,0.3483
0,0.294176
0,0.401965
0,0.552966
0,0.795113
0,0.678096
0,0.534402
0,0.448768
0,0.662553
0,0.698771
0,0.480955
0,0.472684
0,0.641834
0,0.552434
0,0.853994
0,0.123716
0,0.81358
0,0.066045
0,0.657229
0,0.646014
0,0.355935
0,0.462116
0,0.786608
0,0.444655
0,0.61405
0,0.502895
0,0.686549
0,0.680034
0,0.398898
0,0.091047
0,0.423819
0,0.790745
0,0.316017
0,0.338828
0,0.429707
0,0.62509
0,0.317732
0,0.317469
0,0.347101
0,0.286279
0,0.34942
0,0.592865
0,0.342242
0,0.61161
0,0.534058
0,0.679993
0,0.298137
0,0.608675
0,0.490355
0,0.599704
0,0.559433
0,0.319281
0,0.237603
0,0.801927
0,0.446828
0,0.704404
0,0.574264
0,0.330348
0,0.534744
0,0.050624
0,0.29416
0,0.420658
0,0.827133
0,0.52508
0,0.172731
0,0.657199
0,0.466437
0,0.328568
0,0.976251
0,0.449967
0,0.544279
0,0.531492
0,0.653975
0,0.649651
0,0.504134
0,0.24651
0,0.039438
0,0.25701
0,0.5881
0,0.570384
0,0.708472
0,0.375042
0,0.561378
0,0.811346
0,0.220154
0,0.377848
0,0.538975
0,0.396697
0,0.737833
0,0.4551
0,0.670881
0,0.599699
0,0.911603
0,0.730142
0,0.255906
0,0.136958
0,0.303893
0,0.484942
0,0.168686
0,0.342461
0,0.556365
0,0.324429
0,0.874277
0,0.690177
0,0.39403
0,0.606523
0,0.373406
0,0.585638
0,0.212782
0,0.474211
0,0.283918
0,0.201195
0,0.435986
0,0.499597
0,0.384232
0,0.612913
0,0.41949
0,0.477869
0,0.1594
0,0.525109
0,0.561512
0,0.557125
0,0.938666
0,0.714119
0,0.738235
0,0.685413
0,0.585465
0,0.472279
0,0.518158
0,0.447322
0,0.834066
0,0.307184
0,0.547471
0,0.63018
0,0.720195
0,0.678316
0,0.856255
0,0.413012
0,0.533914
0,0.337753
0,0.215045
0,0.813723
0,0.475845
0,0.644801
0,0.368486
0,0.540975
0,0.636544
0,0.916434
0,0.331399
0,0.335631
0,0.625273
0,0.345187
0,0.901925
0,0.623498
0,0.679783
0,0.526213
0,0.378806
0,0.157738
0,0.266409
0,0.363896
0,0.533556
0,0.319467
0,0.496584
0,0.834657
0,0.482998
0,0.199442
0,0.132408
0,0.835503
0,0.280076
0,0.412129
0,0.245262
0,0.857174
0,0.377059
0,0.910621
0,0.37247
0,0.477176
0,0.034111
0,0.474247
0,0.557218
0,0.498828
0,0.316524
0,0.192491
0,0.869968
0,0.402906
0,0.829031
0,0.554476
0,0.509385
0,0.639617
0,0.445876
0,0.355647
0,0.104229
0,0.813015
0,0.36155
0,0.540322
0,0.298164
0,0.135567
0,0.867344
0,0.53233
0,0.602011
0,0.724715
0,0.211177
0,0.470775
0,0.721645
0,0.349586
0,0.429462
0,0.245531
0,0.716608
0,0.564867
0,0.69424
0,0.283446
0,0.619121
0,0.85034
0,0.442213
0,0.708684
0,0.237442
0,0.523849
0,0.064655
0,0.436075
0,0.549813
0,0.485801
0,0.329189
0,0.876574
0,0.6024
0,0.579102
0,0.516027
0,0.303742
0,0.604008
0,0.372628
0,0.719064
0,0.430845
0,0.599466
0,0.746888
0,0.451892
0,0.806278
0,0.711076
0,0.476276
0,0.282346
0,0.671579
0,0.607206
0,0.663818
0,0.343839
0,0.449862
0,0.533966
0,0.608419
0,0.644113
0,0.277919
0,0.478132
0,0.403072
0,0.78386
0,0.512247
0,0.395169
0,0.262833
0,0.705823
0,0.496776
0,0.781726
0,0.877066
0,0.263662
0,0.313305
0,0.126926
0,0.398042
0,0.280803
0,0.577222
0,0.594972
0,0.518021
0,0.632771
0,0.357699
0,0.736985
0,0.296593
0,0.46288
0,0.694765
0,0.776469
0,0.61429
0,0.393189
0,0.521743
0,0.642983
0,0.707766
0,0.67516
0,0.580689
0,0.427041
0,0.367058
0,0.414793
0,0.372648
0,0.131418
0,0.2511
0,0.604682
0,0.153434
0,0.792179
0,0.427275
0,0.892954
0,0.16942
0,0.659909
0,0.456101
0,0.625486
0,0.383862
0,0.69417
0,0.43678
0,0.587361
0,0.566076
0,0.314482
0,0.699565
0,0.61098
0,0.508876
0,0.808564
0,0.43784
0,0.575949
0,0.597526
0,0.652702
0,0.716423
0,0.691769
0,0.788755
0,0.262952
0,0.022207
0,0.694008
0,0.699279
0,0.628625
0,0.470063
0,0.791629
0,0.901815
0,0.809739
0,0.341243
0,0.651809
0,0.229546
0,0.350669
0,0.66924
0,0.289627
0,0.469163
0,0.221434
0,0.809233
0,0.417161
0,0.384968
0,0.371158
0,0.785594
0,0.427621
0,0.5771
0,0.213122
0,0.484236
0,0.320206
0,0.525923
0,0.242066
0,0.512379
0,0.651283
0,0.401553
0,0.283541
0,0.4364
0,0.263195
0,0.298252
0,0.333698
0,0.614642
0,0.513252
0,0.722045
0,0.573688
0,0.707881
0,0.420486
0,0.574627
0,0.643576
0,0.482026
0,0.189642
0,0.549652
0,0.263129
0,0.665679
0,0.486727
0,0.342936
0,0.665593
0,0.445361
0,0.940363
0,0.150578
0,0.616798
0,0.132007
0,0.6268
0,0.694909
0,0.049352
0,0.522901
0,0.663162
0,0.578633
0,0.25128
0,0.6284
0,0.450604
0,0.724038
0,0.172139
0,0.664384
0,0.458992
0,0.374558
0,0.628257
0,0.318033
0,0.300338
0,0.478506
0,0.598707
0,0.839653
0,0.831141
0,0.224359
0,0.221807
0,0.743992
0,0.560492
0,0.481738
0,0.315074
0,0.779221
0,0.531814
0,0.542103
0,0.574759
0,0.194005
0,0.624522
0,0.604401
0,0.391499
0,0.448193
0,0.683291
0,0.604779
0,0.65694
0,0.881474
0,0.22479
0,0.537517
0,0.753044
0,0.519106
0,0.53926
0,0.673485
0,0.17405
0,0.325262
0,0.337326
0,0.666015
0,0.513316
0,0.277802
0,0.416152
0,0.238553
0,0.593419
0,0.571261
0,0.640832
0,0.561248
0,0.608488
0,0.053314
0,0.236791
0,0.397487
0,0.416944
0,0.650935
0,0.45333
0,0.190524
0,0.330943
0,0.294822
0,0.460175
0,0.487978
0,0.594826
0,0.598921
0,0.167685
0,0.590168
0,0.447479
0,0.405602
0,0.291431
0,0.472013
0,0.829655
0,0.223237
0,0.226529
0,0.122886
0,0.495169
0,0.772575
0,0.777751
0,0.335737
0,0.538385
0,0.469835
0,0.190375
0,0.147491
0,0.773464
0,0.703708
0,0.305148
0,0.483555
0,0.551162
0,0.358197
0,0.5184
0,0.435676
0,0.500006
0,0.1164
0,0.672581
0,0.653403
0,0.182924
0,0.19199
0,0.259805
0,0.378958
0,0.892714
0,0.621771
0,0.800477
0,0.520597
0,0.645932
0,0.367636
0,0.696072
0,0.390528
0,0.409433
0,0.22335
0,0.810213
0,0.479986
0,0.662241
0,0.555949
0,0.281539
0,0.284361
0,0.461105
0,0.61643
0,0.371563
0,0.465238
0,0.617238
0,0.664817
0,0.689478
0,0.386172
0,0.411138
0,0.450633
0,0.766838
0,0.68736
0,0.914572
0,0.278507
0,0.924488
0,0.703046
0,0.851121
0,0.390041
0,0.371503
0,0.169893
0,0.303946
0,0.463652
0,0.303462
0,0.807862
0,0.662194
0,0.108656
0,0.156174
0,0.278789
0,0.236164
0,0.551382
0,0.524894
0,0.720457
0,0.287896
0,0.589502
0,0.181594
0,0.383849
0,0.473708
0,0.598586
0,0.636856
0,0.33905
0,0.482591
0,0.629515
0,0.138449
0,0.994307
0,0.454911
0,0.210508
0,0.313968
0,0.70288
0,0.56217
0,0.466814
0,0.334691
0,0.638577
0,0.474694
0,0.668184
0,0.306202
0,0.659346
0,0.314759
0,0.307197
0,0.359527
0,0.543439
0,0.437652
0,0.153921
0,0.281424
0,0.562519
0,0.203532
0,0.856737
0,0.596051
0,0.235068
0,0.556321
0,0.182098
0,0.370631
0,0.810584
0,0.253648
0,0.407893
0,0.616345
0,0.60851
0,0.177067
0,0.765945
0,0.228582
0,0.320433
0,0.250082
0,0.518124
0,0.845603
0,0.584858
0,0.06363
0,0.799487
0,0.574336
0,0.508672
0,0.509654
0,0.470671
0,0.54637
0,0.224903
0,0.311248
0,0.802823
0,0.313508
0,0.24503
0,0.643181
0,0.742723
0,0.728045
0,0.33947
0,0.70196
0,0.540996
0,0.628529
0,0.597421
0,0.307946
0,0.683789
0,0.467082
0,0.867858
0,0.667319
0,0.899242
0,0.310789
0,0.153118
0,0.246011
0,0.872817
0,0.569993
0,0.677634
0,0.57725
0,0.565762
0,0.381795
0,0.839415
0,0.698246
0,0.405832
0,0.774272
0,0.490213
0,0.020945
0,0.793882
0,0.608633
0,0.88162
0,0.790628
0,0.448464
0,0.251376
0,0.726124
0,0.700209
0,0.10915
0,0.456939
0,0.854862
0,0.475874
0,0.653175
0,0.372222
0,0.761579
0,0.673523
0,0.842017
0,0.241423
0,0.354337
0,0.332181
0,0.703299
0,0.47502
0,0.479819
0,0.393235
0,0.476962
0,0.551856
0,0.223868
0,0.671199
0,0.435816
0,0.667183
0,0.407783
0,0.296132
0,0.491519
0,0.390393
0,0.561706
0,0.71201
0,0.718572
0,0.285225
0,0.63715
0,0.341156
0,0.203511
0,0.397017
0,0.679641
0,0.53382
0,0.603693
0,0.355946
0,0.297008
0,0.581436
0,0.448975
0,0.467448
0,0.298893
0,0.637176
0,0.216828
0,0.293384
0,0.599233
0,0.601948
0,0.420726
0,0.528661
0,0.18562
0,0.650226
0,0.369132
0,0.341971
0,0.291543
0,0.894125
0,0.918278
0,0.38176
0,0.747532
0,0.690153
0,0.332683
0,0.445429
0,0.796714
0,0.359749
0,0.48818
0,0.425287
0,0.275628
0,0.447099
0,0.373294
0,0.681964
0,0.292503
0,0.468625
0,0.337482
0,0.599292
0,0.710791
0,0.580239
0,0.595169
0,0.511727
0,0.073348
0,0.214637
0,0.559214
0,0.547284
0,0.565134
0,0.380909
0,0.812013
0,0.39357
0,0.590938
0,0.570966
0,0.658171
0,0.369072
0,0.350981
0,0.18271
0,0.218626
0,0.802926
0,0.754918
0,0.227361
0,0.224259
0,0.297968
0,0.614764
0,0.909649
0,0.648958
0,0.607144
0,0.289972
0,0.834485
0,0.543966
0,0.76949
0,0.483077
0,0.521897
0,0.345917
0,0.141087
0,0.173341
0,0.25995
0,0.946016
0,0.481952
0,0.080294
0,0.255778
0,0.685257
0,0.33294
0,0.581737
0,0.253986
0,0.927527
0,0.108399
0,0.470125
0,0.661459
0,0.9012
0,0.366561
0,0.871352
0,0.520284
0,0.203611
0,0.495279
0,0.247341
0,0.42895
0,0.486342
0,0.549582
0,0.546943
0,0.511211
0,0.60055
0,0.306111
0,0.306823
0,0.843993
0,0.288251
0,0.883176
0,0.848965
0,0.416211
0,0.58106
0,0.424051
0,0.686236
0,0.262818
0,0.532335
0,0.525134
0,0.555569
0,0.582431
0,0.670935
0,0.077298
0,0.757145
0,0.221646
0,0.056913
0,0.358332
0,0.43583
0,0.326515
0,0.604541
0,0.545467
0,0.264948
0,0.379687
0,0.362621
0,0.416781
0,0.406245
0,0.748261
0,0.654794
0,0.337233
0,0.58705
0,0.308168
0,0.563206
0,0.855005
0,0.455992
0,0.545208
0,0.67113
0,0.566404
0,0.770708
0,0.485634
0,0.424179
0,0.227981
0,0.630013
0,0.777887
0,0.333308
0,0.50801
0,0.807106
0,0.418397
0,0.509615
0,0.353894
0,0.686317
0,0.514128
0,0.125725
0,0.624942
0,0.507291
0,0.705459
0,0.267515
0,0.759039
0,0.755315
0,0.426653
0,0.169996
0,0.360152
0,0.766364
0,0.426271
0,0.749036
0,0.577412
0,0.832624
0,0.402647
0,0.431844
0,0.308324
0,0.739863
0,0.687053
0,0.518072
0,0.129937
0,0.502578
0,0.582026
0,0.666227
0,0.309508
0,0.515488
0,0.564903
0,0.564322
0,0.258413
0,0.376271
0,0.720624
0,0.783434
0,0.425254
0,0.430384
0,0.690355
0,0.343336
0,0.260423
0,0.736975
0,0.686923
0,0.681678
0,0.373356
0,0.697746
0,0.123647
0,0.359208
0,0.328504
0,0.561653
0,0.932428
0,0.394505
0,0.244485
0,0.782178
0,0.416091
0,0.453596
0,0.673307
0,0.316952
0,0.97036
0,0.388431
0,0.487067
0,0.573665
0,0.663848
0,0.787616
0,0.382914
0,0.578503
0,0.192763
0,0.358175
0,0.51595
0,0.502538
0,0.274913
0,0.593989
0,0.871168
0,0.575735
0,0.399671
0,0.574946
0,0.424615
0,0.168675
0,0.386725
0,0.424243
0,0.529341
0,0.677446
0,0.626048
0,0.558454
0,0.686078
0,0.542387
0,0.245251
0,0.164069
0,0.308342
0,0.783512
0,0.396267
0,0.388362
0,0.425336
0,0.21145
0,0.830519
0,0.630323
0,0.643291
0,0.518266
0,0.612825
0,0.474499
0,0.741994
0,0.633606
0,0.396757
0,0.56403
0,0.589471
0,0.841705
0,0.081526
0,0.28165
0,0.391411
0,0.233858
0,0.227516
0,0.449691
0,0.069679
0,0.541123
0,0.694695
0,0.594687
0,0.527612
0,0.384766
0,0.513358
0,0.748675
0,0.928796
0,0.432315
0,0.232202
0,0.782396
0,0.276738
0,0.73098
0,0.423112
0,0.699022
0,0.307557
0,0.700198
0,0.558688
0,0.838355
0,0.657422
0,0.573153
0,0.42802
0,0.888112
0,0.317535
0,0.772104
0,0.493588
0,0.517788
0,0.942309
0,0.420466
0,0.184136
0,0.409283
0,0.49057
0,0.208271
0,0.818126
0,0.405905
0,0.925698
0,0.327171
0,0.65485
0,0.476812
0,0.378773
0,0.568302
0,0.66272
0,0.696909
0,0.466906
0,0.258934
0,0.528267
0,0.5667
0,0.781165
0,0.682763
0,0.717652
0,0.431345
0,0.250256
0,0.193259
0,0.815801
0,0.234806
0,0.5322
0,0.602011
0,0.085966
0,0.89877
0,0.73244
0,0.897954
0,0.521515
0,0.25076
0,0.689471
0,0.417097
0,0.435756
0,0.320901
0,0.460135
0,0.474116
0,0.535989
0,0.292886
0,0.071415
0,0.344545
0,0.658382
0,0.360604
0,0.479396
0,0.653871
0,0.57251
0,0.720057
0,0.583692
0,0.588652
0,0.642965
0,0.637905
0,0.673835
0,0.083233
0,0.411947
0,0.666391
0,0.206373
0,0.191043
0,0.69969
0,0.319115
0,0.402762
0,0.702109
0,0.502535
0,0.71897
0,0.617942
0,0.307519
0,0.280283
0,0.811025
0,0.495497
0,0.568884
0,0.478317
0,0.630117
0,0.094775
0,0.467394
0,0.159515
0,0.566658
0,0.527599
0,0.800751
0,0.66033
0,0.534971
0,0.850468
0,0.631716
0,0.509783
0,0.225582
0,0.620597
0,0.405807
0,0.17551
0,0.485848
0,0.371379
0,0.612489
0,0.512272
0,0.338257
0,0.535287
0,0.809977
0,0.21975
0,0.373717
0,0.53765
0,0.381425
0,0.571337
0,0.597989
0,0.235105
0,0.370515
0,0.172557
0,0.66974
0,0.17702
0,0.532249
0,0.603805
0,0.888688
0,0.319068
0,0.308387
0,0.262242
0,0.776895
0,0.286026
0,0.459053
0,0.285006
0,0.727181
0,0.530287
0,0.242852
0,0.633056
0,0.570049
0,0.342443
0,0.878879
0,0.957004
0,0.316171
0,0.246775
0,0.74493
0,0.408988
0,0.770257
0,0.489367
0,0.562904
0,0.605549
0,0.208079
0,0.394257
0,0.349168
0,0.384332
0,0.522209
0,0.53004
0,0.390654
0,0.76857
0,0.291293
0,0.27447
0,0.308344
0,0.526197
0,0.408001
0,0.761902
0,0.376682
0,0.750134
0,0.480783
0,0.490312
0,0.427118
0,0.173145
0,0.539199
0,0.512228
0,0.17558
0,0.756388
0,0.207146
0,0.521501
0,0.35229
0,0.712412
0,0.240027
0,0.508732
0,0.86414
0,0.213983
0,0.283796
0,0.377187
0,0.7284
0,0.50134
0,0.346966
0,0.562993
0,0.611892
0,0.438451
0,0.901942
0,0.800078
0,0.779819
0,0.425978
0,0.810932
0,0.606687
0,0.258387
0,0.889037
0,0.597647
0,0.573223
0,0.327133
0,0.285496
0,0.668724
0,0.901501
0,0.35438
0,0.63817
0,0.419206
0,0.292716
0,0.546489
0,0.992078
0,0.438543
0,0.48312
0,0.131647
0,0.801198
0,0.75886
0,0.340183
0,0.675732
0,0.551936
0,0.498134
0,0.491375
0,0.640201
0,0.798306
0,0.148685
0,0.391726
0,0.555127
0,0.277928
0,0.477139
0,0.830907
0,0.107555
0,0.778097
0,0.345449
0,0.356379
0,0.486146
0,0.338806
0,0.620065
0,0.846619
0,0.263352
0,0.731168
0,0.556215
0,0.651458
0,0.494668
0,0.167444
0,0.396937
0,0.795934
0,0.710238
0,0.276921
0,0.55857
0,0.376026
0,0.834051
0,0.228181
0,0.707796
0,0.247156
0,0.343437
0,0.438623
0,0.196421
0,0.201694
0,0.33235
0,0.58585
0,0.613697
0,0.481588
0,0.570189
0,0.483904
0,0.361465
0,0.77088
0,0.585422
0,0.454513
0,0.549236
0,0.458689
0,0.480031
0,0.5571
0,0.439283
0,0.596651
0,0.277986
0,0.345164
0,0.316258
0,0.578739
0,0.300076
0,0.791736
0,0.477599
0,0.863547
0,0.623913
0,0.596067
0,0.310786
0,0.941188
0,0.238894
0,0.400346
0,0.319856
0,0.655967
0,0.472031
0,0.633192
0,0.600555
0,0.37384
0,0.378064
0,0.350396
0,0.765117
0,0.55558
0,0.468712
0,0.347737
0,0.626996
0,0.396394
0,0.895812
0,0.663085
0,0.183562
0,0.364295
0,0.258725
0,0.446596
0,0.481102
0,0.539107
0,0.556566
0,0.93607
0,0.815212
0,0.424384
0,0.192752
0,0.394378
0,0.595243
0,0.512561
0,0.523072
0,0.725923
0,0.242028
0,0.348292
0,0.55143
0,0.523635
0,0.42267
0,0.538938
0,0.55365
0,0.360602
0,0.586578
0,0.298772
0,0.640981
0,0.699779
0,0.283928
0,0.285323
0,0.661151
0,0.182745
0,0.337656
0,0.394205
0,0.639057
0,0.605651
0,0.88701
0,0.224221
0,0.600635
0,0.695253
0,0.679619
0,0.743738
0,0.394623
0,0.312252
0,0.561421
0,0.951776
0,0.632835
0,0.60317
0,0.699144
0,0.637221
0,0.59798
0,0.661102
0,0.424434
0,0.296937
0,0.455036
0,0.92002
0,0.121971
0,0.46377
0,0.538988
0,0.70559
0,0.587321
0,0.261307
0,0.409263
0,0.497375
0,0.313211
0,0.522368
0,0.142516
0,0.71285
0,0.583422
0,0.852159
0,0.149996
0,0.830338
0,0.504169
0,0.176843
0,0.585669
0,0.098594
0,0.70711
0,0.294458
0,0.033995
0,0.855566
0,0.203252
0,0.175559
0,0.437146
0,0.766094
0,0.458736
0,0.417636
0,0.604355
0,0.169552
0,0.314904
0,0.541792
0,0.285788
0,0.702459
0,0.203735
0,0.619583
0,0.548803
0,0.538095
0,0.403509
0,0.503133
0,0.707191
0,0.770077
0,0.315732
0,0.095153
0,0.421406
0,0.531752
0,0.633253
0,0.30699
0,0.130058
0,0.226273
0,0.54466
0,0.730309
0,0.884917
0,0.306383
0,0.581896
0,0.51097
0,0.396047
0,0.702918
0,0.555471
0,0.605327
0,0.267403
0,0.773408
0,0.563129
0,0.589985
0,0.293948
0,0.642544
0,0.339864
0,0.535709
0,0.749192
0,0.37076
0,0.438429
0,0.338942
0,0.623613
0,0.707169
0,0.656924
0,0.457645
0,0.735008
0,0.160728
0,0.617312
0,0.354573
0,0.571858
0,0.291369
0,0.322404
0,0.329984
0,0.387435
0,0.557319
0,0.387871
0,0.275299
0,0.223683
0,0.526853
0,0.302656
0,0.495821
0,0.728778
0,0.268321
0,0.417142
0,0.316039
0,0.559021
0,0.256091
0,0.823095
0,0.322613
0,0.993169
0,0.572979
0,0.665405
0,0.540963
0,0.467037
0,0.511394
0,0.226798
0,0.208323
0,0.45414
0,0.64918
0,0.123439
0,0.576969
0,0.717188
0,0.039241
0,0.42084
0,0.229657
0,0.702941
0,0.456828
0,0.157442
0,0.101348
0,0.332903
0,0.479251
0,0.153444
0,0.566954
0,0.940676
0,0.445444
0,0.705117
0,0.345587
0,0.580839
0,0.36142
0,0.20796
0,0.322377
0,0.347265
0,0.410297
0,0.315429
0,0.625292
0,0.254186
0,0.64519
0,0.852321
0,0.757635
0,0.855439
0,0.832645
0,0.333823
0,0.706071
0,0.687689
0,0.5941
0,0.309945
0,0.343046
0,0.591965
0,0.613384
0,0.459103
0,0.220647
0,0.581476
0,0.270055
0,0.362298
0,0.163287
0,0.579825
0,0.382583
0,0.547601
0,0.389244
0,0.478336
0,0.160807
0,0.65465
0,0.375495
0,0.264839
0,0.738721
0,0.686058
0,0.396864
0,0.784051
0,0.693565
0,0.654586
0,0.84899
0,0.705315
0,0.477511
0,0.511477
0,0.813365
0,0.687713
0,0.132615
0,0.846046
0,0.21855
0,0.67039
0,0.483012
0,0.537129
0,0.345301
0,0.484033
0,0.889659
0,0.519697
0,0.733726
0,0.868937
0,0.112637
0,0.87806
0,0.297001
0,0.11765
0,0.289129
0,0.235474
0,0.972105
0,0.567956
0,0.670045
0,0.331616
0,0.683588
0,0.677202
0,0.483432
0,0.56077
0,0.193847
0,0.317488
0,0.320921
0,0.324656
0,0.562259
0,0.219029
0,0.760029
0,0.532781
0,0.645511
0,0.583545
0,0.396784
0,0.526866
0,0.602439
0,0.567829
0,0.540109
0,0.668022
0,0.666384
0,0.72201
0,0.759888
0,0.483828
0,0.480697
0,0.629837
0,0.10562
0,0.616211
0,0.471346
0,0.520582
0,0.281293
0,0.150237
0,0.850769
0,0.776307
0,0.163072
0,0.590992
0,0.192603
0,0.245255
0,0.452391
0,0.840125
0,0.552953
0,0.81887
0,0.187721
0,0.299655
0,0.622113
0,0.827307
0,0.699543
0,0.609215
0,0.308128
0,0.691848
0,0.537874
0,0.822052
0,0.280668
0,0.475063
0,0.927816
0,0.759
0,0.471781
0,0.483305
0,0.512156
0,0.402915
0,0.451623
0,0.879925
0,0.398518
0,0.048406
0,0.27167
0,0.542119
0,0.411579
0,0.688515
0,0.662811
0,0.282029
0,0.641088
0,0.500791
0,0.448198
0,0.266245
0,0.330628
0,0.501173
0,0.683528
0,0.257762
0,0.136932
0,0.506022
0,0.279112
0,0.54405
0,0.600564
0,0.165123
0,0.222172
0,0.373921
0,0.810877
0,0.093078
0,0.567289
0,0.705084
0,0.593126
0,0.54085
0,0.72433
0,0.741022
0,0.47609
0,0.462149
0,0.516692
0,0.532213
0,0.66707
0,0.234595
0,0.543154
0,0.931581
0,0.735106
0,0.426791
0,0.343387
0,0.28206
0,0.205447
0,0.136171
0,0.547854
0,0.306491
0,0.512192
0,0.41789
0,0.299476
0,0.153501
0,0.745557
0,0.478698
0,0.700584
0,0.277177
0,0.529532
0,0.667645
0,0.516168
0,0.499235
0,0.634772
0,0.494604
0,0.410654
0,0.551509
0,0.438609
0,0.334826
0,0.612271
0,0.669196
0,0.235275
0,0.878019
0,0.354528
0,0.377497
0,0.437196
0,0.330573
0,0.7689
0,0.371402
0,0.549754
0,0.330125
0,0.685065
0,0.783688
0,0.581051
0,0.658064
0,0.76004
0,0.225175
0,0.617393
0,0.274909
0,0.485906
0,0.661309
0,0.317178
0,0.939015
0,0.436579
0,0.443013
0,0.526902
0,0.650491
0,0.52574
0,0.738157
0,0.695416
0,0.577064
0,0.717781
0,0.829511
0,0.653819
0,0.082134
0,0.635071
0,0.71431
0,0.709671
0,0.472879
0,0.53716
0,0.243147
0,0.266408
0,0.464087
0,0.858492
0,0.669156
0,0.576097
0,0.825801
0,0.393791
0,0.572012
0,0.572531
0,0.659164
0,0.362796
0,0.795953
0,0.498115
0,0.458502
0,0.236154
0,0.719203
0,0.42568
0,0.706764
0,0.254719
0,0.018017
0,0.289057
0,0.306054
0,0.665163
0,0.728255
0,0.296253
0,0.650654
0,0.485998
0,0.318389
0,0.522984
0,0.757159
0,0.130044
0,0.587467
0,0.367601
0,0.115585
0,0.501
0,0.716739
0,0.645838
0,0.423331
0,0.400575
0,0.431905
0,0.391557
0,0.695971
0,0.344225
0,0.846639
0,0.809443
0,0.493286
0,0.719486
0,0.616006
0,0.568297
0,0.462482
0,0.526141
0,0.378724
0,0.37826
0,0.47304
0,0.647535
0,0.132266
0,0.564309
0,0.608443
0,0.645842
0,0.326328
0,0.426003
0,0.524322
0,0.76015
0,0.299678
0,0.447864
0,0.150535
0,0.554736
0,0.184804
0,0.335271
0,0.264264
0,0.211979
0,0.560313
0,0.838314
0,0.567714
0,0.796615
0,0.802464
0,0.324274
0,0.822637
0,0.825038
0,0.177698
0,0.430862
0,0.328666
0,0.314496
0,0.247537
0,0.426343
0,0.465628
0,0.711017
0,0.351475
0,0.591671
0,0.432239
0,0.538582
0,0.366657
0,0.446389
0,0.324347
0,0.136037
0,0.636928
0,0.684149
0,0.555241
0,0.630152
0,0.649007
0,0.67194
0,0.45927
0,0.916589
0,0.41545
0,0.405689
0,0.761882
0,0.522248
0,0.650659
0,0.42549
0,0.270646
0,0.429458
0,0.292209
0,0.860775
0,0.553075
0,0.41749
0,0.3042
0,0.725962
0,0.512698
0,0.852715
0,0.428342
0,0.564903
0,0.234438
0,0.430556
0,0.740682
0,0.498345
0,0.549259
0,0.189811
0,0.667226
0,0.302695
0,0.358557
0,0.566871
0,0.537392
0,0.483093
0,0.33002
0,0.46152
0,0.239056
0,0.717982
0,0.962286
0,0.786295
0,0.793361
0,0.367628
0,0.158206
0,0.423974
0,0.414625
0,0.879682
0,0.646827
0,0.782679
0,0.742848
0,0.284183
0,0.849634
0,0.623542
0,0.421531
0,0.524337
0,0.631008
0,0.603875
0,0.833214
0,0.743091
0,0.212347
0,0.696632
0,0.404712
0,0.612691
0,0.638308
0,0.498919
0,0.494502
0,0.455275
0,0.605549
0,0.338685
0,0.708823
0,0.210012
0,0.257418
0,0.941298
0,0.345387
0,0.592516
0,0.561429
0,0.773162
0,0.831722
0,0.74482
0,0.598002
0,0.688446
0,0.65396
0,0.397833
0,0.446349
0,0.383551
0,0.65774
0,0.26367
0,0.593552
0,0.92181
0,0.556604
0,0.624343
0,0.702097
0,0.7198
0,0.856886
0,0.733679
0,0.536638
0,0.713508
0,0.491472
0,0.514367
0,0.250245
0,0.889629
0,0.771754
0,0.047113
0,0.484666
0,0.778854
0,0.665143
0,0.338853
0,0.216626
0,0.229166
0,0.35269
0,0.293504
0,0.143761
0,0.305295
0,0.68784
0,0.308392
0,0.249231
0,0.314509
0,0.257773
0,0.396594
0,0.382481
0,0.970406
0,0.647245
0,0.440691
0,0.66149
0,0.356121
0,0.548677
0,0.492673
0,0.392081
0,0.528848
0,0.500163
0,0.435293
0,0.602794
0,0.381264
0,0.847419
0,0.352532
0,0.68764
0,0.544943
0,0.674817
0,0.140804
0,0.371108
0,0.297081
0,0.50191
0,0.6204
0,0.38142
0,0.597587
0,0.281683
0,0.206256
0,0.296061
0,0.814511
0,0.351565
0,0.196783
0,0.780244
0,0.658809
0,0.623781
0,0.626156
0,0.725202
0,0.762016
0,0.572511
0,0.932092
0,0.518078
0,0.31948
0,0.153911
0,0.732605
0,0.362534
0,0.349157
0,0.713036
0,0.698116
0,0.884528
0,0.508894
0,0.419392
0,0.334866
0,0.184378
0,0.699665
0,0.373253
0,0.265962
0,0.160316
0,0.48369
0,0.209901
0,0.630447
0,0.57827
0,0.526487
0,0.496499
0,0.238712
0,0.299357
0,0.460799
0,0.429015
0,0.273108
0,0.423279
0,0.509805
0,0.300344
0,0.84741
0,0.637365
0,0.682213
0,0.841172
0,0.722194
0,0.256528
0,0.310956
0,0.260482
0,0.521667
0,0.610053
0,0.219248
0,0.533258
0,0.587838
0,0.499583
0,0.080461
0,0.61018
0,0.788055
0,0.420352
0,0.554588
0,0.300433
0,0.412479
0,0.384467
0,0.123927
0,0.356552
0,0.766541
0,0.773104
0,0.44381
0,0.41122
0,0.462635
0,0.725941
0,0.368967
0,0.408467
0,0.311845
0,0.364595
0,0.57098
0,0.719078
0,0.529667
0,0.78956
0,0.378858
0,0.797284
0,0.721268
0,0.501675
0,0.388147
0,0.670221
0,0.104154
0,0.497521
0,0.724711
0,0.830224
0,0.112277
0,0.284527
0,0.39973
0,0.606853
0,0.325739
0,0.634476
0,0.698766
0,0.710173
0,0.866861
0,0.358519
0,0.36323
0,0.552344
0,0.419494
0,0.493335
0,0.872005
0,0.892187
0,0.310544
0,0.717898
0,0.281669
0,0.317518
0,0.542917
0,0.670002
0,0.496791
0,0.278288
0,0.756539
0,0.825736
0,0.791163
0,0.604853
0,0.150175
0,0.571339
0,0.488772
0,0.767416
0,0.117134
0,0.55551
0,0.462519
0,0.729951
0,0.339647
0,0.50171
0,0.60113
0,0.71377
0,0.238116
0,0.816295
0,0.558372
0,0.636135
0,0.113737
0,0.355215
0,0.493145
0,0.712183
0,0.551829
0,0.432198
0,0.594737
0,0.321888
0,0.806776
0,0.369895
0,0.118819
0,0.235193
0,0.207907
0,0.271949
0,0.699826
0,0.75879
0,0.533947
0,0.516148
0,0.733756
0,0.509015
0,0.310345
0,0.458416
0,0.227942
0,0.152043
0,0.6931
0,0.504722
0,0.546759
0,0.145552
0,0.69261
0,0.712342
0,0.338374
0,0.527727
0,0.974673
0,0.39229
0,0.908203
0,0.191887
0,0.673512
0,0.706092
0,0.727177
0,0.451889
0,0.382033
0,0.644683
0,0.480941
0,0.385229
0,0.694126
0,0.533034
0,0.540482
0,0.64633
0,0.764589
0,0.40726
0,0.396717
0,0.558265
0,0.517397
0,0.584878
0,0.712495
0,0.401044
0,0.693605
0,0.678494
0,0.46027
0,0.925365
0,0.396249
0,0.598686
0,0.429205
0,0.766574
0,0.742512
0,0.815976
0,0.596576
0,0.326504
0,0.400723
0,0.751305
0,0.607381
0,0.482277
0,0.524274
0,0.457747
0,0.369676
0,0.146069
0,0.367297
0,0.566095
0,0.744623
0,0.206659
0,0.712922
0,0.686792
0,0.732056
0,0.540075
0,0.442546
0,0.727271
0,0.829914
0,0.859182
0,0.38493
0,0.578598
0,0.403342
0,0.395371
0,0.546334
0,0.275285
0,0.497356
0,0.387453
0,0.634672
0,0.071901
0,0.606401
0,0.459335
0,0.599058
0,0.424635
0,0.328043
0,0.409106
0,0.554755
0,0.486397
0,0.37423
0,0.667683
0,0.077737
0,0.760876
0,0.477272
0,0.660102
0,0.379959
0,0.490199
0,0.798269
0,0.270081
0,0.525271
0,0.702736
0,0.553581
0,0.119255
0,0.705787
0,0.258674
0,0.446057
0,0.681426
0,0.203743
0,0.60842
0,0.429539
0,0.66286
0,0.321456
0,0.100825
0,0.524182
0,0.687876
0,0.247868
0,0.475342
0,0.455339
0,0.416567
0,0.715949
0,0.211091
0,0.51175
0,0.246523
0,0.267476
0,0.377546
0,0.636838
0,0.79601
0,0.624632
0,0.206604
0,0.652948
0,0.414583
0,0.741866
0,0.821741
0,0.330359
0,0.438726
0,0.781632
0,0.666818
0,0.17922
0,0.669348
0,0.328075
0,0.80023
0,0.114088
0,0.640046
0,0.778976
0,0.793366
0,0.403178
0,0.063195
0,0.801676
0,0.910599
0,0.363673
0,0.235591
0,0.913047
0,0.638733
0,0.90013
0,0.874847
0,0.260813
0,0.552618
0,0.424085
0,0.912699
0,0.318035
0,0.551871
0,0.477211
0,0.791656
0,0.614843
0,0.285105
0,0.442495
0,0.179984
0,0.492457
0,0.349303
0,0.554921
0,0.392769
0,0.741716
0,0.296339
0,0.373656
0,0.294912
0,0.331804
0,0.682703
0,0.391542
0,0.464971
0,0.745361
0,0.555385
0,0.542898
0,0.66857
0,0.671237
0,0.19506
0,0.368589
0,0.756192
0,0.663187
0,0.322
0,0.347414
0,0.799767
0,0.483376
0,0.822532
0,0.249966
0,0.303192
0,0.565628
0,0.401133
0,0.4351
0,0.403148
0,0.252523
0,0.43129
0,0.318549
0,0.576526
0,0.524385
0,0.456876
0,0.685799
0,0.566081
0,0.832506
0,0.634257
0,0.70613
0,0.54558
0,0.463685
0,0.444909
0,0.136354
0,0.436133
0,0.469683
0,0.59455
0,0.851528
0,0.540583
0,0.88103
0,0.639388
0,0.62506
0,0.208022
0,0.167906
0,0.476805
0,0.812164
0,0.376642
0,0.628994
0,0.101663
0,0.242048
0,0.538013
0,0.850749
0,0.361996
0,0.234778
0,0.724022
0,0.382633
0,0.83873
0,0.607185
0,0.356198
0,0.688978
0,0.550148
0,0.670087
0,0.684298
0,0.374278
0,0.310552
0,0.468375
0,0.84628
0,0.189233
0,0.361277
0,0.302459
0,0.443786
0,0.272734
0,0.170336
0,0.51746
0,0.405959
0,0.467608
0,0.462287
0,0.811723
0,0.493025
0,0.650964
0,0.477754
0,0.396205
0,0.362782
0,0.531163
0,0.540197
0,0.414199
0,0.46359
0,0.507205
0,0.458093
0,0.465799
0,0.899238
0,0.340402
0,0.327563
0,0.489649
0,0.585434
0,0.768486
0,0.433303
0,0.61615
0,0.705381
0,0.128606
0,0.751003
0,0.528395
0,0.799335
0,0.465594
0,0.885452
0,0.229306
0,0.584485
0,0.543722
0,0.406748
0,0.530043
0,0.292128
0,0.47639
0,0.615119
0,0.456724
0,0.856109
0,0.114541
0,0.745422
0,0.348638
0,0.294234
0,0.50959
0,0.905481
0,0.608408
0,0.388311
0,0.42062
0,0.650846
0,0.575263
0,0.704217
0,0.545212
0,0.634934
0,0.577645
0,0.385406
0,0.365894
0,0.368172
0,0.336772
0,0.596917
0,0.516594
0,0.383771
0,0.768897
0,0.661153
0,0.488835
0,0.889576
0,0.803097
0,0.342008
0,0.854611
0,0.738414
0,0.158539
0,0.401753
0,0.102298
0,0.64165
0,0.527672
0,0.455503
0,0.489037
0,0.434465
0,0.384628
0,0.416097
0,0.494871
0,0.370562
0,0.526418
0,0.758709
0,0.628017
0,0.630498
0,0.812511
0,0.514055
0,0.617456
0,0.659851
0,0.842549
0,0.864998
0,0.657444
0,0.701854
0,0.123506
0,0.637336
0,0.119923
0,0.391509
0,0.287718
0,0.632053
0,0.377311
0,0.394354
0,0.800607
0,0.671033
0,0.058491
0,0.453228
0,0.723078
0,0.451794
0,0.448797
0,0.489063
0,0.600852
0,0.342333
0,0.713994
0,0.256145
0,0.380642
0,0.363999
0,0.561519
0,0.448232
0,0.072039
0,0.568488
0,0.757601
0,0.142015
0,0.467826
0,0.6594
0,0.380099
0,0.25358
0,0.48447
0,0.616113
0,0.120139
0,0.718761
0,0.425186
0,0.307996
0,0.434052
0,0.432606
0,0.474746
0,0.668062
0,0.390532
0,0.492548
0,0.86681
0,0.648057
0,0.253793
0,0.755095
0,0.80796
0,0.061026
0,0.162327
0,0.244957
0,0.421685
0,0.324992
0,0.80778
0,0.376625
0,0.122233
0,0.354329
0,0.499059
0,0.499525
0,0.608162
0,0.333903
0,0.304789
0,0.328521
0,0.637843
0,0.522072
0,0.270879
0,0.362297
0,0.207379
0,0.153065
0,0.190356
0,0.372358
0,0.581269
0,0.091123
0,0.403915
0,0.503191
0,0.632869
0,0.621079
0,0.51153
0,0.558515
0,0.480532
0,0.282811
0,0.561636
0,0.246615
0,0.480329
0,0.694765
0,0.586248
0,0.534602
0,0.489226
0,0.110827
0,0.217794
0,0.436859
0,0.462035
0,0.758221
0,0.157225
0,0.370211
0,0.61078
0,0.743941
0,0.448342
0,0.205468
0,0.337892
0,0.423132
0,0.986082
0,0.293174
0,0.285993
0,0.643876
0,0.412285
0,0.226057
0,0.192437
0,0.359826
0,0.574859
0,0.401129
0,0.334618
0,0.114009
0,0.49142
0,0.931554
0,0.191751
0,0.646747
0,0.136118
0,0.556368
0,0.719305
0,0.469268
0,0.352365
0,0.702884
0,0.293912
0,0.294037
0,0.282442
0,0.380489
0,0.477648
0,0.26863
0,0.734751
0,0.644738
0,0.54708
0,0.624204
0,0.743428
0,0.487982
0,0.716731
0,0.389027
0,0.549365
0,0.236049
0,0.080595
0,0.412213
0,0.177146
0,0.416743
0,0.27845
0,0.388161
0,0.431822
0,0.494756
0,0.614248
0,0.274072
0,0.609084
0,0.32357
0,0.327778
0,0.28552
0,0.470813
0,0.419939
0,0.554468
0,0.807001
0,0.350419
0,0.751469
0,0.716289
0,0.379623
0,0.295056
0,0.157956
0,0.399085
0,0.313272
0,0.581249
0,0.4785
0,0.504699
0,0.538365
0,0.768543
0,0.481085
0,0.471472
0,0.516429
0,0.040919
0,0.116639
0,0.569526
0,0.642343
0,0.6221
0,0.473881
0,0.546109
0,0.749826
0,0.856076
0,0.359886
0,0.298455
0,0.137631
0,0.917005
0,0.870043
0,0.616665
0,0.468109
0,0.478643
0,0.326318
0,0.413895
0,0.800223
0,0.648241
0,0.342778
0,0.504715
0,0.493511
0,0.908782
0,0.470257
0,0.715623
0,0.477276
0,0.430064
0,0.906766
0,0.83436
0,0.604139
0,0.83279
0,0.585725
0,0.55473
0,0.91337
0,0.867889
0,0.662321
0,0.755901
0,0.267228
0,0.692456
0,0.480383
0,0.660486
0,0.464532
0,0.691842
0,0.378604
0,0.407223
0,0.224823
0,0.606967
0,0.320051
0,0.479997
0,0.640064
0,0.354245
0,0.407543
0,0.86501
0,0.69436
0,0.202687
0,0.36212
0,0.502329
0,0.325977
0,0.483962
0,0.321974
0,0.669801
0,0.347904
0,0.353141
0,0.314468
0,0.794283
0,0.263682
0,0.779204
0,0.403511
0,0.515038
0,0.199269
0,0.404541
0,0.660002
0,0.457091
0,0.414909
0,0.100853
0,0.369061
0,0.636948
0,0.296545
0,0.767679
0,0.488846
0,0.475042
0,0.947875
0,0.134981
0,0.409444
0,0.035918
0,0.709128
0,0.478615
0,0.600504
0,0.440186
0,0.60121
0,0.115815
0,0.600803
0,0.547937
0,0.351395
0,0.380654
0,0.306261
0,0.117372
0,0.415765
0,0.652539
0,0.66328
0,0.060198
0,0.600111
0,0.610883
0,0.602209
0,0.415639
0,0.60987
0,0.255648
0,0.927427
0,0.241898
0,0.431955
0,0.205939
0,0.374756
0,0.605434
0,0.270632
0,0.544763
0,0.43743
0,0.424059
0,0.606546
0,0.785153
0,0.661279
0,0.436248
0,0.474021
0,0.785234
0,0.456326
0,0.504136
0,0.643088
0,0.14015
0,0.4347
0,0.244935
0,0.748879
0,0.606518
0,0.854065
0,0.692094
0,0.519341
0,0.432719
0,0.615389
0,0.546393
0,0.645803
0,0.506378
0,0.380294
0,0.45299
0,0.455481
0,0.079973
0,0.705195
0,0.249605
0,0.558264
0,0.499845
0,0.56212
0,0.760838
0,0.796985
0,0.886104
0,0.767732
0,0.696962
0,0.59702
0,0.520478
0,0.679413
0,0.79662
0,0.623846
0,0.414694
0,0.598
0,0.732454
0,0.50197
0,0.40013
0,0.363004
0,0.276934
0,0.654857
0,0.86517
0,0.858818
0,0.44692
0,0.402557
0,0.126284
0,0.37041
0,0.403517
0,0.620002
0,0.402552
0,0.61525
0,0.191596
0,0.214654
0,0.439645
0,0.39813
0,0.155014
0,0.3688
0,0.315575
0,0.567794
0,0.380797
0,0.35603
0,0.102748
0,0.780984
0,0.29069
0,0.23303
0,0.330584
0,0.638611
0,0.396494
0,0.725484
0,0.79462
0,0.263152
0,0.360222
0,0.471881
0,0.699878
0,0.544764
0,0.314105
0,0.722229
0,0.801996
0,0.372976
0,0.475257
0,0.565595
0,0.397017
0,0.25542
0,0.805862
0,0.642985
0,0.580661
0,0.512481
0,0.42346
0,0.862071
0,0.494956
0,0.561927
0,0.590431
0,0.524775
0,0.696825
0,0.643013
0,0.524044
0,0.457391
0,0.313414
0,0.019798
0,0.511379
0,0.896897
0,0.107926
0,0.361802
0,0.476426
0,0.447928
0,0.603422
0,0.637481
0,0.496725
0,0.461887
0,0.612257
0,0.747356
0,0.459873
0,0.223763
0,0.478471
0,0.283441
0,0.391442
0,0.305191
0,0.183417
0,0.427785
0,0.561117
0,0.397426
0,0.151591
0,0.646001
0,0.692639
0,0.34811
0,0.560672
0,0.70315
0,0.285889
0,0.56179
0,0.104765
0,0.530962
0,0.62444
0,0.474614
0,0.44418
0,0.496729
0,0.35038
0,0.549833
0,0.607211
0,0.316102
0,0.406909
0,0.434889
0,0.437149
0,0.319584
0,0.420217
0,0.394159
0,0.59378
0,0.665207
0,0.307842
0,0.580745
0,0.334001
0,0.488787
0,0.42021
0,0.543838
0,0.370688
0,0.581205
0,0.293841
0,0.134947
0,0.479774
0,0.161835
0,0.546144
0,0.308701
0,0.672145
0,0.465943
0,0.471046
0,0.794631
0,0.325988
0,0.210224
0,0.776062
0,0.886463
0,0.584713
0,0.581321
0,0.344125
0,0.640482
0,0.475109
0,0.148489
0,0.591252
0,0.565526
0,0.509932
0,0.807983
0,0.707788
0,0.519571
0,0.324726
0,0.390484
0,0.34726
0,0.270303
0,0.277022
0,0.229742
0,0.654804
0,0.658282
0,0.335507
0,0.92093
0,0.295906
0,0.486865
0,0.679715
0,0.612698
0,0.699697
0,0.541163
0,0.081982
0,0.457653
0,0.495221
0,0.652947
0,0.399171
0,0.468832
0,0.674319
0,0.458764
0,0.561384
0,0.380834
0,0.950606
0,0.410885
0,0.306821
0,0.598029
0,0.718353
0,0.239148
0,0.548707
0,0.663867
0,0.422103
0,0.335121
0,0.345945
0,0.225279
0,0.420587
0,0.844692
0,0.343642
0,0.644244
0,0.440336
0,0.909029
0,0.536785
0,0.493255
0,0.106884
0,0.36646
0,0.195896
0,0.163797
0,0.563821
0,0.234372
0,0.467798
0,0.297098
0,0.477803
0,0.672523
0,0.539537
0,0.77147
0,0.641478
0,0.435379
0,0.234608
0,0.829406
0,0.599566
0,0.848333
0,0.19968
0,0.642411
0,0.542479
0,0.52067
0,0.3327
0,0.517958
0,0.441413
0,0.447667
0,0.322961
0,0.90415
0,0.390168
0,0.339617
0,0.295477
0,0.116198
0,0.458425
0,0.49381
0,0.370323
0,0.452958
0,0.370612
0,0.499521
0,0.418863
0,0.277422
0,0.837618
0,0.403018
0,0.069689
0,0.74567
0,0.592875
0,0.399928
0,0.267717
0,0.351939
0,0.136929
0,0.526596
0,0.744864
0,0.335602
0,0.596127
0,0.70515
0,0.571334
0,0.299506
0,0.306696
0,0.088534
0,0.723034
0,0.375914
0,0.357177
0,0.766104
0,0.375991
0,0.207865
0,0.859144
0,0.233493
0,0.711648
0,0.497148
0,0.394186
0,0.282834
0,0.453899
0,0.759383
0,0.155051
0,0.416551
0,0.662109
0,0.543757
0,0.534316
0,0.504983
0,0.402052
0,0.295729
0,0.354908
0,0.221448
0,0.409297
0,0.253594
0,0.537318
0,0.578807
0,0.173137
0,0.372993
0,0.885695
0,0.326233
0,0.166982
0,0.357946
0,0.691535
0,0.43317
0,0.301389
0,0.77646
0,0.483708
0,0.568882
0,0.832376
0,0.675133
0,0.27746
0,0.634946
0,0.675025
0,0.539659
0,0.340452
0,0.426422
0,0.691515
0,0.101784
0,0.476948
0,0.571903
0,0.518491
0,0.207632
0,0.311592
0,0.556721
0,0.52408
0,0.323928
0,0.445119
0,0.283265
0,0.309979
0,0.221068
0,0.399507
0,0.556729
0,0.704662
0,0.501212
0,0.434574
0,0.343077
0,0.480347
0,0.552435
0,0.576744
0,0.488584
0,0.385045
0,0.15186
0,0.596795
0,0.462594
0,0.214672
0,0.372758
0,0.774307
0,0.453529
0,0.65313
0,0.203264
0,0.813364
0,0.330296
0,0.827521
0,0.738859
0,0.472361
0,0.52578
0,0.39602
0,0.182835
0,0.302692
0,0.560387
0,0.371432
0,0.228662
0,0.042442
0,0.90496
0,0.575792
0,0.953324
0,0.863275
0,0.581991
0,0.748567
0,0.654944
0,0.904863
0,0.794004
0,0.475345
0,0.675811
0,0.623172
0,0.543821
0,0.481311
0,0.685198
0,0.201741
0,0.425773
0,0.541542
0,0.418824
0,0.868081
0,0.86986
0,0.537937
0,0.248273
0,0.382811
0,0.600476
0,0.495482
0,0.576886
0,0.459691
0,0.462003
0,0.33132
0,0.611189
0,0.672258
0,0.396758
0,0.895431
0,0.412519
0,0.20812
0,0.288656
0,0.516226
0,0.37717
0,0.482709
0,0.263962
0,0.517155
0,0.281029
0,0.551254
0,0.40421
0,0.412277
0,0.742902
0,0.424118
0,0.444177
0,0.27078
0,0.474687
0,0.865642
0,0.470083
0,0.09694
0,0.662083
0,0.645241
0,0.256745
0,0.700991
0,0.751228
0,0.917294
0,0.955405
0,0.420926
0,0.434124
0,0.470361
0,0.297123
0,0.523944
0,0.540157
0,0.694505
0,0.550907
0,0.57017
0,0.707205
0,0.328503
0,0.255013
0,0.480133
0,0.088503
0,0.492107
0,0.492925
0,0.827886
0,0.458625
0,0.693548
0,0.326582
0,0.32891
0,0.710167
0,0.263615
0,0.282638
0,0.044064
0,0.532785
0,0.58635
0,0.257924
0,0.430708
0,0.640785
0,0.356178
0,0.120714
0,0.516821
0,0.80153
0,0.179508
0,0.345456
0,0.473482
0,0.502635
0,0.87125
0,0.5514
0,0.814535
0,0.314218
0,0.328428
0,0.633759
0,0.549979
0,0.347985
0,0.79878
0,0.656269
0,0.049139
0,0.679397
0,0.71197
0,0.581168
0,0.754283
0,0.696326
0,0.199708
0,0.580006
0,0.659132
0,0.414348
0,0.827554
0,0.204876
0,0.317199
0,0.261897
0,0.279769
0,0.46291
0,0.441674
0,0.544777
0,0.461814
0,0.638896
0,0.61692
0,0.46253
0,0.365558
0,0.755327
0,0.619132
0,0.355052
0,0.35494
0,0.265537
0,0.493932
0,0.444117
0,0.697246
0,0.699151
0,0.793201
0,0.590688
0,0.401487
0,0.135578
0,0.27832
0,0.192543
0,0.713266
0,0.435965
0,0.614281
0,0.684838
0,0.03929
0,0.331364
0,0.138904
0,0.793424
0,0.550848
0,0.265464
0,0.351253
0,0.184727
0,0.658281
0,0.600028
0,0.578334
0,0.50237
0,0.518054
0,0.42959
0,0.722619
0,0.274887
0,0.409861
0,0.490497
0,0.556311
0,0.25782
0,0.445951
0,0.229439
0,0.49921
0,0.570548
0,0.715769
0,0.302998
0,0.431113
0,0.411613
0,0.373825
0,0.525504
0,0.364325
0,0.407055
0,0.461119
0,0.561629
0,0.193571
0,0.467129
0,0.070157
0,0.495057
0,0.824363
0,0.404105
0,0.322264
0,0.367995
0,0.049823
0,0.654081
0,0.401951
0,0.603673
0,0.425449
0,0.053058
0,0.428591
0,0.454082
0,0.71863
0,0.41709
0,0.7801
0,0.242634
0,0.265923
0,0.45071
0,0.288441
0,0.314315
0,0.586605
0,0.059061
0,0.564259
0,0.43532
0,0.343662
0,0.856016
0,0.448822
0,0.459853
0,0.654881
0,0.555978
0,0.576769
0,0.673206
0,0.306178
0,0.441117
0,0.553799
0,0.372556
0,0.079755
0,0.532888
0,0.489058
0,0.639693
0,0.378729
0,0.829645
0,0.710039
0,0.265181
0,0.578106
0,0.061504
0,0.188261
0,0.914249
0,0.776435
0,0.290322
0,0.127405
0,0.807696
0,0.811587
0,0.455339
0,0.307601
0,0.557402
0,0.878194
0,0.446665
0,0.477602
0,0.562489
0,0.168819
0,0.268462
0,0.782794
0,0.703298
0,0.481987
0,0.896928
0,0.349152
0,0.465543
0,0.51093
0,0.709079
0,0.358725
0,0.867217
0,0.672962
0,0.548386
0,0.300985
0,0.844184
0,0.750187
0,0.549306
0,0.593
0,0.584899
0,0.309079
0,0.195445
0,0.371884
0,0.320627
0,0.75894
0,0.627399
0,0.789642
0,0.333343
0,0.878988
0,0.545188
0,0.868992
0,0.801013
0,0.352609
0,0.760138
0,0.576521
0,0.08627
0,0.38861
0,0.851103
0,0.436053
0,0.475622
0,0.295971
0,0.405006
0,0.30217
0,0.728654
0,0.546777
0,0.089969
0,0.808484
0,0.36949
0,0.439674
0,0.323464
0,0.427244
0,0.701582
0,0.902268
0,0.714286
0,0.095808
0,0.389663
0,0.702004
0,0.492488
0,0.40042
0,0.568035
0,0.793137
0,0.891682
0,0.318694
0,0.712525
0,0.822881
0,0.830564
0,0.815002
0,0.739643
0,0.365594
0,0.136722
0,0.035458
0,0.702046
0,0.292508
0,0.327976
0,0.395297
0,0.135536
0,0.477612
0,0.582498
0,0.502481
0,0.541529
0,0.577187
0,0.599778
0,0.311553
0,0.276393
0,0.428538
0,0.357783
0,0.638563
0,0.674345
0,0.630061
0,0.494756
0,0.651215
0,0.377819
0,0.743692
0,0.231456
0,0.27535
0,0.509122
0,0.471692
0,0.230906
0,0.156519
0,0.483206
0,0.358563
0,0.673615
0,0.259107
0,0.282605
0,0.772866
0,0.401201
0,0.523337
0,0.297064
0,0.159046
0,0.440888
0,0.869562
0,0.247499
0,0.500152
0,0.824749
0,0.749209
0,0.368853
0,0.399047
0,0.497006
0,0.349574
0,0.343138
0,0.840441
0,0.529146
0,0.320666
0,0.201477
0,0.368895
0,0.097873
0,0.687221
0,0.542473
0,0.070745
0,0.707431
0,0.288109
0,0.526169
0,0.270855
0,0.613695
0,0.764398
0,0.04113
0,0.122038
0,0.602131
0,0.531683
0,0.189939
0,0.486053
0,0.843136
0,0.543252
0,0.470541
0,0.5912
0,0.345987
0,0.628641
0,0.903355
0,0.614197
0,0.869069
0,0.54833
0,0.695887
0,0.435773
0,0.410781
0,0.446527
0,0.442019
0,0.659565
0,0.399905
0,0.564212
0,0.74231
0,0.619053
0,0.495441
0,0.11332
0,0.320724
0,0.846202
0,0.469479
0,0.14421
0,0.664228
0,0.335511
0,0.63949
0,0.195524
0,0.26892
0,0.198902
0,0.351581
0,0.444999
0,0.504341
0,0.534852
0,0.360928
0,0.258734
0,0.591609
0,0.28686
0,0.379397
0,0.221172
0,0.59551
0,0.136244
0,0.37704
0,0.612617
0,0.546267
0,0.491443
0,0.611687
0,0.620925
0,0.34567
0,0.32389
0,0.53895
0,0.141242
0,0.421759
0,0.104258
0,0.605063
0,0.405579
0,0.596752
0,0.145453
0,0.155565
0,0.699043
0,0.52597
0,0.694207
0,0.134992
0,0.38719
0,0.410493
0,0.366
0,0.813318
0,0.282384
0,0.696078
0,0.823088
0,0.160361
0,0.213901
0,0.242344
0,0.275486
0,0.555681
0,0.664831
0,0.627153
0,0.31036
0,0.375343
0,0.562385
0,0.396975
0,0.842058
0,0.664707
0,0.514193
0,0.41772
0,0.684037
0,0.580899
0,0.382545
0,0.095026
0,0.496818
0,0.727284
0,0.499456
0,0.569695
0,0.36531
0,0.62526
0,0.014998
0,0.58753
0,0.823177
0,0.435662
0,0.02504
0,0.594323
0,0.483865
0,0.813695
0,0.523975
0,0.349231
0,0.14225
0,0.403916
0,0.44474
0,0.18671
0,0.449737
0,0.502762
0,0.437589
0,0.217076
0,0.728667
0,0.324819
0,0.414618
0,0.436917
0,0.573561
0,0.774722
0,0.535592
0,0.654304
0,0.9847
0,0.545993
0,0.85683
0,0.363809
0,0.125755
0,0.524311
0,0.080977
0,0.346949
0,0.086585
0,0.582727
0,0.473928
0,0.655615
0,0.452506
0,0.628211
0,0.521663
0,0.169664
0,0.878822
0,0.793141
0,0.514126
0,0.277119
0,0.148595
0,0.272734
0,0.268612
0,0.813264
0,0.78281
0,0.741757
0,0.589297
0,0.445447
0,0.67913
0,0.839391
0,0.620568
0,0.586098
0,0.408775
0,0.593486
0,0.593587
0,0.544748
0,0.48013
0,0.269807
0,0.330936
0,0.226067
0,0.676596
0,0.356343
0,0.461765
0,0.922723
0,0.600625
0,0.22679
0,0.357235
0,0.670505
0,0.747433
0,0.444341
0,0.328878
0,0.330193
0,0.364333
0,0.677354
0,0.379752
0,0.396983
0,0.737191
0,0.497798
0,0.662017
0,0.396913
0,0.504406
0,0.399214
0,0.058895
0,0.674998
0,0.697577
0,0.493496
0,0.703505
0,0.576361
0,0.730781
0,0.889131
0,0.439287
0,0.186067
0,0.8246
0,0.896596
0,0.679008
0,0.165385
0,0.384578
0,0.390085
0,0.565718
0,0.571437
0,0.397718
0,0.527208
0,0.253771
0,0.322244
0,0.767197
0,0.607954
0,0.212608
0,0.367834
0,0.472051
0,0.509067
0,0.321121
0,0.536902
0,0.630632
0,0.270307
0,0.669359
0,0.421033
0,0.261516
0,0.908424
0,0.256064
0,0.234496
0,0.363293
0,0.342592
0,0.641694
0,0.270359
0,0.446213
0,0.460732
0,0.632203
0,0.124845
0,0.64136
0,0.23513
0,0.604964
0,0.157731
0,0.397928
0,0.720176
0,0.13306
0,0.226064
0,0.781993
0,0.574266
0,0.164376
0,0.670326
0,0.400524
0,0.807169
0,0.639866
0,0.531897
0,0.346771
0,0.472348
0,0.815413
0,0.402451
0,0.877491
0,0.621166
0,0.384359
0,0.543195
0,0.428242
0,0.330432
0,0.317851
0,0.592562
0,0.375444
0,0.299667
0,0.723107
0,0.889564
0,0.452145
0,0.364642
0,0.404533
0,0.259046
0,0.213132
0,0.33226
0,0.157466
0,0.504351
0,0.558102
0,0.213395
0,0.683261
0,0.467219
0,0.6782
0,0.738376
0,0.441867
0,0.279778
0,0.103358
0,0.772763
0,0.228784
0,0.208492
0,0.468753
0,0.456202
0,0.708013
0,0.531955
0,0.606678
0,0.719242
0,0.553605
0,0.202863
0,0.438255
0,0.788136
0,0.517036
0,0.271577
0,0.555986
0,0.401503
0,0.345363
0,0.274888
0,0.271512
0,0.670406
0,0.186345
0,0.533745
0,0.46208
0,0.142358
0,0.488339
0,0.542027
0,0.318124
0,0.478858
0,0.432551
0,0.539071
0,0.905158
0,0.164651
0,0.589767
0,0.243456
0,0.292406
0,0.433722
0,0.910699
0,0.722247
0,0.341416
0,0.598519
0,0.771926
0,0.565946
0,0.368941
0,0.416108
0,0.970984
0,0.571398
0,0.120681
0,0.856758
0,0.258065
0,0.463745
0,0.746017
0,0.709962
0,0.2652
0,0.607083
0,0.747602
0,0.617971
0,0.153199
0,0.396785
0,0.178329
0,0.367024
0,0.528885
0,0.146089
0,0.631952
0,0.522555
0,0.392736
0,0.165634
0,0.557084
0,0.904461
0,0.287531
0,0.80704
0,0.341474
0,0.235271
0,0.53196
0,0.516621
0,0.618577
0,0.811171
0,0.595074
0,0.314459
0,0.878452
0,0.590169
0,0.296308
0,0.534432
0,0.649459
0,0.528864
0,0.184033
0,0.231651
0,0.5127
0,0.654168
0,0.547857
0,0.199773
0,0.395126
0,0.434788
0,0.775573
0,0.73772
0,0.74633
0,0.554521
0,0.509209
0,0.214125
0,0.728198
0,0.686378
0,0.406268
0,0.35214
0,0.152902
0,0.858886
0,0.207667
0,0.63465
0,0.41838
0,0.650033
0,0.582936
0,0.970494
0,0.259354
0,0.591935
0,0.738971
0,0.311254
0,0.456509
0,0.6507
0,0.219729
0,0.439109
0,0.377571
0,0.600012
0,0.70015
0,0.034501
0,0.568045
0,0.978971
0,0.38113
0,0.27789
0,0.559506
0,0.165056
0,0.704491
0,0.311284
0,0.427559
0,0.159233
0,0.625988
0,0.548212
0,0.39967
0,0.893778
0,0.720862
0,0.907418
0,0.359663
0,0.873922
0,0.126281
0,0.452321
0,0.872213
0,0.769973
0,0.671471
0,0.608049
0,0.315166
0,0.488852
0,0.86164
0,0.248313
0,0.804425
0,0.603755
0,0.785337
0,0.42154
0,0.755012
0,0.228242
0,0.63933
0,0.711876
0,0.137043
0,0.866018
0,0.548985
0,0.196623
0,0.376542
0,0.531991
0,0.894625
0,0.76658
0,0.675297
0,0.93251
0,0.50803
0,0.623384
0,0.564195
0,0.257727
0,0.359036
0,0.735697
0,0.393151
0,0.359425
0,0.364542
0,0.340732
0,0.524122
0,0.456085
0,0.646628
0,0.462103
0,0.54271
0,0.445237
0,0.506011
0,0.228845
0,0.266714
0,0.169222
0,0.323472
0,0.269127
0,0.360336
0,0.770704
0,0.880335
0,0.661532
0,0.355852
0,0.514305
0,0.352231
0,0.660765
0,0.036396
0,0.47972
0,0.730227
0,0.162041
0,0.112884
0,0.198629
0,0.263683
0,0.48434
0,0.436662
0,0.539016
0,0.509731
0,0.373451
0,0.498676
0,0.600773
0,0.437534
0,0.266119
0,0.520125
0,0.524108
0,0.35198
0,0.67164
0,0.380852
0,0.470785
0,0.547191
0,0.228983
0,0.276964
0,0.508296
0,0.091339
0,0.529673
0,0.761733
0,0.217076
0,0.755165
0,0.498951
0,0.280919
0,0.436912
0,0.502183
0,0.259173
0,0.415797
0,0.18819
0,0.676474
0,0.321311
0,0.180189
0,0.498993
0,0.367717
0,0.367688
0,0.274542
0,0.467374
0,0.460907
0,0.385143
0,0.095112
0,0.682948
0,0.192903
0,0.383252
0,0.402477
0,0.815419
0,0.565028
0,0.229694
0,0.644235
0,0.377114
0,0.096037
0,0.659949
0,0.432849
0,0.729838
0,0.808924
0,0.593126
0,0.794316
0,0.495357
0,0.203014
0,0.229408
0,0.765147
0,0.268981
0,0.555328
0,0.51158
0,0.403099
0,0.343782
0,0.425676
0,0.610303
0,0.762459
0,0.781201
0,0.666525
0,0.094092
0,0.432469
0,0.695717
0,0.751837
0,0.348291
0,0.494578
0,0.189861
0,0.796293
0,0.10589
0,0.43104
0,0.566916
0,0.344001
0,0.386442
0,0.869058
0,0.333612
0,0.188826
0,0.800306
0,0.613416
0,0.381223
0,0.659128
0,0.327872
0,0.340314
0,0.610124
0,0.492297
0,0.130543
0,0.872473
0,0.453186
0,0.625557
0,0.650416
0,0.837027
0,0.251997
0,0.534256
0,0.331847
0,0.50271
0,0.282957
0,0.187684
0,0.905629
0,0.769316
0,0.692008
0,0.657746
0,0.410302
0,0.627038
0,0.427469
0,0.333763
0,0.800163
0,0.337132
0,0.694376
0,0.418851
0,0.433285
0,0.625261
0,0.715722
0,0.703431
0,0.753699
0,0.52852
0,0.713705
0,0.616669
0,0.596042
0,0.653841
0,0.757494
0,0.554434
0,0.922991
0,0.410389
0,0.721139
0,0.635748
0,0.500901
0,0.708761
0,0.615174
0,0.401407
0,0.708624
0,0.703411
0,0.84575
0,0.24084
0,0.378673
0,0.477729
0,0.52537
0,0.953041
0,0.560983
0,0.483798
0,0.519604
0,0.376532
0,0.28916
0,0.504257
0,0.241636
0,0.314236
0,0.342273
0,0.451068
0,0.479759
0,0.532597
0,0.6929
0,0.81534
0,0.422806
0,0.074081
0,0.735117
0,0.86121
0,0.201939
0,0.373959
0,0.472296
0,0.463233
0,0.912605
0,0.164613
0,0.218921
0,0.455095
0,0.201235
0,0.579857
0,0.611335
0,0.244471
0,0.205056
0,0.114519
0,0.16515
0,0.674267
0,0.507222
0,0.403375
0,0.410956
0,0.645578
0,0.541684
0,0.652022
0,0.494585
0,0.416804
0,0.675553
0,0.715949
0,0.474155
0,0.424544
0,0.494452
0,0.135743
0,0.608964
0,0.40093
0,0.254521
0,0.713275
0,0.688516
0,0.662628
0,0.429129
0,0.760128
0,0.340734
0,0.827235
0,0.350241
0,0.575481
0,0.453845
0,0.7073
0,0.633439
0,0.691208
0,0.47523
0,0.508482
0,0.401406
0,0.178357
0,0.250277
0,0.599549
0,0.622684
0,0.302478
0,0.642997
0,0.67098
0,0.469752
0,0.752439
0,0.358822
0,0.435319
0,0.355427
0,0.62973
0,0.893985
0,0.330284
0,0.339306
0,0.355332
0,0.404703
0,0.242742
0,0.3964
0,0.381462
0,0.403985
0,0.300206
0,0.295631
0,0.711093
0,0.738049
0,0.342206
0,0.455071
0,0.547218
0,0.467667
0,0.730987
0,0.332903
0,0.406061
0,0.826511
0,0.728865
0,0.595306
0,0.539129
0,0.660411
0,0.744445
0,0.680472
0,0.823938
0,0.34444
0,0.699132
0,0.017717
0,0.342711
0,0.430732
0,0.697697
0,0.280496
0,0.224095
0,0.251831
0,0.751598
0,0.493963
0,0.601924
0,0.538156
0,0.473358
0,0.388269
0,0.777324
0,0.274416
0,0.675598
0,0.697701
0,0.405584
0,0.616572
0,0.236623
0,0.287713
0,0.628199
0,0.468908
0,0.284295
0,0.49973
0,0.359037
0,0.789159
0,0.36989
0,0.548296
0,0.39907
0,0.459426
0,0.451054
0,0.888462
0,0.50273
0,0.24079
0,0.461887
0,0.340295
0,0.291873
0,0.487076
0,0.366266
0,0.33605
0,0.21292
0,0.116016
0,0.513824
0,0.365024
0,0.294145
0,0.524012
0,0.590732
0,0.844296
0,0.680433
0,0.298652
0,0.476644
0,0.606317
0,0.795875
0,0.48052
0,0.654663
0,0.285897
0,0.269445
0,0.512466
0,0.546149
0,0.541893
0,0.643507
0,0.60702
0,0.550375
0,0.882935
0,0.689013
0,0.67282
0,0.701046
0,0.303975
0,0.870842
0,0.309911
0,0.782535
0,0.529743
0,0.718662
0,0.204081
0,0.606068
0,0.569479
0,0.661502
0,0.34043
0,0.301355
0,0.663657
0,0.280384
0,0.718525
0,0.560143
0,0.459374
0,0.691219
0,0.409595
0,0.432801
0,0.435979
0,0.788502
0,0.691101
0,0.588405
0,0.37072
0,0.286578
0,0.662069
0,0.4278
0,0.665268
0,0.526705
0,0.308857
0,0.500456
0,0.733433
0,0.772934
0,0.582191
0,0.675211
0,0.044949
0,0.213002
0,0.667675
0,0.308992
0,0.501125
0,0.661514
0,0.598741
0,0.370203
0,0.692243
0,0.512331
0,0.382891
0,0.646362
0,0.574738
0,0.568564
0,0.709613
0,0.222852
0,0.471749
0,0.213277
0,0.162338
0,0.316111
0,0.265057
0,0.430899
0,0.360203
0,0.913123
0,0.226899
0,0.451784
0,0.307814
0,0.52348
0,0.469869
0,0.642701
0,0.673315
0,0.529005
0,0.566997
0,0.556908
0,0.364194
0,0.611056
0,0.462572
0,0.412943
0,0.580967
0,0.472477
0,0.208423
0,0.32297
0,0.732204
0,0.128475
0,0.885517
0,0.471331
0,0.808904
0,0.638174
0,0.691548
0,0.777381
0,0.868172
0,0.643033
0,0.924621
0,0.975809
0,0.109031
0,0.619652
0,0.262061
0,0.331248
0,0.63479
0,0.597656
0,0.557656
0,0.941564
0,0.457387
0,0.442845
0,0.576837
0,0.880277
0,0.259167
0,0.693686
0,0.77697
0,0.666134
0,0.343841
0,0.951584
0,0.67089
0,0.371615
0,0.556132
0,0.605269
0,0.380031
0,0.323601
0,0.565389
0,0.481309
0,0.598181
0,0.98121
0,0.513204
0,0.48642
0,0.361399
0,0.322892
0,0.80808
0,0.409848
0,0.585686
0,0.416551
0,0.238138
0,0.241891
0,0.81398
0,0.795654
0,0.43123
0,0.292208
0,0.078041
0,0.787764
0,0.517601
0,0.686752
0,0.268786
0,0.441169
0,0.53285
0,0.427912
0,0.266863
0,0.638072
0,0.727417
0,0.22998
0,0.315063
0,0.218614
0,0.633721
0,0.65144
0,0.337592
0,0.544309
0,0.289535
0,0.41258
0,0.568305
0,0.839608
0,0.50895
0,0.720784
0,0.532878
0,0.852597
0,0.387018
0,0.698848
0,0.590486
0,0.573794
0,0.80482
0,0.360791
0,0.922816
0,0.58481
0,0.85112
0,0.397123
0,0.64915
0,0.335467
0,0.336615
0,0.249889
0,0.20165
0,0.138142
0,0.488182
0,0.197072
0,0.451543
0,0.316079
0,0.392727
0,0.549887
0,0.327214
0,0.451751
0,0.848042
0,0.460228
0,0.626304
0,0.64076
0,0.226104
0,0.534675
0,0.451099
0,0.820951
0,0.871444
0,0.525432
0,0.575271
0,0.374966
0,0.695392
0,0.136628
0,0.523569
0,0.556838
0,0.42971
0,0.400155
0,0.685195
0,0.571919
0,0.311093
0,0.184949
0,0.484256
0,0.74023
0,0.675419
0,0.295888
0,0.49609
0,0.557526
0,0.421639
0,0.653333
0,0.422522
0,0.663626
0,0.734632
0,0.949726
0,0.090426
0,0.808799
0,0.789488
0,0.191016
0,0.274293
0,0.313711
0,0.133576
0,0.383647
0,0.751187
0,0.696053
0,0.718742
0,0.492803
0,0.087122
0,0.548061
0,0.834673
0,0.368589
0,0.64253
0,0.495216
0,0.346061
0,0.52135
0,0.251741
0,0.126422
0,0.303646
0,0.24677
0,0.661716
0,0.257105
0,0.843732
0,0.800435
0,0.10981
0,0.750346
0,0.839643
0,0.394518
0,0.549663
0,0.500958
0,0.487616
0,0.320277
0,0.462109
0,0.277531
0,0.099837
0,0.164338
0,0.679251
0,0.628067
0,0.509227
0,0.049583
0,0.146793
0,0.378669
0,0.498276
0,0.312432
0,0.505312
0,0.566993
0,0.697546
0,0.82632
0,0.176184
0,0.660744
0,0.263735
0,0.775353
0,0.610129
0,0.419692
0,0.555137
0,0.39638
0,0.189723
0,0.753062
0,0.581206
0,0.59243
0,0.231443
0,0.442376
0,0.781891
0,0.519905
0,0.082797
0,0.512571
0,0.138174
0,0.643008
0,0.416944
0,0.421761
0,0.624558
0,0.457144
0,0.180997
0,0.086311
0,0.488185
0,0.53012
0,0.415502
0,0.481912
0,0.397134
0,0.389581
0,0.874869
0,0.642549
0,0.372612
0,0.57929
0,0.762912
0,0.520628
0,0.604734
0,0.580074
0,0.513081
0,0.422621
0,0.359463
0,0.22496
0,0.195521
0,0.389656
0,0.182117
0,0.698923
0,0.383754
0,0.310528
0,0.552261
0,0.22181
0,0.878773
0,0.603824
0,0.251914
0,0.24025
0,0.298011
0,0.107665
0,0.419234
0,0.726704
0,0.440497
0,0.315537
0,0.801578
0,0.334506
0,0.6501
0,0.073075
0,0.843286
0,0.261226
0,0.455705
0,0.530817
0,0.886387
0,0.37676
0,0.779144
0,0.625369
0,0.416799
0,0.384191
0,0.420648
0,0.124917
0,0.270883
0,0.223674
0,0.588942
0,0.479334
0,0.471302
0,0.835071
0,0.575213
0,0.650266
0,0.797586
0,0.755992
0,0.638285
0,0.412104
0,0.390406
0,0.458998
0,0.904077
0,0.279929
0,0.574388
0,0.778592
0,0.521713
0,0.57716
0,0.617196
0,0.493216
0,0.775135
0,0.652402
0,0.265784
0,0.3791
0,0.615926
0,0.349554
0,0.415005
0,0.510559
0,0.528125
0,0.285736
0,0.534212
0,0.510761
0,0.7962
0,0.461205
0,0.437773
0,0.641903
0,0.403264
0,0.348863
0,0.589311
0,0.695552
0,0.441217
0,0.624294
0,0.515916
0,0.437738
0,0.118449
0,0.459022
0,0.231874
0,0.437652
0,0.339261
0,0.433081
0,0.526663
0,0.202288
0,0.768634
0,0.58138
0,0.626221
0,0.216154
0,0.44291
0,0.578644
0,0.278886
0,0.284164
0,0.729079
0,0.834126
0,0.512253
0,0.46843
0,0.582353
0,0.737457
0,0.567902
0,0.58468
0,0.284486
0,0.437076
0,0.609669
0,0.868878
0,0.343941
0,0.334385
0,0.235307
0,0.684176
0,0.838785
0,0.391733
0,0.324333
0,0.154887
0,0.564984
0,0.414737
0,0.208168
0,0.928085
0,0.406471
0,0.654862
0,0.435463
0,0.38654
0,0.530592
0,0.516248
0,0.150703
0,0.52817
0,0.789173
0,0.776147
0,0.779701
0,0.43518
0,0.794032
0,0.616078
0,0.105124
0,0.235181
0,0.6752
0,0.547683
0,0.671175
0,0.766638
0,0.494371
0,0.685882
0,0.316014
0,0.844192
0,0.623687
0,0.350925
0,0.508849
0,0.924957
0,0.113817
0,0.291513
0,0.297943
0,0.459768
0,0.889431
0,0.509
0,0.289772
0,0.498782
0,0.392946
0,0.471628
0,0.616964
0,0.633935
0,0.432011
0,0.447133
0,0.38514
0,0.73325
0,0.369841
0,0.456658
0,0.520021
0,0.895495
0,0.42415
0,0.744067
0,0.319008
0,0.429526
0,0.434826
0,0.287604
0,0.947574
0,0.39478
0,0.634547
0,0.351495
0,0.786984
0,0.435175
0,0.357702
0,0.714098
0,0.61597
0,0.444179
0,0.710913
0,0.405453
0,0.352499
0,0.757478
0,0.556617
0,0.753085
0,0.594712
0,0.602021
0,0.536496
0,0.515308
0,0.868815
0,0.604022
0,0.522519
0,0.559819
0,0.448791
0,0.376902
0,0.316416
0,0.906128
0,0.509001
0,0.44228
0,0.895058
0,0.538352
0,0.657347
0,0.516314
0,0.524161
0,0.732053
0,0.332034
0,0.65474
0,0.468431
0,0.680437
0,0.314931
0,0.419544
0,0.488297
0,0.795289
0,0.355063
0,0.825301
0,0.355403
0,0.041888
0,0.262225
0,0.461379
0,0.432611
0,0.827432
0,0.40879
0,0.329048
0,0.333825
0,0.899608
0,0.412107
0,0.537522
0,0.187291
0,0.331454
0,0.191709
0,0.633303
0,0.467461
0,0.938932
0,0.380188
0,0.518097
0,0.704764
0,0.715803
0,0.457475
0,0.563321
0,0.703961
0,0.815798
0,0.323817
0,0.596417
0,0.166807
0,0.455486
0,0.536366
0,0.872472
0,0.631418
0,0.387307
0,0.319473
0,0.67127
0,0.714444
0,0.2406
0,0.276228
0,0.165579
0,0.408661
0,0.070884
0,0.204905
0,0.656356
0,0.736955
0,0.219639
0,0.435289
0,0.10751
0,0.540167
0,0.326651
0,0.631102
0,0.31177
0,0.515802
0,0.512794
0,0.62074
0,0.462816
0,0.04889
0,0.600197
0,0.574741
0,0.689185
0,0.603712
0,0.446152
0,0.405219
0,0.109753
0,0.582144
0,0.4381
0,0.461998
0,0.757614
0,0.278684
0,0.530972
0,0.436702
0,0.271021
0,0.84881
0,0.292529
0,0.888279
0,0.638386
0,0.305325
0,0.780692
0,0.259106
0,0.352999
0,0.190311
0,0.233541
0,0.402074
0,0.57572
0,0.673804
0,0.584843
0,0.687361
0,0.280426
0,0.706471
0,0.768133
0,0.531239
0,0.281108
0,0.785762
0,0.086778
0,0.539206
0,0.838901
0,0.533093
0,0.43699
0,0.556088
0,0.345919
0,0.634975
0,0.107979
0,0.898285
0,0.525824
0,0.476806
0,0.369018
0,0.451338
0,0.717771
0,0.277724
0,0.590963
0,0.461274
0,0.334807
0,0.50214
0,0.140842
0,0.536047
0,0.447591
0,0.451337
0,0.347775
0,0.424501
0,0.386435
0,0.494223
0,0.488676
0,0.250744
0,0.683972
0,0.485896
0,0.637141
0,0.518845
0,0.79888
0,0.517204
0,0.109881
0,0.25558
0,0.887134
0,0.68927
0,0.076031
0,0.579348
0,0.406925
0,0.579196
0,0.594444
0,0.582422
0,0.549737
0,0.815939
0,0.488869
0,0.690492
0,0.455925
0,0.58171
0,0.685743
0,0.591863
0,0.433483
0,0.34383
0,0.460579
0,0.273988
0,0.330054
0,0.727178
0,0.329002
0,0.513257
0,0.247346
0,0.368726
0,0.575934
0,0.450753
0,0.382382
0,0.708187
0,0.485246
0,0.559565
0,0.627109
0,0.342296
0,0.288782
0,0.794753
0,0.70641
0,0.505288
0,0.296021
0,0.641488
0,0.89749
0,0.856372
0,0.18899
0,0.326185
0,0.435503
0,0.434442
0,0.478996
0,0.362267
0,0.378209
0,0.166191
0,0.523065
0,0.120535
0,0.53189
0,0.858695
0,0.344692
0,0.301195
0,0.417982
0,0.42513
0,0.435576
0,0.233987
0,0.591892
0,0.357295
0,0.544674
0,0.576156
0,0.400108
0,0.793725
0,0.391502
0,0.49013
0,0.270246
0,0.45613
0,0.222208
0,0.320396
0,0.474654
0,0.109105
0,0.426128
0,0.033879
0,0.828805
0,0.833569
0,0.496445
0,0.228133
0,0.694176
0,0.260053
0,0.705593
0,0.35666
0,0.118238
0,0.408769
0,0.478324
0,0.237105
0,0.640055
0,0.325036
0,0.222809
0,0.220766
0,0.125118
0,0.609197
0,0.857799
0,0.427936
0,0.142016
0,0.640428
0,0.326831
0,0.361511
0,0.391005
0,0.641667
0,0.429256
0,0.384164
0,0.125977
0,0.474543
0,0.271742
0,0.704346
0,0.565422
0,0.039302
0,0.259902
0,0.577865
0,0.825953
0,0.678927
0,0.806574
0,0.779809
0,0.737333
0,0.826243
0,0.38891
0,0.377667
0,0.867059
0,0.738089
0,0.376555
0,0.568944
0,0.922201
0,0.485476
0,0.412388
0,0.208385
0,0.207802
0,0.791623
0,0.211168
0,0.86715
0,0.198881
0,0.473811
0,0.79948
0,0.535248
0,0.801399
0,0.417608
0,0.534726
0,0.614952
0,0.79475
0,0.586242
0,0.485253
0,0.642968
0,0.513732
0,0.307394
0,0.581402
0,0.679572
0,0.213696
0,0.673675
0,0.704454
0,0.577002
0,0.098103
0,0.385478
0,0.213176
0,0.573333
0,0.599774
0,0.18845
0,0.524314
0,0.640007
0,0.421698
0,0.360347
0,0.559939
0,0.793061
0,0.254579
0,0.468361
0,0.132278
0,0.407509
0,0.569196
0,0.484791
0,0.454334
0,0.585095
0,0.392482
0,0.3328
0,0.635123
0,0.633101
0,0.336404
0,0.571728
0,0.478564
0,0.364798
0,0.340354
0,0.263589
0,0.567083
0,0.809451
0,0.376882
0,0.550244
0,0.308385
0,0.457674
0,0.302052
0,0.420156
0,0.506504
0,0.447544
0,0.477356
0,0.926974
0,0.551171
0,0.806518
0,0.382006
0,0.711513
0,0.583277
0,0.397684
0,0.420296
0,0.40228
0,0.620175
0,0.205936
0,0.910213
0,0.698733
0,0.056155
0,0.868231
0,0.934764
0,0.523105
0,0.346712
0,0.844011
0,0.412232
0,0.455749
0,0.650021
0,0.107623
0,0.631711
0,0.204653
0,0.690235
0,0.401518
0,0.442325
0,0.264342
0,0.787801
0,0.433577
0,0.643728
0,0.163728
0,0.602304
0,0.548731
0,0.586854
0,0.263211
0,0.447971
0,0.37657
0,0.355199
0,0.195682
0,0.785136
0,0.487907
0,0.7852
0,0.421197
0,0.61501
0,0.750497
0,0.795923
0,0.293478
0,0.126346
0,0.439911
0,0.686445
0,0.516725
0,0.519173
0,0.236866
0,0.446853
0,0.392527
0,0.492706
0,0.753427
0,0.58085
0,0.471738
0,0.414056
0,0.327487
0,0.498335
0,0.496454
0,0.673378
0,0.869455
0,0.301632
0,0.276447
0,0.217304
0,0.629847
0,0.370207
0,0.038512
0,0.414708
0,0.733047
0,0.547324
0,0.342937
0,0.520988
0,0.752717
0,0.448652
0,0.421092
0,0.388056
0,0.429006
0,0.176453
0,0.585407
0,0.888827
0,0.489455
0,0.522086
0,0.234857
0,0.302244
0,0.211336
0,0.545494
0,0.573203
0,0.455378
0,0.163828
0,0.342362
0,0.283247
0,0.627738
0,0.531714
0,0.210655
0,0.942966
0,0.561167
0,0.676613
0,0.853272
0,0.306165
0,0.795736
0,0.63045
0,0.402093
0,0.572416
0,0.361036
0,0.51895
0,0.138809
0,0.568272
0,0.019665
0,0.539108
0,0.469597
0,0.886964
0,0.403001
0,0.626969
0,0.948918
0,0.680738
0,0.600457
0,0.821096
0,0.864973
0,0.230568
0,0.042254
0,0.708977
0,0.90108
0,0.504724
0,0.660712
0,0.416114
0,0.513415
0,0.249163
0,0.703996
0,0.534216
0,0.484991
0,0.288489
0,0.666877
0,0.285513
0,0.248931
0,0.711205
0,0.606518
0,0.260056
0,0.392691
0,0.533885
0,0.320457
0,0.77993
0,0.42518
0,0.658348
0,0.681609
0,0.781452
0,0.725278
0,0.653812
0,0.768574
0,0.382062
0,0.12537
0,0.471614
0,0.308332
0,0.37695
0,0.033404
0,0.579946
0,0.120022
0,0.517086
0,0.891757
0,0.710343
0,0.780181
0,0.434492
0,0.587484
0,0.897991
0,0.357398
0,0.396943
0,0.131753
0,0.691615
0,0.619341
0,0.200326
0,0.515733
0,0.185457
0,0.34716
0,0.478571
0,0.488714
0,0.344135
0,0.652555
0,0.356041
0,0.191009
0,0.497047
0,0.50771
0,0.361385
0,0.293108
0,0.516771
0,0.509308
0,0.544519
0,0.505931
0,0.383754
0,0.718106
0,0.521216
0,0.746404
0,0.319807
0,0.309721
0,0.485704
0,0.898584
0,0.141995
0,0.44138
0,0.695649
0,0.391038
0,0.41752
0,0.834428
0,0.465104
0,0.395528
0,0.422102
0,0.503204
0,0.476526
0,0.776455
0,0.664623
0,0.537514
0,0.684995
0,0.397286
0,0.315415
0,0.551312
0,0.759236
0,0.849783
0,0.665215
0,0.628565
0,0.586161
0,0.193673
0,0.599707
0,0.596143
0,0.614642
0,0.658357
0,0.401692
0,0.412619
0,0.715495
0,0.328721
0,0.838592
0,0.397603
0,0.412735
0,0.497474
0,0.434869
0,0.5213
0,0.633607
0,0.679215
0,0.687946
0,0.877895
0,0.916398
0,0.25961
0,0.288842
0,0.803102
0,0.394206
0,0.689023
0,0.4688
0,0.656109
0,0.210953
0,0.837934
0,0.605924
0,0.605902
0,0.09588
0,0.146355
0,0.407204
0,0.799891
0,0.470413
0,0.456164
0,0.577096
0,0.432922
0,0.360828
0,0.26424
0,0.582345
0,0.824321
0,0.394339
0,0.868556
0,0.269723
0,0.704477
0,0.269833
0,0.427704
0,0.306188
0,0.74251
0,0.403298
0,0.590226
0,0.32897
0,0.864918
0,0.727263
0,0.414395
0,0.490106
0,0.595602
0,0.804211
0,0.544704
0,0.19275
0,0.364226
0,0.801504
0,0.329039
0,0.06057
0,0.438958
0,0.76217
0,0.21567
0,0.375277
0,0.243421
0,0.600931
0,0.401097
0,0.652899
0,0.599927
0,0.562
0,0.288727
0,0.140939
0,0.56721
0,0.815089
0,0.870383
0,0.876845
0,0.747439
0,0.569565
0,0.463573
0,0.453303
0,0.502597
0,0.302641
0,0.465862
0,0.460161
0,0.810495
0,0.740129
0,0.780783
0,0.861047
0,0.257853
0,0.807339
0,0.548436
0,0.748288
0,0.250184
0,0.086846
0,0.84295
0,0.361761
0,0.489885
0,0.848193
0,0.646846
0,0.42806
0,0.348708
0,0.513152
0,0.571146
0,0.519468
0,0.667008
0,0.678946
0,0.470245
0,0.327106
0,0.226079
0,0.587349
0,0.653085
0,0.395839
0,0.629739
0,0.370418
0,0.129079
0,0.514678
0,0.574455
0,0.608564
0,0.122392
0,0.268523
0,0.289829
0,0.559617
0,0.25777
0,0.24557
0,0.410047
0,0.606299
0,0.901423
0,0.753912
0,0.734579
0,0.967683
0,0.437741
0,0.554396
0,0.396082
0,0.346624
0,0.49946
0,0.256998
0,0.381486
0,0.549601
0,0.723447
0,0.117922
0,0.389686
0,0.394833
0,0.352944
0,0.647017
0,0.643315
0,0.380043
0,0.610572
0,0.217613
0,0.412412
0,0.400312
0,0.59881
0,0.633674
0,0.393326
0,0.231982
0,0.620941
0,0.573368
0,0.155779
0,0.271664
0,0.426373
0,0.782062
0,0.273453
0,0.872662
0,0.806686
0,0.542859
0,0.497601
0,0.523993
0,0.521121
0,0.639211
0,0.369961
0,0.321614
0,0.304001
0,0.279448
0,0.525561
0,0.353476
0,0.717477
0,0.825315
0,0.712115
0,0.252237
0,0.539878
0,0.726477
0,0.829607
0,0.416312
0,0.513356
0,0.550374
0,0.699489
0,0.367707
0,0.41819
0,0.467016
0,0.640696
0,0.313168
0,0.485568
0,0.426187
0,0.574322
0,0.319343
0,0.671357
0,0.42327
0,0.515199
0,0.274423
0,0.636158
0,0.743734
0,0.513197
0,0.369839
0,0.46373
0,0.664184
0,0.402317
0,0.310426
0,0.577002
0,0.700021
0,0.460393
0,0.589491
0,0.673192
0,0.636312
0,0.793385
0,0.356617
0,0.376815
0,0.807061
0,0.138309
0,0.53354
0,0.662473
0,0.193153
0,0.48772
0,0.353374
0,0.517906
0,0.20654
0,0.517772
0,0.270498
0,0.554908
0,0.329381
0,0.554225
0,0.584262
0,0.656536
0,0.386817
0,0.503047
0,0.38218
0,0.605304
0,0.339155
0,0.360785
0,0.696869
0,0.125671
0,0.427815
0,0.078432
0,0.301043
0,0.534075
0,0.157772
0,0.525662
0,0.255042
0,0.480006
0,0.820963
0,0.288188
0,0.193687
0,0.510653
0,0.445029
0,0.433269
0,0.535668
0,0.628297
0,0.659199
0,0.392226
0,0.148993
0,0.433736
0,0.895538
0,0.575756
0,0.091921
0,0.661601
0,0.550214
0,0.326812
0,0.575222
0,0.552157
0,0.608215
0,0.616052
0,0.117393
0,0.42085
0,0.293571
0,0.152889
0,0.743099
0,0.320056
0,0.319059
0,0.10413
0,0.907706
0,0.586721
0,0.423511
0,0.500989
0,0.849864
0,0.495208
0,0.918271
0,0.941855
0,0.202914
0,0.741751
0,0.295193
0,0.314383
0,0.616794
0,0.607108
0,0.500499
0,0.759317
0,0.769763
0,0.207011
0,0.05925
0,0.388996
0,0.583196
0,0.444194
0,0.769962
0,0.527054
0,0.742746
0,0.22429
0,0.878261
0,0.30537
0,0.368022
0,0.226996
0,0.512566
0,0.662746
0,0.501072
0,0.487896
0,0.705144
0,0.54143
0,0.933165
0,0.493658
0,0.589263
0,0.210814
0,0.442522
0,0.869727
0,0.47123
0,0.474722
0,0.152332
0,0.485012
0,0.759087
0,0.333803
0,0.580909
0,0.64653
0,0.582817
0,0.170458
0,0.148003
0,0.301953
0,0.428714
0,0.617736
0,0.542722
0,0.448153
0,0.586779
0,0.845146
0,0.496695
0,0.507665
0,0.395596
0,0.741725
0,0.348927
0,0.279301
0,0.552562
0,0.316411
0,0.383601
0,0.410319
0,0.542328
0,0.665502
0,0.316646
0,0.525829
0,0.120107
0,0.194784
0,0.489176
0,0.623082
0,0.144852
0,0.802296
0,0.389429
0,0.878733
0,0.859162
0,0.815981
0,0.126632
0,0.4987
0,0.481405
0,0.353985
0,0.630961
0,0.675268
0,0.301972
0,0.508337
0,0.748381
0,0.56323
0,0.377796
