is_member,score
1,0.593612
1,0.451443
1,0.563732
1,0.70693
1,0.477762
1,0.675551
1,0.572502
1,0.416306
1,0.50679
1,0.619231
1,0.340733
1,0.404773
1,0.783563
1,0.861975
1,0.266778
1,0.386907
1,0.454882
1,0.320681
1,0.638861
1,0.459706
1,0.554326
1,0.380692
1,0.200863
1,0.34323
1,0.455356
1,0.684941
1,0.468238
1,0.457918
1,0.589609
1,0.414499
1,0.176028
1,0.388017
1,0.333601
1,0.50641
1,0.559387
1,0.480571
1,0.306166
1,0.775377
1,0.592313
1,0.408352
1,0.614442
1,0.51321
1,0.230869
1,0.384156
1,0.82015
1,0.490268
1,0.377975
1,0.559302
1,0.176574
1,0.419397
1,0.374958
1,0.815502
1,0.705279
1,0.877101
1,0.66453
1,0.268054
1,0.178848
1,0.497728
1,0.467881
1,0.419825
1,0.766752
1,0.498069
1,0.431094
1,0.652155
1,0.695772
1,0.743956
1,0.076576
1,0.313421
1,0.182512
1,0.880549
1,0.465448
1,0.364468
1,0.616059
1,0.459798
1,0.374399
1,0.606351
1,0.3369
1,0.59188
1,0.265136
1,0.729424
1,0.276642
1,0.68963
1,0.25298
1,0.478947
1,0.065273
1,0.268594
1,0.259076
1,0.332486
1,0.353677
1,0.699166
1,0.249684
1,0.419403
1,0.708589
1,0.825698
1,0.244898
1,0.200006
1,0.669436
1,0.508475
1,0.488186
1,0.385518
1,0.511553
1,0.351985
1,0.578673
1,0.294408
1,0.549014
1,0.524951
1,0.349749
1,0.595668
1,0.373831
1,0.567458
1,0.64554
1,0.543654
1,0.466208
1,0.415415
1,0.24656
1,0.386524
1,0.534878
1,0.431692
1,0.80127
1,0.39906
1,0.353707
1,0.566364
1,0.324177
1,0.260718
1,0.596529
1,0.708542
1,0.700517
1,0.346408
1,0.453234
1,0.353002
1,0.381034
1,0.533549
1,0.715956
1,0.696132
1,0.28133
1,0.789185
1,0.796833
1,0.466575
1,0.433446
1,0.477577
1,0.606448
1,0.782682
1,0.609689
1,0.49483
1,0.723994
1,0.473931
1,0.58951
1,0.436095
1,0.535745
1,0.559327
1,0.55962
1,0.414395
1,0.682798
1,0.609973
1,0.460349
1,0.571941
1,0.692693
1,0.567908
1,0.581821
1,0.375944
1,0.239307
1,0.616932
1,0.358061
1,0.413316
1,0.780388
1,0.813356
1,0.564032
1,0.809286
1,0.328345
1,0.708282
1,0.514278
1,0.736072
1,0.299083
1,0.364966
1,0.417833
1,0.814488
1,0.404052
1,0.093747
1,0.49863
1,0.400092
1,0.614002
1,0.462633
1,0.331465
1,0.802499
1,0.257714
1,0.665067
1,0.577261
1,0.480222
1,0.385631
1,0.615153
1,0.500418
1,0.449679
1,0.419753
1,0.426902
1,0.662454
1,0.292299
1,0.415495
1,0.445504
1,0.624322
1,0.349549
1,0.584878
1,0.206752
1,0.660606
1,0.692937
1,0.282204
1,0.317276
1,0.514858
1,0.557088
1,0.662158
1,0.383183
1,0.737711
1,0.5506
1,0.31579
1,0.557675
1,0.371271
1,0.276874
1,0.536722
1,0.132834
1,0.435271
1,0.650333
1,0.444917
1,0.550317
1,0.648485
1,0.459802
1,0.473056
1,0.294661
1,0.57074
1,0.470113
1,0.317578
1,0.43473
1,0.394725
1,0.182765
1,0.666614
1,0.738714
1,0.603075
1,0.617712
1,0.578096
1,0.559902
1,0.59845
1,0.634807
1,0.421776
1,0.312271
1,0.216433
1,0.59575
1,0.737228
1,0.449159
1,0.387709
1,0.575532
1,0.45051
1,0.348178
1,0.370121
1,0.736639
1,0.554723
1,0.394129
1,0.322433
1,0.48457
1,0.198419
1,0.512459
1,0.457631
1,0.194671
1,0.683113
1,0.523056
1,0.212502
1,0.050508
1,0.501629
1,0.300104
1,0.448593
1,0.328057
1,0.692005
1,0.472267
1,0.777353
1,0.658148
1,0.453708
1,0.489896
1,0.338753
1,0.263865
1,0.808356
1,0.608567
1,0.742197
1,0.485267
1,0.571999
1,0.566038
1,0.640627
1,0.420026
1,0.753364
1,0.624189
1,0.546265
1,0.215004
1,0.522356
1,0.330391
1,0.472575
1,0.622742
1,0.452393
1,0.825947
1,0.312654
1,0.43303
1,0.783513
1,0.571018
1,0.507181
1,0.658566
1,0.688354
1,0.701076
1,0.626195
1,0.461735
1,0.423319
1,0.621324
1,0.398101
1,0.321535
1,0.41646
1,0.487854
1,0.428807
1,0.743064
1,0.366125
1,0.299931
1,0.328185
1,0.777336
1,0.379467
1,0.483075
1,0.535463
1,0.20992
1,0.152426
1,0.466178
1,0.537921
1,0.447427
1,0.278217
1,0.397659
1,0.305187
1,0.441475
1,0.778637
1,0.430096
1,0.542216
1,0.41795
1,0.493043
1,0.346261
1,0.334595
1,0.6544
1,0.552622
1,0.411178
1,0.636925
1,0.696256
1,0.711039
1,0.526201
1,0.320238
1,0.579522
1,0.410405
1,0.379615
1,0.193449
1,0.577478
1,0.479367
1,0.454973
1,0.53344
1,0.583061
1,0.338424
1,0.692016
1,0.176371
1,0.684423
1,0.650045
1,0.407542
1,0.528635
1,0.573021
1,0.574261
1,0.508296
1,0.479674
1,0.47647
1,0.499724
1,0.349395
1,0.631423
1,0.505874
1,0.611947
1,0.528865
1,0.59388
1,0.6297
1,0.567382
1,0.364307
1,0.502425
1,0.439381
1,0.331658
1,0.529429
1,0.575209
1,0.613741
1,0.168146
1,0.281975
1,0.246727
1,0.472595
1,0.491637
1,0.398782
1,0.539035
1,0.381693
1,0.520668
1,0.567625
1,0.618064
1,0.592363
1,0.648895
1,0.405168
1,0.405854
1,0.344359
1,0.508079
1,0.47924
1,0.764388
1,0.177833
1,0.259281
1,0.339882
1,0.682808
1,0.635014
1,0.460077
1,0.46364
1,0.527377
1,0.630015
1,0.480582
1,0.810697
1,0.375675
1,0.296596
1,0.678489
1,0.434052
1,0.589454
1,0.186913
1,0.136832
1,0.576006
1,0.765882
1,0.261475
1,0.95
1,0.946184
1,0.626139
1,0.689577
1,0.499731
1,0.412263
1,0.750486
1,0.654355
1,0.521977
1,0.44133
1,0.611754
1,0.477946
1,0.471766
1,0.622084
1,0.260478
1,0.243426
1,0.326862
1,0.486771
1,0.456726
1,0.268858
1,0.238514
1,0.781653
1,0.210517
1,0.319456
1,0.367394
1,0.706637
1,0.676743
1,0.605002
1,0.608256
1,0.651549
1,0.275874
1,0.522056
1,0.479926
1,0.507322
1,0.554414
1,0.335432
1,0.617162
1,0.405641
1,0.7858
1,0.245766
1,0.652585
1,0.862689
1,0.353186
1,0.510204
1,0.484721
1,0.644571
1,0.720143
1,0.401534
1,0.486631
1,0.310863
1,0.188704
1,0.857662
1,0.2921
1,0.539899
1,0.417583
1,0.921229
1,0.281924
1,0.472945
1,0.501841
1,0.474747
1,0.32213
1,0.495071
1,0.493432
1,0.369141
1,0.831328
1,0.116088
1,0.538258
1,0.49977
1,0.603292
1,0.452754
1,0.587593
1,0.625213
1,0.80305
1,0.263332
1,0.739657
1,0.455972
1,0.559565
1,0.47179
1,0.657993
1,0.812547
1,0.45747
1,0.566909
1,0.559596
1,0.321838
1,0.509012
1,0.684766
1,0.345568
1,0.569141
1,0.254295
1,0.311824
1,0.517759
1,0.365597
1,0.574619
1,0.547077
1,0.458768
1,0.343226
1,0.332974
1,0.307261
1,0.435977
1,0.487684
1,0.439162
1,0.463695
1,0.432492
1,0.320212
1,0.217364
1,0.511894
1,0.619502
1,0.666292
1,0.593374
1,0.388427
1,0.68444
1,0.373185
1,0.252992
1,0.693521
1,0.513779
1,0.595465
1,0.224343
1,0.604708
1,0.545926
1,0.686665
1,0.843391
1,0.562051
1,0.60425
1,0.467221
1,0.276103
1,0.425638
1,0.549953
1,0.516581
1,0.767013
1,0.559093
1,0.675417
1,0.421836
1,0.503686
1,0.724495
1,0.699768
1,0.348746
1,0.248084
1,0.474425
1,0.331245
1,0.35427
1,0.373845
1,0.834027
1,0.529593
1,0.337133
1,0.247728
1,0.228993
1,0.509583
1,0.464909
1,0.495837
1,0.695466
1,0.363084
1,0.770675
1,0.528393
1,0.243063
1,0.588998
1,0.598791
1,0.697792
1,0.602172
1,0.539073
1,0.530567
1,0.401566
1,0.598555
1,0.566686
1,0.660752
1,0.581573
1,0.386554
1,0.467443
1,0.404287
1,0.757361
1,0.406591
1,0.425382
1,0.838267
1,0.520609
1,0.663428
1,0.248619
1,0.25147
1,0.382615
1,0.269297
1,0.50352
1,0.5525
1,0.938019
1,0.717986
1,0.86346
1,0.406938
1,0.15123
1,0.547068
1,0.653474
1,0.807637
1,0.294894
1,0.421411
1,0.624024
1,0.146807
1,0.49621
1,0.435657
1,0.297378
1,0.400531
1,0.436986
1,0.398968
1,0.647206
1,0.277628
1,0.775983
1,0.458345
1,0.536972
1,0.351746
1,0.516925
1,0.45135
1,0.418424
1,0.512054
1,0.377444
1,0.493862
1,0.590026
1,0.721041
1,0.455464
1,0.425426
1,0.41125
1,0.372264
1,0.686419
1,0.566287
1,0.631271
1,0.366428
1,0.359059
1,0.501265
1,0.372933
1,0.424227
1,0.798888
1,0.414744
1,0.448715
1,0.335118
1,0.374977
1,0.532452
1,0.5586
1,0.512828
1,0.694721
1,0.696577
1,0.321539
1,0.344166
1,0.775433
1,0.292283
1,0.565011
1,0.303212
1,0.328491
1,0.623834
1,0.374378
1,0.493814
1,0.267343
1,0.717925
1,0.495011
1,0.448471
1,0.783861
1,0.714774
1,0.584025
1,0.642989
1,0.391165
1,0.620308
1,0.39468
1,0.60293
1,0.47174
1,0.429088
1,0.410721
1,0.103719
1,0.501417
1,0.221344
1,0.348196
1,0.60174
1,0.944533
1,0.221134
1,0.677533
1,0.387941
1,0.519974
1,0.634352
1,0.877451
1,0.321914
1,0.510885
1,0.402267
1,0.51874
1,0.243491
1,0.367718
1,0.331575
1,0.198024
1,0.539001
1,0.552003
1,0.552556
1,0.457591
1,0.677265
1,0.493267
1,0.483617
1,0.72279
1,0.561023
1,0.521812
1,0.68641
1,0.347159
1,0.472428
1,0.383463
1,0.357708
1,0.237564
1,0.504301
1,0.438269
1,0.229779
1,0.478685
1,0.346645
1,0.615364
1,0.655877
1,0.533457
1,0.371245
1,0.529999
1,0.415476
1,0.671274
1,0.214379
1,0.280859
1,0.674005
1,0.593065
1,0.499963
1,0.615979
1,0.597306
1,0.734205
1,0.787369
1,0.486671
1,0.587671
1,0.417021
1,0.904893
1,0.616571
1,0.550263
1,0.701118
1,0.6034
1,0.592816
1,0.455836
1,0.668584
1,0.485875
1,0.726508
1,0.248357
1,0.704711
1,0.352828
1,0.43437
1,0.402355
1,0.501223
1,0.507717
1,0.386689
1,0.490857
1,0.580645
1,0.504452
1,0.678205
1,0.560926
1,0.746378
1,0.555393
1,0.500466
1,0.418188
1,0.71431
1,0.34988
1,0.363118
1,0.603745
1,0.368729
1,0.710377
1,0.757048
1,0.217948
1,0.432468
1,0.486573
1,0.729598
1,0.451097
1,0.47793
1,0.641313
1,0.575212
1,0.474718
1,0.320299
1,0.585259
1,0.531407
1,0.289494
1,0.307494
1,0.336726
1,0.669107
1,0.297328
1,0.508047
1,0.617116
1,0.691705
1,0.112322
1,0.552695
1,0.615198
1,0.490237
1,0.508546
1,0.59982
1,0.40309
1,0.542998
1,0.770287
1,0.186364
1,0.341484
1,0.206562
1,0.733861
1,0.520225
1,0.632727
1,0.615649
1,0.654535
1,0.313188
1,0.307063
1,0.304936
1,0.444174
1,0.798144
1,0.3113
1,0.452038
1,0.391832
1,0.400667
1,0.637069
1,0.533401
1,0.537043
1,0.428412
1,0.745499
1,0.530962
1,0.555281
1,0.350887
1,0.8412
1,0.319275
1,0.639114
1,0.573786
1,0.469083
1,0.742778
1,0.46222
1,0.257619
1,0.245572
1,0.474562
1,0.297404
1,0.618363
1,0.345067
1,0.281572
1,0.6056
1,0.357467
1,0.395198
1,0.64464
1,0.623139
1,0.447902
1,0.612713
1,0.693635
1,0.481672
1,0.3267
1,0.59025
1,0.701576
1,0.356908
1,0.409262
1,0.549841
1,0.572291
1,0.343459
1,0.48303
1,0.613851
1,0.84553
1,0.442203
1,0.736799
1,0.369964
1,0.476088
1,0.586753
1,0.407817
1,0.738228
1,0.494273
1,0.410258
1,0.75805
1,0.348304
1,0.55597
1,0.379977
1,0.318463
1,0.400587
1,0.417772
1,0.359485
1,0.353414
1,0.765755
1,0.495233
1,0.146814
1,0.516283
1,0.186023
1,0.680473
1,0.678277
1,0.668694
1,0.488243
1,0.742629
1,0.384429
1,0.554504
1,0.589547
1,0.580748
1,0.560253
1,0.478095
1,0.527503
1,0.437218
1,0.689851
1,0.390099
1,0.630172
1,0.367527
1,0.446308
1,0.127331
1,0.33687
1,0.5277
1,0.720248
1,0.453914
1,0.716775
1,0.505657
1,0.685465
1,0.748953
1,0.555942
1,0.309415
1,0.570756
1,0.503671
1,0.384867
1,0.359468
1,0.455282
1,0.211338
1,0.573266
1,0.420031
1,0.267804
1,0.524956
1,0.461532
1,0.338106
1,0.516297
1,0.665945
1,0.458551
1,0.177789
1,0.441323
1,0.310145
1,0.363037
1,0.558515
1,0.47164
1,0.2919
1,0.854085
1,0.807046
1,0.482188
1,0.515868
1,0.327713
1,0.777925
1,0.356375
1,0.335224
1,0.570406
1,0.58057
1,0.766508
1,0.77029
1,0.774794
1,0.560069
1,0.367979
1,0.624888
1,0.737529
1,0.662672
1,0.40255
1,0.676269
1,0.241166
1,0.283336
1,0.293654
1,0.224687
1,0.518878
1,0.432301
1,0.508219
1,0.717909
1,0.280905
1,0.379633
1,0.684457
1,0.577482
1,0.55239
1,0.654282
1,0.564428
1,0.682427
1,0.311282
1,0.640679
1,0.403247
1,0.524422
1,0.630554
1,0.612759
1,0.488808
1,0.839162
1,0.354763
1,0.686089
1,0.148824
1,0.73996
1,0.611162
1,0.444218
1,0.233923
1,0.326963
1,0.570334
1,0.530443
1,0.36565
1,0.509374
1,0.406501
1,0.232689
1,0.643781
1,0.841868
1,0.266128
1,0.518058
1,0.281217
1,0.561057
1,0.460668
1,0.232128
1,0.257588
1,0.74185
1,0.499414
1,0.792608
1,0.526378
1,0.416598
1,0.511042
1,0.130408
1,0.342036
1,0.849632
1,0.425055
1,0.29042
1,0.759201
1,0.548626
1,0.143044
1,0.692593
1,0.524813
1,0.364371
1,0.5919
1,0.465606
1,0.599164
1,0.67111
1,0.532539
1,0.376314
1,0.193446
1,0.325914
1,0.213447
1,0.517592
1,0.300335
1,0.413044
1,0.716357
1,0.114466
1,0.470625
1,0.676801
1,0.453886
1,0.699405
1,0.393117
1,0.784469
1,0.494846
1,0.205394
1,0.420516
1,0.564679
1,0.360263
1,0.504521
1,0.803774
1,0.702221
1,0.381137
1,0.117181
1,0.456277
1,0.776629
1,0.644155
1,0.722139
1,0.424546
1,0.762117
1,0.775017
1,0.258258
1,0.508026
1,0.27853
1,0.342293
1,0.702794
1,0.424459
1,0.353651
1,0.617596
1,0.716365
1,0.724116
1,0.301337
1,0.417149
1,0.402244
1,0.577299
1,0.854886
1,0.844864
1,0.340222
1,0.560592
1,0.155537
1,0.497336
1,0.744301
1,0.322809
1,0.874993
1,0.737553
1,0.287179
1,0.486646
1,0.656126
1,0.366836
1,0.335039
1,0.338778
1,0.521881
1,0.476408
1,0.226269
1,0.615643
1,0.574779
1,0.425248
1,0.605082
1,0.437085
1,0.318194
1,0.438885
1,0.807712
1,0.583585
1,0.810567
1,0.259824
1,0.413956
1,0.437685
1,0.761023
1,0.666229
1,0.401293
1,0.42867
1,0.241759
1,0.473414
1,0.468673
1,0.678454
1,0.423091
1,0.368329
1,0.249277
1,0.524301
1,0.34692
1,0.389138
1,0.46892
1,0.360294
1,0.58177
1,0.681635
1,0.512177
1,0.520326
1,0.473638
1,0.361079
1,0.494748
1,0.344458
1,0.307078
1,0.616345
1,0.43554
1,0.474363
1,0.686089
1,0.431553
1,0.338287
1,0.646149
1,0.116639
1,0.476267
1,0.63304
1,0.592346
1,0.21256
1,0.156944
1,0.447704
1,0.381397
1,0.661294
1,0.456132
1,0.563229
1,0.458819
1,0.589898
1,0.25134
1,0.625668
1,0.57671
1,0.451201
1,0.234341
1,0.634728
1,0.730377
1,0.3611
1,0.925759
1,0.507431
1,0.698776
1,0.475707
1,0.242537
1,0.320874
1,0.533697
1,0.320516
1,0.381958
1,0.232153
1,0.140813
1,0.444549
1,0.550393
1,0.582845
1,0.277972
1,0.744343
1,0.255563
1,0.523696
1,0.634702
1,0.501208
1,0.264408
1,0.659706
1,0.630772
1,0.739175
1,0.678678
1,0.528361
1,0.674601
1,0.69664
1,0.597508
1,0.164039
1,0.356747
1,0.463246
1,0.640356
1,0.689853
1,0.123482
1,0.441236
1,0.592628
1,0.508043
1,0.519044
1,0.279157
1,0.46822
1,0.681672
1,0.782422
1,0.60546
1,0.415225
1,0.339984
1,0.774415
1,0.471986
1,0.493834
1,0.376011
1,0.492365
1,0.671958
1,0.42761
1,0.52589
1,0.538284
1,0.464251
1,0.08861
1,0.692266
1,0.303152
1,0.66212
1,0.404361
1,0.57231
1,0.679615
1,0.27623
1,0.577015
1,0.541995
1,0.258157
1,0.399532
1,0.575176
1,0.613572
1,0.424391
1,0.446795
1,0.880743
1,0.380616
1,0.160482
1,0.837584
1,0.078904
1,0.382652
1,0.260637
1,0.436138
1,0.351687
1,0.253458
1,0.194632
1,0.542089
1,0.489313
1,0.552603
1,0.12022
1,0.451821
1,0.357833
1,0.150247
1,0.436313
1,0.564699
1,0.782349
1,0.721815
1,0.382509
1,0.51919
1,0.372465
1,0.619447
1,0.0565
1,0.503316
1,0.497285
1,0.49665
1,0.291235
1,0.545862
1,0.308818
1,0.591375
1,0.398026
1,0.436178
1,0.621139
1,0.527887
1,0.380271
1,0.513854
1,0.706579
1,0.569049
1,0.348232
1,0.583727
1,0.670356
1,0.465198
1,0.452616
1,0.595938
1,0.717726
1,0.769557
1,0.717916
1,0.600992
1,0.512074
1,0.539342
1,0.472032
1,0.438828
1,0.369816
1,0.201438
1,0.571431
1,0.457353
1,0.323027
1,0.326746
1,0.790928
1,0.730352
1,0.043193
1,0.448845
1,0.471598
1,0.203895
1,0.315027
1,0.824148
1,0.338377
1,0.557655
1,0.42044
1,0.60263
1,0.608835
1,0.690791
1,0.57122
1,0.302878
1,0.669652
1,0.393382
1,0.546991
1,0.430553
1,0.174671
1,0.385266
1,0.297191
1,0.356151
1,0.445916
1,0.458519
1,0.77955
1,0.562829
1,0.68484
1,0.580738
1,0.39011
1,0.354845
1,0.446513
1,0.410075
1,0.770258
1,0.742079
1,0.626309
1,0.655818
1,0.28984
1,0.215181
1,0.266322
1,0.524775
1,0.275942
1,0.34528
1,0.815535
1,0.48039
1,0.323113
1,0.591984
1,0.508908
1,0.641195
1,0.466338
1,0.540354
1,0.476884
1,0.317647
1,0.65913
1,0.866378
1,0.131965
1,0.47345
1,0.426557
1,0.534666
1,0.185234
1,0.710106
1,0.608323
1,0.201646
1,0.452032
1,0.709771
1,0.599699
1,0.56414
1,0.247503
1,0.571081
1,0.6817
1,0.294206
1,0.481878
1,0.731137
1,0.361672
1,0.545349
1,0.586058
1,0.268881
1,0.860588
1,0.691497
1,0.744289
1,0.396057
1,0.725567
1,0.364749
1,0.154532
1,0.523237
1,0.632284
1,0.811377
1,0.474189
1,0.825435
1,0.629117
1,0.402949
1,0.90106
1,0.253236
1,0.628685
1,0.642303
1,0.605004
1,0.809941
1,0.750697
1,0.360921
1,0.212063
1,0.669708
1,0.739718
1,0.539084
1,0.703373
1,0.337326
1,0.465034
1,0.389937
1,0.24201
1,0.405935
1,0.711511
1,0.650492
1,0.641699
1,0.345208
1,0.630807
1,0.228786
1,0.343262
1,0.702834
1,0.861656
1,0.611783
1,0.5471
1,0.414199
1,0.766875
1,0.146094
1,0.179856
1,0.29862
1,0.808984
1,0.51265
1,0.571931
1,0.742563
1,0.822596
1,0.553807
1,0.733351
1,0.376518
1,0.300186
1,0.251313
1,0.079236
1,0.455113
1,0.583631
1,0.568978
1,0.334597
1,0.470069
1,0.368755
1,0.424888
1,0.820632
1,0.523033
1,0.590601
1,0.737102
1,0.82075
1,0.752036
1,0.507671
1,0.288186
1,0.160736
1,0.396257
1,0.749026
1,0.32694
1,0.435117
1,0.183704
1,0.59294
1,0.614432
1,0.619977
1,0.327606
1,0.19279
1,0.669083
1,0.664831
1,0.412576
1,0.260796
1,0.623573
1,0.523619
1,0.567896
1,0.781095
1,0.670333
1,0.541825
1,0.477024
1,0.362173
1,0.316415
1,0.347776
1,0.552371
1,0.367311
1,0.688079
1,0.394809
1,0.360485
1,0.434692
1,0.707391
1,0.58776
1,0.530185
1,0.368819
1,0.321884
1,0.454107
1,0.236686
1,0.443267
1,0.287215
1,0.863692
1,0.378124
1,0.555151
1,0.240361
1,0.364403
1,0.235455
1,0.379902
1,0.410926
1,0.298093
1,0.445691
1,0.486923
1,0.358019
1,0.79785
1,0.273468
1,0.280128
1,0.291829
1,0.570438
1,0.603477
1,0.514076
1,0.234592
1,0.499567
1,0.515858
1,0.101112
1,0.382787
1,0.496218
1,0.488738
1,0.405104
1,0.913192
1,0.78891
1,0.40443
1,0.228061
1,0.657931
1,0.47718
1,0.623521
1,0.909377
1,0.501663
1,0.584985
1,0.467248
1,0.73703
1,0.619389
1,0.474991
1,0.500365
1,0.890641
1,0.696652
1,0.711855
1,0.600366
1,0.390809
1,0.718291
1,0.696775
1,0.488063
1,0.485441
1,0.588914
1,0.350992
1,0.348008
1,0.595526
1,0.637411
1,0.477404
1,0.654415
1,0.283737
1,0.678785
1,0.790153
1,0.645559
1,0.452028
1,0.569815
1,0.482752
1,0.28917
1,0.618813
1,0.754476
1,0.584717
1,0.547285
1,0.612082
1,0.482078
1,0.418119
1,0.438999
1,0.631538
1,0.469887
1,0.885354
1,0.553597
1,0.650058
1,0.913219
1,0.258458
1,0.619389
1,0.352165
1,0.530105
1,0.348245
1,0.272711
1,0.576514
1,0.537304
1,0.24672
1,0.339411
1,0.662882
1,0.678406
1,0.825453
1,0.32107
1,0.501158
1,0.348775
1,0.553704
1,0.338195
1,0.578909
1,0.44364
1,0.560218
1,0.550877
1,0.511817
1,0.536489
1,0.456197
1,0.60547
1,0.184036
1,0.713841
1,0.80594
1,0.343414
1,0.240839
1,0.482909
1,0.505977
1,0.392337
1,0.190937
1,0.430761
1,0.580064
1,0.525966
1,0.549568
1,0.67501
1,0.276053
1,0.611236
1,0.895806
1,0.534323
1,0.349397
1,0.318361
1,0.388652
1,0.432366
1,0.369108
1,0.517489
1,0.580499
1,0.860246
1,0.495276
1,0.529212
1,0.567325
1,0.587145
1,0.407234
1,0.579487
1,0.383895
1,0.362074
1,0.387011
1,0.694332
1,0.356136
1,0.530235
1,0.731307
1,0.339853
1,0.65722
1,0.508166
1,0.483728
1,0.45018
1,0.627061
1,0.51196
1,0.602875
1,0.379512
1,0.408258
1,0.801472
1,0.783627
1,0.490951
1,0.267073
1,0.412869
1,0.652974
1,0.282112
1,0.469731
1,0.40595
1,0.54153
1,0.238788
1,0.7382
1,0.441662
1,0.310946
1,0.418388
1,0.343063
1,0.698204
1,0.556987
1,0.43388
1,0.857783
1,0.449298
1,0.514066
1,0.814307
1,0.384283
1,0.19389
1,0.54837
1,0.498274
1,0.865467
1,0.56501
1,0.418346
1,0.458447
1,0.79919
1,0.480406
1,0.417712
1,0.538101
1,0.810125
1,0.554842
1,0.784602
1,0.290002
1,0.287671
1,0.449347
1,0.657303
1,0.464977
1,0.347067
1,0.539993
1,0.26143
1,0.537198
1,0.637723
1,0.471281
1,0.486299
1,0.3658
1,0.503842
1,0.38733
1,0.6481
1,0.609604
1,0.610415
1,0.355505
1,0.70815
1,0.515685
1,0.335711
1,0.682434
1,0.511863
1,0.60699
1,0.416012
1,0.474431
1,0.367904
1,0.544119
1,0.671855
1,0.387782
1,0.692853
1,0.427999
1,0.453983
1,0.869984
1,0.464813
1,0.776983
1,0.506943
1,0.66961
1,0.635459
1,0.447573
1,0.545446
1,0.789865
1,0.733112
1,0.686098
1,0.47093
1,0.54024
1,0.578404
1,0.389385
1,0.660882
1,0.532733
1,0.188853
1,0.612684
1,0.450183
1,0.13653
1,0.467062
1,0.601588
1,0.41202
1,0.480399
1,0.689033
1,0.377967
1,0.314969
1,0.503454
1,0.303842
1,0.413205
1,0.505738
1,0.317039
1,0.734511
1,0.574681
1,0.357822
1,0.376779
1,0.51287
1,0.674966
1,0.673268
1,0.323122
1,0.634752
1,0.387548
1,0.411284
1,0.717222
1,0.659718
1,0.61672
1,0.739912
1,0.357786
1,0.277826
1,0.452681
1,0.516178
1,0.346454
1,0.499427
1,0.399512
1,0.623305
1,0.847067
1,0.531934
1,0.304734
1,0.655335
1,0.395928
1,0.520845
1,0.627616
1,0.315751
1,0.214417
1,0.72444
1,0.45675
1,0.673138
1,0.394693
1,0.420686
1,0.200096
1,0.769163
1,0.784572
1,0.501776
1,0.337273
1,0.548053
1,0.354308
1,0.497536
1,0.456833
1,0.644856
1,0.339441
1,0.478957
1,0.472027
1,0.724333
1,0.772313
1,0.51431
1,0.463052
1,0.324111
1,0.293516
1,0.661582
1,0.616777
1,0.376686
1,0.432903
1,0.105949
1,0.444244
1,0.419422
1,0.510811
1,0.575134
1,0.326182
1,0.309461
1,0.766655
1,0.426427
1,0.602772
1,0.645393
1,0.694343
1,0.373588
1,0.169209
1,0.632061
1,0.292509
1,0.426713
1,0.178717
1,0.746459
1,0.416409
1,0.568345
1,0.354362
1,0.353452
1,0.355807
1,0.577467
1,0.072523
1,0.677176
1,0.774926
1,0.287451
1,0.326227
1,0.573052
1,0.58814
1,0.315512
1,0.653309
1,0.712983
1,0.599719
1,0.210854
1,0.705289
1,0.53199
1,0.639739
1,0.538707
1,0.531499
1,0.507453
1,0.425722
1,0.527783
1,0.425618
1,0.724887
1,0.487632
1,0.377988
1,0.567261
1,0.648474
1,0.670705
1,0.343161
1,0.973811
1,0.416573
1,0.383097
1,0.370401
1,0.301197
1,0.483607
1,0.302124
1,0.254258
1,0.703133
1,0.566854
1,0.635329
1,0.150188
1,0.436271
1,0.632546
1,0.460501
1,0.648911
1,0.408524
1,0.529882
1,0.496382
1,0.538808
1,0.826219
1,0.73175
1,0.574359
1,0.751476
1,0.115654
1,0.507463
1,0.823389
1,0.785436
1,0.69929
1,0.330569
1,0.263035
1,0.717145
1,0.714543
1,0.395241
1,0.307429
1,0.632929
1,0.077612
1,0.531553
1,0.443311
1,0.447941
1,0.454395
1,0.348795
1,0.317666
1,0.07523
1,0.584508
1,0.476151
1,0.621114
1,0.564991
1,0.462811
1,0.63571
1,0.591137
1,0.675239
1,0.103105
1,0.420076
1,0.664768
1,0.343902
1,0.690357
1,0.659588
1,0.814148
1,0.485435
1,0.530763
1,0.630208
1,0.399375
1,0.551871
1,0.587542
1,0.506018
1,0.550119
1,0.496973
1,0.508548
1,0.364369
1,0.222137
1,0.511278
1,0.484275
1,0.458279
1,0.487342
1,0.629516
1,0.662689
1,0.411943
1,0.21971
1,0.679914
1,0.563685
1,0.284987
1,0.638249
1,0.601809
1,0.112602
1,0.725506
1,0.458043
1,0.625239
1,0.413637
1,0.458197
1,0.134224
1,0.592247
1,0.539763
1,0.654278
1,0.354507
1,0.577552
1,0.420738
1,0.723031
1,0.214438
1,0.534464
1,0.455366
1,0.500501
1,0.399658
1,0.445651
1,0.18997
1,0.435368
1,0.491923
1,0.778471
1,0.857232
1,0.2922
1,0.157807
1,0.442056
1,0.504314
1,0.227681
1,0.488494
1,0.813534
1,0.55223
1,0.548918
1,0.79022
1,0.420635
1,0.240005
1,0.638443
1,0.474797
1,0.269374
1,0.400834
1,0.410469
1,0.510747
1,0.274306
1,0.416362
1,0.32891
1,0.433131
1,0.201668
1,0.796016
1,0.201877
1,0.723538
1,0.562685
1,0.784228
1,0.68423
1,0.485741
1,0.685823
1,0.482339
1,0.396529
1,0.18121
1,0.530002
1,0.594554
1,0.622917
1,0.652753
1,0.304747
1,0.698716
1,0.727726
1,0.575984
1,0.503231
1,0.591327
1,0.599549
1,0.279801
1,0.820401
1,0.208875
1,0.64335
1,0.156314
1,0.53892
1,0.288469
1,0.482026
1,0.640895
1,0.408265
1,0.248625
1,0.502184
1,0.581774
1,0.413943
1,0.541965
1,0.672646
1,0.396995
1,0.715918
1,0.252922
1,0.560732
1,0.578284
1,0.771605
1,0.29708
1,0.836499
1,0.573486
1,0.677982
1,0.332351
1,0.128573
1,0.096045
1,0.500112
1,0.41306
1,0.276892
1,0.71073
1,0.403479
1,0.519053
1,0.394519
1,0.665865
1,0.874644
1,0.794033
1,0.237999
1,0.199842
1,0.397287
1,0.494586
1,0.282111
1,0.71074
1,0.586354
1,0.541247
1,0.496962
1,0.754945
1,0.527992
1,0.500704
1,0.255126
1,0.482009
1,0.445735
1,0.505649
1,0.578031
1,0.345847
1,0.419687
1,0.248139
1,0.70155
1,0.845254
1,0.220446
1,0.3992
1,0.846573
1,0.462775
1,0.537206
1,0.475456
1,0.736901
1,0.504451
1,0.611696
1,0.747336
1,0.525559
1,0.71205
1,0.704601
1,0.409495
1,0.416914
1,0.293972
1,0.741991
1,0.329373
1,0.636443
1,0.767147
1,0.506571
1,0.613529
1,0.611623
1,0.691833
1,0.54769
1,0.524092
1,0.298988
1,0.692064
1,0.625129
1,0.334678
1,0.417745
1,0.441051
1,0.333499
1,0.600979
1,0.33265
1,0.528589
1,0.674391
1,0.69445
1,0.474173
1,0.446225
1,0.372364
1,0.538304
1,0.708718
1,0.542841
1,0.531404
1,0.441726
1,0.492252
1,0.484418
1,0.525875
1,0.612671
1,0.758627
1,0.456629
1,0.677586
1,0.199469
1,0.321894
1,0.294595
1,0.127122
1,0.566261
1,0.338719
1,0.425603
1,0.412325
1,0.454812
1,0.79137
1,0.24241
1,0.75073
1,0.521791
1,0.580524
1,0.772318
1,0.605328
1,0.344454
1,0.669823
1,0.759764
1,0.44494
1,0.583229
1,0.393955
1,0.426026
1,0.567818
1,0.507952
1,0.132599
1,0.571525
1,0.54934
1,0.766368
1,0.517314
1,0.46253
1,0.669696
1,0.702504
1,0.578831
1,0.405946
1,0.336484
1,0.456987
1,0.534462
1,0.372145
1,0.276668
1,0.569706
1,0.348976
1,0.311612
1,0.419148
1,0.363045
1,0.492122
1,0.74389
1,0.522674
1,0.659161
1,0.619326
1,0.530558
1,0.403534
1,0.22732
1,0.553602
1,0.216498
1,0.210701
1,0.456515
1,0.527872
1,0.351724
1,0.529494
1,0.261786
1,0.537097
1,0.26913
1,0.409102
1,0.382229
1,0.225572
1,0.273693
1,0.742784
1,0.35547
1,0.588002
1,0.379198
1,0.707373
1,0.614891
1,0.517131
1,0.430726
1,0.223411
1,0.487339
1,0.461205
1,0.403559
1,0.675411
1,0.402032
1,0.528515
1,0.65909
1,0.398875
1,0.346795
1,0.508171
1,0.366346
1,0.203426
1,0.455978
1,0.630272
1,0.128968
1,0.686866
1,0.403228
1,0.708917
1,0.734886
1,0.427849
1,0.431761
1,0.490948
1,0.174156
1,0.311069
1,0.093396
1,0.550101
1,0.43152
1,0.544273
1,0.14748
1,0.761204
1,0.392421
1,0.557992
1,0.376207
1,0.733454
1,0.747154
1,0.404839
1,0.406185
1,0.412615
1,0.523897
1,0.794995
1,0.546018
1,0.626984
1,0.337801
1,0.44522
1,0.773978
1,0.450236
1,0.117543
1,0.388155
1,0.626994
1,0.45174
1,0.266055
1,0.673065
1,0.506634
1,0.486401
1,0.140547
1,0.495956
1,0.108242
1,0.598515
1,0.569033
1,0.335396
1,0.213032
1,0.31052
1,0.258975
1,0.538876
1,0.53837
1,0.481469
1,0.780203
1,0.632378
1,0.462127
1,0.680835
1,0.525025
1,0.680835
1,0.677001
1,0.504841
1,0.387032
1,0.739135
1,0.655612
1,0.700377
1,0.55862
1,0.766747
1,0.480425
1,0.341086
1,0.673951
1,0.619996
1,0.338361
1,0.601582
1,0.756429
1,0.573228
1,0.940237
1,0.554024
1,0.190266
1,0.54817
1,0.53925
1,0.175864
1,0.566152
1,0.479866
1,0.759046
1,0.413889
1,0.377186
1,0.531791
1,0.185868
1,0.616092
1,0.426109
1,0.634563
1,0.373445
1,0.460979
1,0.825365
1,0.464644
1,0.269671
1,0.447989
1,0.690218
1,0.380135
1,0.28757
1,0.200943
1,0.551862
1,0.419562
1,0.377145
1,0.386121
1,0.346255
1,0.302905
1,0.508309
1,0.40987
1,0.423937
1,0.369121
1,0.650927
1,0.487721
1,0.814277
1,0.421773
1,0.700417
1,0.742267
1,0.32353
1,0.492425
1,0.727932
1,0.36508
1,0.416891
1,0.57151
1,0.705408
1,0.650497
1,0.476477
1,0.204065
1,0.591963
1,0.302027
1,0.555363
1,0.490655
1,0.560386
1,0.408118
1,0.451301
1,0.519952
1,0.549345
1,0.762356
1,0.442562
1,0.533538
1,0.387581
1,0.412816
1,0.364556
1,0.54819
1,0.515613
1,0.483936
1,0.47627
1,0.603099
1,0.46364
1,0.838256
1,0.774975
1,0.641887
1,0.331431
1,0.448697
1,0.22596
1,0.333776
1,0.581257
1,0.615237
1,0.473499
1,0.428892
1,0.637637
1,0.54971
1,0.410185
1,0.317849
1,0.297504
1,0.553559
1,0.878018
1,0.570964
1,0.28213
1,0.726893
1,0.340967
1,0.410368
1,0.150496
1,0.654527
1,0.634487
1,0.530324
1,0.214644
1,0.436161
1,0.577371
1,0.470799
1,0.588314
1,0.712178
1,0.345933
1,0.540294
1,0.701539
1,0.444249
1,0.860288
1,0.464898
1,0.594157
1,0.390613
1,0.442232
1,0.56029
1,0.564503
1,0.693076
1,0.362943
1,0.577426
1,0.521584
1,0.779325
1,0.305719
1,0.665373
1,0.626579
1,0.432371
1,0.250749
1,0.781308
1,0.452611
1,0.507869
1,0.600056
1,0.463945
1,0.520047
1,0.429845
1,0.715253
1,0.363446
1,0.209831
1,0.325583
1,0.390581
1,0.601003
1,0.355484
1,0.692053
1,0.453406
1,0.346657
1,0.430275
1,0.416868
1,0.425143
1,0.363321
1,0.291082
1,0.544228
1,0.505671
1,0.521011
1,0.398339
1,0.606579
1,0.67511
1,0.762812
1,0.487978
1,0.442584
1,0.650264
1,0.6567
1,0.505496
1,0.202092
1,0.538683
1,0.600857
1,0.468383
1,0.38644
1,0.27711
1,0.346426
1,0.507546
1,0.346982
1,0.578846
1,0.475975
1,0.13055
1,0.580344
1,0.285003
1,0.565378
1,0.384828
1,0.835646
1,0.521705
1,0.734488
1,0.397486
1,0.773514
1,0.346726
1,0.409719
1,0.590417
1,0.523043
1,0.47123
1,0.182949
1,0.252368
1,0.738836
1,0.441323
1,0.610344
1,0.540638
1,0.272458
1,0.321979
1,0.541329
1,0.790038
1,0.48221
1,0.354799
1,0.560217
1,0.568045
1,0.7103
1,0.908106
1,0.580372
1,0.162683
1,0.673618
1,0.793037
1,0.69032
1,0.484345
1,0.474036
1,0.396881
1,0.488238
1,0.617508
1,0.586781
1,0.673128
1,0.262361
1,0.352689
1,0.901756
1,0.422532
1,0.84894
1,0.286694
1,0.548829
1,0.479499
1,0.400286
1,0.628426
1,0.407168
1,0.202076
1,0.305544
1,0.692141
1,0.644339
1,0.259911
1,0.841824
1,0.585574
1,0.630948
1,0.409751
1,0.525456
1,0.36515
1,0.301416
1,0.817752
1,0.541103
1,0.636479
1,0.84722
1,0.676108
1,0.585596
1,0.479299
1,0.888402
1,0.543957
1,0.507862
1,0.461888
1,0.137085
1,0.118169
1,0.65838
1,0.45788
1,0.642533
1,0.487594
1,0.546713
1,0.674203
1,0.787382
1,0.286051
1,0.455164
1,0.425452
1,0.201187
1,0.659597
1,0.252335
1,0.297745
1,0.225614
1,0.41756
1,0.57534
1,0.606118
1,0.683213
1,0.385477
1,0.531841
1,0.487838
1,0.437474
1,0.216155
1,0.26835
1,0.71705
1,0.573408
1,0.36988
1,0.184353
1,0.380438
1,0.241279
1,0.240371
1,0.591971
1,0.46153
1,0.457396
1,0.499366
1,0.728745
1,0.352776
1,0.462721
1,0.549355
1,0.542988
1,0.384425
1,0.517789
1,0.677284
1,0.566448
1,0.227833
1,0.850374
1,0.838147
1,0.633194
1,0.486121
1,0.418173
1,0.479197
1,0.759128
1,0.636546
1,0.436962
1,0.850712
1,0.337285
1,0.519881
1,0.569338
1,0.424058
1,0.491685
1,0.498181
1,0.250414
1,0.816107
1,0.398052
1,0.780438
1,0.482421
1,0.427535
1,0.795021
1,0.234
1,0.388841
1,0.602178
1,0.335416
1,0.499159
1,0.753207
1,0.558676
1,0.410325
1,0.579005
1,0.41316
1,0.829709
1,0.39221
1,0.703938
1,0.552211
1,0.5391
1,0.575873
1,0.722599
1,0.344607
1,0.512928
1,0.222378
1,0.403459
1,0.300577
1,0.83482
1,0.621206
1,0.476943
1,0.230291
1,0.562938
1,0.883942
1,0.404211
1,0.607229
1,0.342421
1,0.490108
1,0.373397
1,0.286825
1,0.471916
1,0.264615
1,0.286333
1,0.563592
1,0.141388
1,0.550932
1,0.34584
1,0.56656
1,0.266186
1,0.429287
1,0.499546
1,0.512253
1,0.698918
1,0.402536
1,0.413686
1,0.786337
1,0.762643
1,0.649509
1,0.595943
1,0.21967
1,0.450015
1,0.458859
1,0.424556
1,0.282941
1,0.458282
1,0.510837
1,0.507393
1,0.316084
1,0.356756
1,0.454345
1,0.750895
1,0.769867
1,0.662456
1,0.493838
1,0.396762
1,0.686412
1,0.395798
1,0.513357
1,0.286138
1,0.301121
1,0.679786
1,0.478261
1,0.776413
1,0.587019
1,0.151631
1,0.591568
1,0.774725
1,0.720724
1,0.651056
1,0.453443
1,0.335855
1,0.699894
1,0.629074
1,0.536082
1,0.663361
1,0.873951
1,0.715709
1,0.655554
1,0.513322
1,0.550115
1,0.601171
1,0.343647
1,0.453456
1,0.799437
1,0.301193
1,0.296427
1,0.407363
1,0.627776
1,0.647305
1,0.381217
1,0.305445
1,0.804396
1,0.660453
1,0.377854
1,0.503788
1,0.698323
1,0.560363
1,0.63185
1,0.538558
1,0.422684
1,0.46339
1,0.488342
1,0.397275
1,0.766893
1,0.426381
1,0.307182
1,0.412182
1,0.304195
1,0.188416
1,0.607905
1,0.388005
1,0.510434
1,0.851488
1,0.748844
1,0.810191
1,0.564104
1,0.775648
1,0.517587
1,0.215616
1,0.521794
1,0.723236
1,0.428109
1,0.741467
1,0.525586
1,0.439496
1,0.738579
1,0.484818
1,0.695516
1,0.607652
1,0.709961
1,0.715505
1,0.454905
1,0.254381
1,0.422268
1,0.494417
1,0.490884
1,0.323015
1,0.279698
1,0.52222
1,0.58301
1,0.449245
1,0.634464
1,0.674473
1,0.435619
1,0.426276
1,0.282681
1,0.406377
1,0.824581
1,0.280489
1,0.480181
1,0.517759
1,0.568126
1,0.593105
1,0.50141
1,0.428372
1,0.5732
1,0.616672
1,0.460189
1,0.291001
1,0.609811
1,0.468374
1,0.818193
1,0.609947
1,0.879458
1,0.432433
1,0.413266
1,0.748713
1,0.480302
1,0.540822
1,0.362333
1,0.669557
1,0.576185
1,0.474711
1,0.64842
1,0.710427
1,0.489438
1,0.16713
1,0.319547
1,0.62088
1,0.173025
1,0.64089
1,0.666049
1,0.515575
1,0.347758
1,0.667654
1,0.576721
1,0.279464
1,0.468161
1,0.608122
1,0.207906
1,0.685295
1,0.193909
1,0.220551
1,0.771398
1,0.486133
1,0.694741
1,0.742674
1,0.475556
1,0.739467
1,0.347027
1,0.77259
1,0.731875
1,0.495254
1,0.751436
1,0.569835
1,0.471037
1,0.657617
1,0.477665
1,0.334029
1,0.456887
1,0.660336
1,0.738172
1,0.842787
1,0.61956
1,0.375899
1,0.425159
1,0.57101
1,0.674554
1,0.360051
1,0.776676
1,0.392014
1,0.539093
1,0.779567
1,0.273156
1,0.349077
1,0.444327
1,0.317317
1,0.533295
1,0.532258
1,0.891536
1,0.705897
1,0.417122
1,0.395331
1,0.281911
1,0.427169
1,0.658921
1,0.423443
1,0.567183
1,0.349852
1,0.428097
1,0.468247
1,0.639769
1,0.726284
1,0.467537
1,0.507386
1,0.510234
1,0.169003
1,0.60515
1,0.379913
1,0.389506
1,0.472575
1,0.630474
1,0.480511
1,0.324376
1,0.41662
1,0.653506
1,0.293234
1,0.519377
1,0.467977
1,0.368996
1,0.436574
1,0.833448
1,0.732899
1,0.485943
1,0.358966
1,0.329167
1,0.618456
1,0.534155
1,0.652483
1,0.604491
1,0.939001
1,0.664833
1,0.7249
1,0.347315
1,0.582139
1,0.949927
1,0.685696
1,0.878464
1,0.662396
1,0.204477
1,0.423388
1,0.633731
1,0.467227
1,0.713167
1,0.525937
1,0.458161
1,0.685522
1,0.537091
1,0.58758
1,0.46576
1,0.553789
1,0.595174
1,0.544512
1,0.678429
1,0.059578
1,0.621458
1,0.288971
1,0.654019
1,0.721882
1,0.317157
1,0.678655
1,0.353738
1,0.820903
1,0.3289
1,0.378788
1,0.331581
1,0.640889
1,0.164179
1,0.748615
1,0.948229
1,0.649645
1,0.559403
1,0.342676
1,0.815522
1,0.33644
1,0.188926
1,0.417648
1,0.638013
1,0.479348
1,0.567769
1,0.467089
1,0.463994
1,0.334941
1,0.183725
1,0.725658
1,0.679261
1,0.654978
1,0.35511
1,0.394783
1,0.561268
1,0.790681
1,0.460926
1,0.295334
1,0.484412
1,0.173227
1,0.348038
1,0.513266
1,0.826923
1,0.777267
1,0.327282
1,0.726274
1,0.690555
1,0.571669
1,0.567556
1,0.508705
1,0.662127
1,0.787852
1,0.401519
1,0.415498
1,0.356105
1,0.217995
1,0.346444
1,0.746229
1,0.819703
1,0.834708
1,0.623188
1,0.810477
1,0.756464
1,0.653572
1,0.537363
1,0.584617
1,0.191432
1,0.610869
1,0.518057
1,0.784561
1,0.73131
1,0.433391
1,0.685639
1,0.478703
1,0.662571
1,0.330503
1,0.458372
1,0.483789
1,0.141812
1,0.43441
1,0.485113
1,0.296278
1,0.294945
1,0.543741
1,0.445141
1,0.795898
1,0.906386
1,0.589575
1,0.421671
1,0.629113
1,0.316819
1,0.44043
1,0.437563
1,0.308096
1,0.472618
1,0.605862
1,0.574387
1,0.31209
1,0.300712
1,0.361238
1,0.900119
1,0.252048
1,0.493337
1,0.472601
1,0.683765
1,0.313436
1,0.356072
1,0.385131
1,0.800977
1,0.268355
1,0.479964
1,0.778745
1,0.349052
1,0.68779
1,0.490855
1,0.427989
1,0.33916
1,0.455865
1,0.693659
1,0.192763
1,0.563903
1,0.336925
1,0.497159
1,0.398453
1,0.250509
1,0.304066
1,0.376556
1,0.817136
1,0.349451
1,0.588914
1,0.286935
1,0.595763
1,0.582959
1,0.38688
1,0.556396
1,0.514082
1,0.199787
1,0.335699
1,0.567964
1,0.215176
1,0.779607
1,0.650847
1,0.246777
1,0.372854
1,0.316881
1,0.650377
1,0.354128
1,0.663529
1,0.681624
1,0.652687
1,0.771676
1,0.610287
1,0.642902
1,0.763569
1,0.343317
1,0.339343
1,0.792542
1,0.836262
1,0.499758
1,0.454873
1,0.400336
1,0.647564
1,0.606346
1,0.43225
1,0.363166
1,0.678273
1,0.526228
1,0.584717
1,0.539791
1,0.632869
1,0.354416
1,0.527205
1,0.502531
1,0.184753
1,0.738414
1,0.66635
1,0.722075
1,0.410746
1,0.345746
1,0.603187
1,0.556727
1,0.262899
1,0.360114
1,0.442767
1,0.452261
1,0.302344
1,0.317406
1,0.365482
1,0.594406
1,0.671431
1,0.205741
1,0.524929
1,0.361343
1,0.63129
1,0.543036
1,0.455423
1,0.666235
1,0.591429
1,0.210389
1,0.576123
1,0.255063
1,0.440095
1,0.44871
1,0.546163
1,0.705484
1,0.681116
1,0.41578
1,0.426518
1,0.455788
1,0.38955
1,0.438055
1,0.210936
1,0.443042
1,0.215259
1,0.379816
1,0.781585
1,0.31779
1,0.484518
1,0.740442
1,0.293745
1,0.575806
1,0.572165
1,0.432371
1,0.570912
1,0.749648
1,0.673981
1,0.526017
1,0.773494
1,0.180343
1,0.286413
1,0.809952
1,0.308898
1,0.251677
1,0.729104
1,0.481164
1,0.404253
1,0.583252
1,0.477187
1,0.749629
1,0.38845
1,0.467421
1,0.192297
1,0.502251
1,0.475296
1,0.377884
1,0.833676
1,0.271727
1,0.385204
1,0.750318
1,0.618323
1,0.36781
1,0.868947
1,0.316364
1,0.208732
1,0.521131
1,0.683555
1,0.748065
1,0.561192
1,0.461237
1,0.276886
1,0.524204
1,0.792476
1,0.487237
1,0.669754
1,0.220579
1,0.451949
1,0.417345
1,0.482184
1,0.617273
1,0.685924
1,0.355517
1,0.5561
1,0.674269
1,0.528217
1,0.470572
1,0.577358
1,0.658965
1,0.219475
1,0.285313
1,0.625508
1,0.436813
1,0.506614
1,0.426166
1,0.784937
1,0.49097
1,0.513206
1,0.392578
1,0.291149
1,0.70969
1,0.493643
1,0.323259
1,0.638126
1,0.691078
1,0.697606
1,0.759481
1,0.75274
1,0.631299
1,0.348241
1,0.622238
1,0.569548
1,0.708325
1,0.659535
1,0.768956
1,0.544588
1,0.805178
1,0.66162
1,0.437913
1,0.628076
1,0.487507
1,0.424876
1,0.53623
1,0.798394
1,0.357881
1,0.594361
1,0.900313
1,0.680871
1,0.756885
1,0.419515
1,0.905535
1,0.598575
1,0.285975
1,0.524353
1,0.15783
1,0.462514
1,0.749875
1,0.46127
1,0.446458
1,0.813868
1,0.661385
1,0.143258
1,0.464395
1,0.668356
1,0.710342
1,0.545961
1,0.316717
1,0.383782
1,0.332352
1,0.361756
1,0.379666
1,0.5867
1,0.163297
1,0.427503
1,0.275748
1,0.515403
1,0.416233
1,0.59633
1,0.233974
1,0.690602
1,0.496433
1,0.650925
1,0.540823
1,0.322181
1,0.546974
1,0.83369
1,0.515367
1,0.566512
1,0.774964
1,0.497844
1,0.298076
1,0.560255
1,0.710877
1,0.348454
1,0.408634
1,0.680953
1,0.411564
1,0.780483
1,0.662359
1,0.336147
1,0.469557
1,0.473578
1,0.568313
1,0.257364
1,0.662212
1,0.56611
1,0.509628
1,0.324201
1,0.526059
1,0.713329
1,0.670542
1,0.471044
1,0.247683
1,0.761502
1,0.806171
1,0.079289
1,0.1483
1,0.514714
1,0.322415
1,0.78922
1,0.447883
1,0.400105
1,0.577293
1,0.522355
1,0.676364
1,0.7416
1,0.193767
1,0.581305
1,0.602615
1,0.511609
1,0.128247
1,0.324814
1,0.373334
1,0.533975
1,0.372417
1,0.465901
1,0.477474
1,0.389934
1,0.71822
1,0.555862
1,0.811193
1,0.693106
1,0.399857
1,0.483003
1,0.705358
1,0.117134
1,0.636913
1,0.581543
1,0.602714
1,0.447622
1,0.584989
1,0.821527
1,0.415173
1,0.283096
1,0.373803
1,0.481057
1,0.765697
1,0.572843
1,0.705808
1,0.517433
1,0.409234
1,0.38027
1,0.479528
1,0.6328
1,0.649853
1,0.580605
1,0.345726
1,0.700198
1,0.22788
1,0.55812
1,0.461709
1,0.632767
1,0.431679
1,0.623717
1,0.672899
1,0.630571
1,0.282413
1,0.434731
1,0.097158
1,0.28257
1,0.135206
1,0.570847
1,0.913612
1,0.717774
1,0.704917
1,0.294008
1,0.699552
1,0.581917
1,0.415983
1,0.273834
1,0.631813
1,0.726723
1,0.846829
1,0.820637
1,0.726747
1,0.319857
1,0.471536
1,0.730268
1,0.512144
1,0.515456
1,0.538412
1,0.346015
1,0.468376
1,0.71924
1,0.54599
1,0.51858
1,0.217425
1,0.223925
1,0.712755
1,0.689181
1,0.358799
1,0.312152
1,0.678738
1,0.752094
1,0.266085
1,0.588513
1,0.839025
1,0.435984
1,0.753603
1,0.269852
1,0.48244
1,0.528245
1,0.346296
1,0.493104
1,0.617685
1,0.765114
1,0.49557
1,0.624777
1,0.303794
1,0.524566
1,0.613373
1,0.310344
1,0.256671
1,0.441508
1,0.325806
1,0.539214
1,0.310113
1,0.563876
1,0.655049
1,0.629784
1,0.139619
1,0.570806
1,0.370506
1,0.603139
1,0.123542
1,0.710288
1,0.402016
1,0.613173
1,0.494884
1,0.485194
1,0.491986
1,0.415598
1,0.702644
1,0.836487
1,0.69822
1,0.301933
1,0.275301
1,0.203245
1,0.483117
1,0.447208
1,0.768749
1,0.262611
1,0.627184
1,0.071848
1,0.662651
1,0.621066
1,0.705776
1,0.625407
1,0.442054
1,0.596079
1,0.400252
1,0.522089
1,0.384506
1,0.306755
1,0.234683
1,0.360569
1,0.544647
1,0.331259
1,0.740366
1,0.663785
1,0.422501
1,0.068818
1,0.283873
1,0.446217
1,0.145251
1,0.297582
1,0.31018
1,0.871687
1,0.169907
1,0.645736
1,0.50742
1,0.435668
1,0.394034
1,0.452781
1,0.412668
1,0.369603
1,0.661433
1,0.624283
1,0.370603
1,0.524543
1,0.46911
1,0.530688
1,0.688747
1,0.372549
1,0.467182
1,0.858174
1,0.389263
1,0.241872
1,0.303672
1,0.555972
1,0.776557
1,0.46722
1,0.485072
1,0.422767
1,0.417976
1,0.540616
1,0.470798
1,0.34211
1,0.239413
1,0.696461
1,0.348277
1,0.084644
1,0.692302
1,0.256348
1,0.688037
1,0.621919
1,0.846997
1,0.419933
1,0.844036
1,0.12795
1,0.455089
1,0.692084
1,0.601032
1,0.616824
1,0.43692
1,0.649796
1,0.394228
1,0.2649
1,0.371644
1,0.493066
1,0.742726
1,0.55843
1,0.270512
1,0.619403
1,0.428045
1,0.575882
1,0.511389
1,0.794619
1,0.735704
1,0.70267
1,0.422291
1,0.685172
1,0.566606
1,0.357097
1,0.608501
1,0.585873
1,0.82654
1,0.717864
1,0.595825
1,0.695965
1,0.542174
1,0.617699
1,0.497561
1,0.504165
1,0.562095
1,0.29068
1,0.467963
1,0.558694
1,0.402189
1,0.644972
1,0.401664
1,0.384901
1,0.478208
1,0.77395
1,0.629796
1,0.634516
1,0.243245
1,0.478059
1,0.740221
1,0.572149
1,0.678295
1,0.528612
1,0.33402
1,0.545493
1,0.839917
1,0.54796
1,0.424937
1,0.622953
1,0.865262
1,0.798009
1,0.713986
1,0.68934
1,0.5297
1,0.54463
1,0.234449
1,0.667665
1,0.72828
1,0.499316
1,0.216529
1,0.758596
1,0.154818
1,0.706
1,0.429929
1,0.452498
1,0.325574
1,0.514209
1,0.849774
1,0.300937
1,0.693031
1,0.341421
1,0.304303
1,0.629801
1,0.295068
1,0.342597
1,0.306826
1,0.483745
1,0.424068
1,0.316633
1,0.328917
1,0.804876
1,0.650179
1,0.508337
1,0.555259
1,0.347696
1,0.201362
1,0.354744
1,0.507462
1,0.209243
1,0.597131
1,0.365822
1,0.417763
1,0.373853
1,0.370971
1,0.423814
1,0.059986
1,0.423198
1,0.499055
1,0.501568
1,0.346493
1,0.257831
1,0.328168
1,0.689922
1,0.804899
1,0.239547
1,0.369685
1,0.860611
1,0.46326
1,0.557226
1,0.69789
1,0.215249
1,0.687048
1,0.421682
1,0.202954
1,0.726446
1,0.391885
1,0.83428
1,0.502634
1,0.503529
1,0.559047
1,0.29878
1,0.419698
1,0.275188
1,0.280511
1,0.723938
1,0.545039
1,0.486193
1,0.387295
1,0.801706
1,0.537704
1,0.578327
1,0.307743
1,0.45226
1,0.361962
1,0.448889
1,0.464441
1,0.564058
1,0.745732
1,0.317441
1,0.57475
1,0.362178
1,0.816319
1,0.659208
1,0.589106
1,0.882286
1,0.432899
1,0.269731
1,0.535838
1,0.208694
1,0.271583
1,0.442049
1,0.592467
1,0.351226
1,0.353351
1,0.4312
1,0.773999
1,0.445484
1,0.26883
1,0.809423
1,0.4669
1,0.090213
1,0.532445
1,0.381765
1,0.512459
1,0.363486
1,0.115638
1,0.419454
1,0.604827
1,0.7356
1,0.596197
1,0.266158
1,0.757366
1,0.533015
1,0.572137
1,0.540748
1,0.744974
1,0.427331
1,0.174746
1,0.814962
1,0.557567
1,0.728302
1,0.293635
1,0.752184
1,0.487802
1,0.546045
1,0.344889
1,0.271408
1,0.667786
1,0.341471
1,0.71742
1,0.811156
1,0.653715
1,0.54403
1,0.791175
1,0.322529
1,0.79464
1,0.490262
1,0.392567
1,0.373716
1,0.489375
1,0.724851
1,0.15244
1,0.351799
1,0.684089
1,0.396044
1,0.72128
1,0.693421
1,0.509493
1,0.414973
1,0.311652
1,0.549557
1,0.40736
1,0.354808
1,0.32728
1,0.215342
1,0.270868
1,0.73253
1,0.376346
1,0.715651
1,0.579931
1,0.33275
1,0.655631
1,0.542566
1,0.454077
1,0.572747
1,0.788942
1,0.788338
1,0.527168
1,0.431567
1,0.528012
1,0.564287
1,0.188799
1,0.66032
1,0.328603
1,0.518839
1,0.81291
1,0.632505
1,0.714218
1,0.675816
1,0.686528
1,0.599424
1,0.400747
1,0.305976
1,0.701783
1,0.752702
1,0.358841
1,0.749414
1,0.454777
1,0.365988
1,0.374678
1,0.547173
1,0.461637
1,0.364412
1,0.372983
1,0.810004
1,0.516564
1,0.336288
1,0.565425
1,0.550985
1,0.406874
1,0.63378
1,0.79797
1,0.605427
1,0.796354
1,0.558809
1,0.538341
1,0.515999
1,0.799014
1,0.584663
1,0.324605
1,0.513589
1,0.590819
1,0.328746
1,0.479307
1,0.317305
1,0.694035
1,0.690792
1,0.315231
1,0.751282
1,0.541502
1,0.63538
1,0.402454
1,0.379822
1,0.751067
1,0.499627
1,0.650926
1,0.360775
1,0.169311
1,0.779653
1,0.742485
1,0.326885
1,0.230681
1,0.601036
1,0.529287
1,0.547847
1,0.096017
1,0.850751
1,0.113649
1,0.15501
1,0.53965
1,0.499287
1,0.569262
1,0.374165
1,0.582663
1,0.553741
1,0.643758
1,0.222121
1,0.35156
1,0.807523
1,0.381231
1,0.433312
1,0.457005
1,0.771244
1,0.631446
1,0.19118
1,0.471524
1,0.49375
1,0.256005
1,0.728895
1,0.481014
1,0.59904
1,0.557577
1,0.444307
1,0.836338
1,0.157627
1,0.015749
1,0.638249
1,0.256331
1,0.562505
1,0.389555
1,0.696683
1,0.315061
1,0.390573
1,0.467877
1,0.538689
1,0.34956
1,0.325192
1,0.541105
1,0.70746
1,0.565312
1,0.359261
1,0.345405
1,0.656711
1,0.496341
1,0.702469
1,0.631919
1,0.439815
1,0.421505
1,0.457999
1,0.650683
1,0.470599
1,0.411109
1,0.653537
1,0.631124
1,0.542706
1,0.499771
1,0.30744
1,0.532942
1,0.493797
1,0.398326
1,0.369161
1,0.588213
1,0.847829
1,0.599664
1,0.544892
1,0.610583
1,0.272448
1,0.714354
1,0.381358
1,0.382053
1,0.323335
1,0.280542
1,0.533095
1,0.596473
1,0.594777
1,0.748485
1,0.382549
1,0.743092
1,0.566234
1,0.616978
1,0.742123
1,0.257139
1,0.694406
1,0.76015
1,0.612893
1,0.473554
1,0.283602
1,0.68123
1,0.905712
1,0.540787
1,0.44918
1,0.703306
1,0.18839
1,0.356586
1,0.491213
1,0.809826
1,0.718114
1,0.533951
1,0.411246
1,0.546818
1,0.716646
1,0.620058
1,0.50983
1,0.648284
1,0.714632
1,0.27335
1,0.549073
1,0.372799
1,0.205627
1,0.582927
1,0.785322
1,0.468853
1,0.318344
1,0.372974
1,0.373963
1,0.632913
1,0.499853
1,0.527473
1,0.55583
1,0.429418
1,0.417408
1,0.670476
1,0.510151
1,0.355143
1,0.269305
1,0.30697
1,0.503555
1,0.659869
1,0.329241
1,0.191825
1,0.610201
1,0.32858
1,0.31234
1,0.556274
1,0.406818
1,0.822615
1,0.218587
1,0.553792
1,0.22495
1,0.454254
1,0.608279
1,0.470665
1,0.377973
1,0.637147
1,0.721417
1,0.52952
1,0.813686
1,0.369339
1,0.531792
1,0.779162
1,0.517254
1,0.36271
1,0.776141
1,0.868232
1,0.714958
1,0.561844
1,0.169894
1,0.477981
1,0.390717
1,0.398794
1,0.580444
1,0.415475
1,0.555976
1,0.741575
1,0.464666
1,0.210162
1,0.49999
1,0.409784
1,0.628478
1,0.41341
1,0.455947
1,0.571529
1,0.497613
1,0.624856
1,0.650766
1,0.48528
1,0.536313
1,0.476789
1,0.669051
1,0.489353
1,0.614415
1,0.663489
1,0.298175
1,0.48819
1,0.527613
1,0.331495
1,0.715704
1,0.281245
1,0.90095
1,0.471646
1,0.419424
1,0.354675
1,0.732754
1,0.283948
1,0.353209
1,0.794024
1,0.29098
1,0.456869
1,0.348794
1,0.290493
1,0.51478
1,0.392945
1,0.54992
1,0.419905
1,0.215533
1,0.711471
1,0.553401
1,0.550613
1,0.831399
1,0.689478
1,0.319473
1,0.551582
1,0.691304
1,0.63364
1,0.586249
1,0.478995
1,0.830128
1,0.644023
1,0.421957
1,0.729981
1,0.384345
1,0.387009
1,0.426824
1,0.205326
1,0.850406
1,0.522418
1,0.420784
1,0.311508
1,0.529162
1,0.275403
1,0.137948
1,0.412573
1,0.447736
1,0.535908
1,0.462032
1,0.701346
1,0.391505
1,0.474606
1,0.692167
1,0.439901
1,0.476801
1,0.099036
1,0.682036
1,0.305152
1,0.567726
1,0.435553
1,0.228109
1,0.502984
1,0.928628
1,0.655459
1,0.213493
1,0.440509
1,0.751287
1,0.680993
1,0.22961
1,0.697849
1,0.362286
1,0.410207
1,0.472565
1,0.661101
1,0.76617
1,0.392196
1,0.783721
1,0.353144
1,0.546706
1,0.481549
1,0.577575
1,0.584713
1,0.882851
1,0.316643
1,0.804336
1,0.425049
1,0.726361
1,0.773669
1,0.361227
1,0.702214
1,0.67705
1,0.553796
1,0.706457
1,0.611436
1,0.468382
1,0.660689
1,0.530004
1,0.467647
1,0.432438
1,0.310697
1,0.213339
1,0.536416
1,0.871612
1,0.55424
1,0.460093
1,0.362157
1,0.414441
1,0.500661
1,0.098265
1,0.629453
1,0.081501
1,0.472365
1,0.478237
1,0.482569
1,0.490638
1,0.490427
1,0.633395
1,0.49568
1,0.420945
1,0.551941
1,0.835343
1,0.597642
1,0.441608
1,0.710277
1,0.532541
1,0.186745
1,0.398031
1,0.350505
1,0.346986
1,0.309355
1,0.470158
1,0.473081
1,0.46534
1,0.827106
1,0.361217
1,0.321852
1,0.379942
1,0.531059
1,0.33617
1,0.358314
1,0.414548
1,0.397132
1,0.247905
1,0.448292
1,0.481084
1,0.448561
1,0.577386
1,0.695413
1,0.644059
1,0.752116
1,0.472635
1,0.363569
1,0.353204
1,0.574567
1,0.274221
1,0.164018
1,0.705714
1,0.380305
1,0.634128
1,0.365863
1,0.306801
1,0.616463
1,0.471963
1,0.083703
1,0.469994
1,0.774544
1,0.3757
1,0.671052
1,0.73061
1,0.423214
1,0.759175
1,0.281852
1,0.500374
1,0.318216
1,0.425102
1,0.233499
1,0.51931
1,0.442488
1,0.405881
1,0.584305
1,0.747744
1,0.482913
1,0.283119
1,0.792565
1,0.241401
1,0.485388
1,0.645809
1,0.638265
1,0.271453
1,0.513348
1,0.665397
1,0.641463
1,0.73194
1,0.727738
1,0.477395
1,0.31259
1,0.293443
1,0.174733
1,0.293798
1,0.233275
1,0.743855
1,0.230236
1,0.225416
1,0.689038
1,0.498975
1,0.804475
1,0.756303
1,0.575336
1,0.602389
1,0.207196
1,0.770959
1,0.713273
1,0.429317
1,0.303352
1,0.495078
1,0.549412
1,0.503344
1,0.469919
1,0.817711
1,0.590754
1,0.668901
1,0.366428
1,0.41954
1,0.202103
1,0.535254
1,0.77907
1,0.191345
1,0.262156
1,0.363319
1,0.343759
1,0.110351
1,0.725639
1,0.227151
1,0.645346
1,0.627755
1,0.623707
1,0.568286
1,0.457333
1,0.697122
1,0.315775
1,0.440657
1,0.594883
1,0.694006
1,0.458136
1,0.489696
1,0.528045
1,0.851892
1,0.211763
1,0.492723
1,0.539345
1,0.477887
1,0.620271
1,0.203837
1,0.488034
1,0.605972
1,0.326246
1,0.740261
1,0.927294
1,0.471675
1,0.795057
1,0.535284
1,0.466317
1,0.584372
1,0.150129
1,0.750793
1,0.574031
1,0.5857
1,0.354155
1,0.3528
1,0.445226
1,0.53488
1,0.220555
1,0.590469
1,0.383881
1,0.597578
1,0.206969
1,0.42936
1,0.453555
1,0.41861
1,0.733685
1,0.587646
1,0.492966
1,0.563971
1,0.563452
1,0.398963
1,0.612129
1,0.141983
1,0.489178
1,0.320752
1,0.711234
1,0.269774
1,0.578328
1,0.339594
1,0.49796
1,0.646225
1,0.367692
1,0.365141
1,0.686637
1,0.592309
1,0.67849
1,0.310807
1,0.728546
1,0.788949
1,0.736357
1,0.732802
1,0.643626
1,0.598894
1,0.370262
1,0.936797
1,0.668013
1,0.482257
1,0.514961
1,0.463211
1,0.349895
1,0.578445
1,0.326695
1,0.644467
1,0.48546
1,0.592411
1,0.401507
1,0.428056
1,0.248494
1,0.404833
1,0.377152
1,0.214967
1,0.615455
1,0.489354
1,0.739483
1,0.344443
1,0.369302
1,0.65357
1,0.287741
1,0.37185
1,0.907274
1,0.657411
1,0.783391
1,0.267516
1,0.540581
1,0.255955
1,0.709744
1,0.854602
1,0.5266
1,0.505913
1,0.492536
1,0.500735
1,0.642565
1,0.51366
1,0.306765
1,0.61378
1,0.433798
1,0.688968
1,0.217882
1,0.523901
1,0.32453
1,0.443385
1,0.469261
1,0.594224
1,0.424943
1,0.614234
1,0.717499
1,0.644323
1,0.244467
1,0.624034
1,0.525428
1,0.728482
1,0.357167
1,0.326116
1,0.577344
1,0.299208
1,0.582668
1,0.366456
1,0.667931
1,0.506568
1,0.376852
1,0.325175
1,0.126362
1,0.578042
1,0.508914
1,0.358868
1,0.428476
1,0.380291
1,0.723705
1,0.383605
1,0.295898
1,0.441492
1,0.654255
1,0.561914
1,0.593501
1,0.382924
1,0.356422
1,0.40953
1,0.301264
1,0.556398
1,0.464412
1,0.59724
1,0.392455
1,0.515103
1,0.588505
1,0.475314
1,0.403809
1,0.498995
1,0.753004
1,0.474623
1,0.381724
1,0.598534
1,0.381862
1,0.207588
1,0.601536
1,0.623147
1,0.45179
1,0.699692
1,0.599265
1,0.716893
1,0.703233
1,0.477546
1,0.374053
1,0.388354
1,0.521339
1,0.378137
1,0.585638
1,0.333102
1,0.092446
1,0.315308
1,0.20516
1,0.336251
1,0.343339
1,0.320437
1,0.584627
1,0.174535
1,0.444409
1,0.616366
1,0.64873
1,0.63344
1,0.158454
1,0.779418
1,0.733528
1,0.551534
1,0.596159
1,0.479632
1,0.582624
1,0.651007
1,0.551633
1,0.486485
1,0.676195
1,0.422484
1,0.193019
1,0.174775
1,0.767833
1,0.292928
1,0.541642
1,0.753354
1,0.633511
1,0.377598
1,0.537826
1,0.63375
1,0.71144
1,0.50664
1,0.585889
1,0.576674
1,0.505038
1,0.581031
1,0.377838
1,0.532275
1,0.867345
1,0.693201
1,0.40145
1,0.501748
1,0.259816
1,0.71834
1,0.214656
1,0.301663
1,0.519565
1,0.321708
1,0.591467
1,0.403392
1,0.369966
1,0.631033
1,0.113554
1,0.47229
1,0.272618
1,0.78877
1,0.526742
1,0.742368
1,0.262639
1,0.720223
1,0.390573
1,0.607814
1,0.707822
1,0.43311
1,0.258235
1,0.288454
1,0.655538
1,0.462729
1,0.245291
1,0.443143
1,0.54835
1,0.460425
1,0.29207
1,0.464998
1,0.585052
1,0.732089
1,0.789554
1,0.545531
1,0.493879
1,0.529526
1,0.679767
1,0.493731
1,0.271994
1,0.698961
1,0.376121
1,0.51708
1,0.823752
1,0.167142
1,0.618742
1,0.736258
1,0.613477
1,0.282038
1,0.582501
1,0.39612
1,0.547278
1,0.363983
1,0.684474
1,0.720836
1,0.625538
1,0.725033
1,0.809538
1,0.620723
1,0.305037
1,0.429921
1,0.518674
1,0.605946
1,0.714245
1,0.459779
1,0.224728
1,0.64142
1,0.547685
1,0.676072
1,0.49181
1,0.335766
1,0.236313
1,0.636184
1,0.706233
1,0.909959
1,0.336823
1,0.322336
1,0.619831
1,0.825933
1,0.654698
1,0.80574
1,0.940269
1,0.525684
1,0.614195
1,0.320368
1,0.562466
1,0.669783
1,0.500801
1,0.759206
1,0.536822
1,0.607828
1,0.326185
1,0.379212
1,0.597561
1,0.690796
1,0.625119
1,0.54184
1,0.566128
1,0.470266
1,0.490084
1,0.326022
1,0.30573
1,0.586931
1,0.502075
1,0.216287
1,0.394581
1,0.416345
1,0.723642
1,0.344916
1,0.290313
1,0.267575
1,0.506415
1,0.623146
1,0.705945
1,0.318046
1,0.36659
1,0.627786
1,0.545821
1,0.537219
1,0.408651
1,0.410773
1,0.753824
1,0.455817
1,0.600999
1,0.289543
1,0.296931
1,0.263048
1,0.701041
1,0.645193
1,0.735035
1,0.596908
1,0.74321
1,0.616154
1,0.664536
1,0.500691
1,0.623793
1,0.245822
1,0.601244
1,0.18339
1,0.91652
1,0.245513
1,0.667248
1,0.315944
1,0.131361
1,0.661507
1,0.328584
1,0.533734
1,0.672087
1,0.711557
1,0.526986
1,0.549918
1,0.484608
1,0.391376
1,0.676531
1,0.858318
1,0.843927
1,0.683895
1,0.187328
1,0.720239
1,0.470165
1,0.551554
1,0.520316
1,0.3703
1,0.298492
1,0.61947
1,0.562624
1,0.656608
1,0.17212
1,0.565909
1,0.357302
1,0.466128
1,0.462753
1,0.635659
1,0.757413
1,0.234256
1,0.63606
1,0.79398
1,0.495905
1,0.141048
1,0.342244
1,0.618736
1,0.737206
1,0.412652
1,0.664586
1,0.22529
1,0.554982
1,0.415816
1,0.7193
1,0.511836
1,0.315832
1,0.601128
1,0.308628
1,0.498692
1,0.403365
1,0.620402
1,0.574323
1,0.80935
1,0.637085
1,0.551697
1,0.371911
1,0.498964
1,0.27892
1,0.487684
1,0.364802
1,0.416791
1,0.617358
1,0.692868
1,0.449458
1,0.257422
1,0.289026
1,0.619385
1,0.478747
1,0.335194
1,0.571774
1,0.758858
1,0.704893
1,0.607814
1,0.366509
1,0.569177
1,0.433593
1,0.345664
1,0.508787
1,0.832034
1,0.507819
1,0.838897
1,0.552497
1,0.516384
1,0.780751
1,0.422038
1,0.677072
1,0.571967
1,0.323576
1,0.51471
1,0.5849
1,0.546644
1,0.371968
1,0.598638
1,0.535386
1,0.311327
1,0.745932
1,0.393752
1,0.475323
1,0.452722
1,0.418909
1,0.569492
1,0.538235
1,0.381675
1,0.359078
1,0.539866
1,0.479204
1,0.390863
1,0.192805
1,0.393662
1,0.53528
1,0.549277
1,0.983089
1,0.805806
1,0.42812
1,0.700902
1,0.620453
1,0.473144
1,0.266329
1,0.533522
1,0.813676
1,0.689847
1,0.548987
1,0.759209
1,0.893902
1,0.301487
1,0.766652
1,0.497127
1,0.290596
1,0.813709
1,0.612936
1,0.473
1,0.474823
1,0.796471
1,0.647868
1,0.415943
1,0.3744
1,0.346961
1,0.540179
1,0.606548
1,0.472945
1,0.245249
1,0.721379
1,0.582942
1,0.407533
1,0.310762
1,0.43489
1,0.756593
1,0.531979
1,0.559764
1,0.62319
1,0.665778
1,0.564295
1,0.741503
1,0.329365
1,0.642642
1,0.692355
1,0.785931
1,0.402261
1,0.511276
1,0.415059
1,0.380267
1,0.401738
1,0.529265
1,0.222899
1,0.370331
1,0.200193
1,0.797241
1,0.548736
1,0.682305
1,0.527841
1,0.741298
1,0.470251
1,0.426393
1,0.292619
1,0.857332
1,0.084689
1,0.542468
1,0.109297
1,0.87192
1,0.600452
1,0.205727
1,0.461901
1,0.757536
1,0.447895
1,0.478796
1,0.710543
1,0.451926
1,0.571018
1,0.663493
1,0.80328
1,0.48608
1,0.47167
1,0.673686
1,0.620234
1,0.479907
1,0.399599
1,0.694161
1,0.1651
1,0.335662
1,0.771945
1,0.333462
1,0.876951
1,0.737174
1,0.40526
1,0.528672
1,0.354664
1,0.411159
1,0.510208
1,0.286288
1,0.52685
1,0.367348
1,0.459088
1,0.468536
1,0.553738
1,0.146103
1,0.413198
1,0.620786
1,0.331124
1,0.748545
1,0.588424
1,0.399814
1,0.393341
1,0.211685
1,0.537404
1,0.721168
1,0.400656
1,0.669503
1,0.113104
1,0.584046
1,0.347464
1,0.209248
1,0.265015
1,0.631023
1,0.475266
1,0.434651
1,0.394441
1,0.654095
1,0.44276
1,0.572709
1,0.612773
1,0.56107
1,0.3477
1,0.50589
1,0.681567
1,0.537935
1,0.5058
1,0.512221
1,0.619131
1,0.217068
1,0.374088
1,0.330738
1,0.735893
1,0.65075
1,0.422263
1,0.180056
1,0.476635
1,0.569666
1,0.066824
1,0.436314
1,0.503826
1,0.365125
1,0.75753
1,0.257479
1,0.134936
1,0.807667
1,0.482307
1,0.712641
1,0.844826
1,0.357677
1,0.609046
1,0.409626
1,0.235753
1,0.843092
1,0.300486
1,0.565529
1,0.337034
1,0.470886
1,0.368401
1,0.357852
1,0.232585
1,0.656721
1,0.523197
1,0.523263
1,0.614604
1,0.237299
1,0.38166
1,0.700554
1,0.555225
1,0.359836
1,0.421233
1,0.266516
1,0.251168
1,0.25891
1,0.384148
1,0.78822
1,0.36005
1,0.294036
1,0.524322
1,0.574622
1,0.529432
1,0.437399
1,0.807398
1,0.347866
1,0.458167
1,0.441751
1,0.819702
1,0.671041
1,0.292652
1,0.569583
1,0.502948
1,0.392988
1,0.231876
1,0.536766
1,0.572822
1,0.433439
1,0.616939
1,0.774748
1,0.812115
1,0.537758
1,0.252851
1,0.662142
1,0.414278
1,0.465226
1,0.381026
1,0.609003
1,0.544897
1,0.810721
1,0.610537
1,0.356877
1,0.570584
1,0.43445
1,0.611148
1,0.743117
1,0.556908
1,0.335704
1,0.207012
1,0.576794
1,0.230718
1,0.501869
1,0.660331
1,0.70316
1,0.676652
1,0.501899
1,0.719661
1,0.16346
1,0.380731
1,0.501759
1,0.229673
1,0.624008
1,0.540292
1,0.747024
1,0.786605
1,0.732116
1,0.284093
1,0.39938
1,0.494686
1,0.157363
1,0.286131
1,0.695512
1,0.580818
1,0.547809
1,0.372392
1,0.317969
1,0.155158
1,0.511571
1,0.316912
1,0.393189
1,0.564238
1,0.72631
1,0.578475
1,0.2031
1,0.417155
1,0.493436
1,0.576437
1,0.235006
1,0.723931
1,0.353917
1,0.567915
1,0.618699
1,0.683577
1,0.73701
1,0.791217
1,0.180426
1,0.432993
1,0.595423
1,0.360242
1,0.518275
1,0.459399
1,0.577205
1,0.488362
1,0.314572
1,0.668785
1,0.338987
1,0.322884
1,0.908336
1,0.445315
1,0.277799
1,0.316771
1,0.435195
1,0.705569
1,0.718237
1,0.535603
1,0.552725
1,0.684458
1,0.437308
1,0.427814
1,0.904697
1,0.587543
1,0.839711
1,0.654283
1,0.23318
1,0.215524
1,0.598922
1,0.528985
1,0.404336
1,0.811697
1,0.261353
1,0.567418
1,0.812774
1,0.516539
1,0.273742
1,0.158289
1,0.185626
1,0.566289
1,0.7014
1,0.655781
1,0.581086
1,0.506376
1,0.543772
1,0.735654
1,0.623062
1,0.503982
1,0.393678
1,0.374584
1,0.456301
1,0.43877
1,0.790861
1,0.448408
1,0.460942
1,0.296199
1,0.358187
1,0.533845
1,0.449196
1,0.795532
1,0.898123
1,0.436859
1,0.345854
1,0.328823
1,0.42641
1,0.851225
1,0.593331
1,0.546473
1,0.554622
1,0.211875
1,0.405981
1,0.59544
1,0.321423
1,0.502415
1,0.807458
1,0.175505
1,0.593623
1,0.546451
1,0.622595
1,0.90992
1,0.682893
1,0.789969
1,0.527711
1,0.591458
1,0.683181
1,0.594637
1,0.4573
1,0.37225
1,0.10682
1,0.232741
1,0.143063
1,0.336625
1,0.445169
1,0.692684
1,0.426575
1,0.741618
1,0.756139
1,0.404167
1,0.373072
1,0.253888
1,0.237652
1,0.462019
1,0.467522
1,0.33868
1,0.537736
1,0.827863
1,0.33448
1,0.234224
1,0.58766
1,0.694145
1,0.603772
1,0.605841
1,0.73047
1,0.393805
1,0.659821
1,0.803912
1,0.771133
1,0.510889
1,0.259576
1,0.567025
1,0.641966
1,0.569324
1,0.122393
1,0.513717
1,0.294063
1,0.504463
1,0.431252
1,0.278521
1,0.176278
1,0.770388
1,0.780322
1,0.609165
1,0.292265
1,0.507594
1,0.272153
1,0.677722
1,0.082186
1,0.503863
1,0.409337
1,0.624884
1,0.787184
1,0.362416
1,0.343084
1,0.693115
1,0.504953
1,0.467452
1,0.711228
1,0.498282
1,0.700841
1,0.292546
1,0.505963
1,0.544937
1,0.624728
1,0.752176
1,0.619768
1,0.614689
1,0.572343
1,0.659006
1,0.415391
1,0.384827
1,0.86301
1,0.475432
1,0.269416
1,0.359292
1,0.237305
1,0.432009
1,0.607421
1,0.74057
1,0.771241
1,0.763307
1,0.656136
1,0.496663
1,0.549105
1,0.70612
1,0.431964
1,0.480685
1,0.438059
1,0.553484
1,0.766558
1,0.10429
1,0.560004
1,0.389878
1,0.373332
1,0.580295
1,0.425871
1,0.23609
1,0.755694
1,0.524219
1,0.213184
1,0.445075
1,0.359885
1,0.216023
1,0.702245
1,0.198945
1,0.709601
1,0.684898
1,0.528896
1,0.460953
1,0.322243
1,0.325832
1,0.50573
1,0.817671
1,0.345944
1,0.290633
1,0.363202
1,0.667277
1,0.709137
1,0.417272
1,0.729712
1,0.334286
1,0.847046
1,0.586094
1,0.416611
1,0.503964
1,0.438549
1,0.602251
1,0.652397
1,0.454568
1,0.629066
1,0.269345
1,0.472939
1,0.533068
1,0.90375
1,0.254257
1,0.695759
1,0.273495
1,0.400076
1,0.360056
1,0.492888
1,0.372273
1,0.651916
1,0.211363
1,0.380964
1,0.781225
1,0.568794
1,0.688758
1,0.462712
1,0.530772
1,0.379706
1,0.668273
1,0.249927
1,0.487134
1,0.693998
1,0.578023
1,0.572375
1,0.849038
1,0.570668
1,0.439255
1,0.748412
1,0.785454
1,0.34295
1,0.303831
1,0.207686
1,0.699561
1,0.377641
1,0.333957
1,0.389808
1,0.871921
1,0.491757
1,0.377778
1,0.263698
1,0.575511
1,0.281307
1,0.432819
1,0.841252
1,0.701135
1,0.370887
1,0.538652
1,0.38803
1,0.644332
1,0.471274
1,0.83213
1,0.11444
1,0.830976
1,0.523564
1,0.375088
1,0.359422
1,0.558556
1,0.659914
1,0.677084
1,0.723248
1,0.389127
1,0.501853
1,0.393057
1,0.54678
1,0.612043
1,0.415692
1,0.3795
1,0.497964
1,0.508619
1,0.822247
1,0.669668
1,0.322577
1,0.323406
1,0.3333
1,0.371464
1,0.471813
1,0.603873
1,0.826411
1,0.349181
1,0.655043
1,0.224018
1,0.442382
1,0.755725
1,0.706419
1,0.524612
1,0.54133
1,0.68255
1,0.276187
1,0.32493
1,0.660085
1,0.583245
1,0.749819
1,0.660708
1,0.392549
1,0.297078
1,0.21817
1,0.370415
1,0.692115
1,0.465387
1,0.82891
1,0.698516
1,0.588774
1,0.666503
1,0.793255
1,0.735939
1,0.336845
1,0.627843
1,0.612404
1,0.677053
1,0.703009
1,0.261581
1,0.210485
1,0.252287
1,0.332079
1,0.61624
1,0.568094
1,0.430827
1,0.779123
1,0.188326
1,0.618283
1,0.761101
1,0.479573
1,0.641188
1,0.554143
1,0.640112
1,0.670108
1,0.449445
1,0.245675
1,0.510767
1,0.709939
1,0.724722
1,0.21359
1,0.600274
1,0.476968
1,0.531965
1,0.372552
1,0.705733
1,0.503913
1,0.333338
1,0.55241
1,0.654201
1,0.587737
1,0.247462
1,0.435669
1,0.445195
1,0.493298
1,0.747256
1,0.245043
1,0.532844
1,0.440947
1,0.344097
1,0.364311
1,0.542253
1,0.513635
1,0.188167
1,0.391179
1,0.588066
1,0.434282
1,0.472642
1,0.675183
1,0.4745
1,0.704254
1,0.594037
1,0.136243
1,0.603409
1,0.732779
1,0.617545
1,0.564894
1,0.492751
1,0.806973
1,0.607598
1,0.352463
1,0.754803
1,0.601217
1,0.639202
1,0.401659
1,0.443811
1,0.119262
1,0.698361
1,0.863643
1,0.50508
1,0.78492
1,0.665351
1,0.537685
1,0.631882
1,0.639173
1,0.328863
1,0.687056
1,0.386549
1,0.501943
1,0.490323
1,0.26078
1,0.179155
1,0.751541
1,0.75675
1,0.326094
1,0.648491
1,0.610034
1,0.50479
1,0.968884
1,0.772079
1,0.502915
1,0.548266
1,0.277456
1,0.469521
1,0.556199
1,0.782861
1,0.151656
1,0.520661
1,0.321294
1,0.765662
1,0.463251
1,0.70963
1,0.376591
1,0.709485
1,0.229741
1,0.663769
1,0.352288
1,0.488602
1,0.122918
1,0.497943
1,0.139104
1,0.310733
1,0.384695
1,0.425303
1,0.218086
1,0.79088
1,0.333219
1,0.649393
1,0.32224
1,0.831625
1,0.661233
1,0.570742
1,0.472809
1,0.575751
1,0.377168
1,0.319629
1,0.738701
1,0.648309
1,0.640206
1,0.848633
1,0.239282
1,0.498401
1,0.52744
1,0.365203
1,0.485949
1,0.512515
1,0.689232
1,0.402215
1,0.453277
1,0.493665
1,0.781046
1,0.603285
1,0.792942
1,0.761539
1,0.540906
1,0.242471
1,0.595434
1,0.699237
1,0.822118
1,0.683809
1,0.929085
1,0.649357
1,0.619119
1,0.798157
1,0.473315
1,0.378998
1,0.392049
1,0.518225
1,0.453512
1,0.2551
1,0.230005
1,0.580533
1,0.172018
1,0.323099
1,0.426072
1,0.316451
1,0.467408
1,0.6539
1,0.671261
1,0.344913
1,0.305204
1,0.264471
1,0.705798
1,0.645815
1,0.587257
1,0.589778
1,0.468868
1,0.365358
1,0.36434
1,0.171585
1,0.688489
1,0.524174
1,0.697987
1,0.30668
1,0.769886
1,0.641336
1,0.541231
1,0.594235
1,0.552469
1,0.359146
1,0.510611
1,0.781479
1,0.226854
1,0.239726
1,0.524776
1,0.459263
1,0.380772
1,0.602253
1,0.561965
1,0.307168
1,0.607005
1,0.410568
1,0.666467
1,0.499581
1,0.363632
1,0.850766
1,0.397322
1,0.341648
1,0.25739
1,0.590312
1,0.669385
1,0.72171
1,0.714196
1,0.186754
1,0.441144
1,0.578666
1,0.49199
1,0.444646
1,0.618036
1,0.664539
1,0.111826
1,0.471028
1,0.403605
1,0.524637
1,0.519856
1,0.321532
1,0.666001
1,0.498205
1,0.488044
1,0.332782
1,0.809064
1,0.503857
1,0.839218
1,0.529345
1,0.830148
1,0.226812
1,0.420238
1,0.492812
1,0.499442
1,0.685174
1,0.510003
1,0.569719
1,0.692726
1,0.200996
1,0.713035
1,0.556359
1,0.520383
1,0.348178
1,0.637314
1,0.522854
1,0.473117
1,0.509486
1,0.670525
1,0.615738
1,0.356649
1,0.190852
1,0.663833
1,0.356271
1,0.326869
1,0.542168
1,0.860535
1,0.218131
1,0.585623
1,0.423472
1,0.183138
1,0.404076
1,0.562164
1,0.382741
1,0.336594
1,0.488611
1,0.590763
1,0.323874
1,0.590136
1,0.792523
1,0.329528
1,0.698742
1,0.371057
1,0.283168
1,0.26866
1,0.59457
1,0.425454
1,0.196203
1,0.475359
1,0.216226
1,0.512835
1,0.528938
1,0.422203
1,0.304846
1,0.830259
1,0.463421
1,0.49092
1,0.325008
1,0.604824
1,0.493779
1,0.460144
1,0.417656
1,0.691024
1,0.472911
1,0.694374
1,0.643157
1,0.883506
1,0.314585
1,0.376069
1,0.79763
1,0.193642
1,0.605869
1,0.439815
1,0.349635
1,0.562295
1,0.524392
1,0.425837
1,0.480754
1,0.314012
1,0.376125
1,0.376436
1,0.318178
1,0.673563
1,0.324735
1,0.493195
1,0.875202
1,0.859351
1,0.589264
1,0.818296
1,0.831749
1,0.914496
1,0.365895
1,0.586109
1,0.41725
1,0.576126
1,0.25479
1,0.616397
1,0.232386
1,0.610364
1,0.88038
1,0.450484
1,0.845991
1,0.639297
1,0.654086
1,0.191579
1,0.48381
1,0.523001
1,0.708391
1,0.426159
1,0.65506
1,0.617
1,0.529051
1,0.78088
1,0.481157
1,0.416913
1,0.368598
1,0.478159
1,0.485181
1,0.414716
1,0.449318
1,0.517266
1,0.576167
1,0.481802
1,0.267165
1,0.712206
1,0.742623
1,0.645759
1,0.412853
1,0.784115
1,0.569412
1,0.408095
1,0.262418
1,0.851699
1,0.396378
1,0.415915
1,0.372927
1,0.386766
1,0.384397
1,0.365589
1,0.54603
1,0.390553
1,0.470958
1,0.724821
1,0.351396
1,0.636433
1,0.48354
1,0.579773
1,0.646668
1,0.854944
1,0.489012
1,0.560723
1,0.492477
1,0.444369
1,0.314059
1,0.663094
1,0.363013
1,0.507495
1,0.324799
1,0.742833
1,0.559201
1,0.647203
1,0.679707
1,0.300957
1,0.424969
1,0.85651
1,0.612829
1,0.370679
1,0.550558
1,0.590466
1,0.565583
1,0.68563
1,0.713126
1,0.439255
1,0.608801
1,0.61852
1,0.615602
1,0.539723
1,0.516763
1,0.322918
1,0.501567
1,0.646104
1,0.279601
1,0.671969
1,0.724856
1,0.527659
1,0.565114
1,0.315985
1,0.473654
1,0.361594
1,0.73809
1,0.208353
1,0.734327
1,0.442862
1,0.496302
1,0.360497
1,0.623185
1,0.540471
1,0.703508
1,0.464554
1,0.739333
1,0.663266
1,0.359701
1,0.516924
1,0.506086
1,0.415862
1,0.697411
1,0.47969
1,0.56742
1,0.223488
1,0.384046
1,0.419936
1,0.478244
1,0.497196
1,0.525287
1,0.250601
1,0.383738
1,0.413042
1,0.20668
1,0.190694
1,0.553453
1,0.473624
1,0.587715
1,0.304018
1,0.5937
1,0.374529
1,0.412685
1,0.532577
1,0.464628
1,0.590469
1,0.529942
1,0.676211
1,0.48115
1,0.525168
1,0.786551
1,0.300322
1,0.246025
1,0.522416
1,0.534794
1,0.666603
1,0.537054
1,0.362369
1,0.450417
1,0.881918
1,0.33184
1,0.396256
1,0.711159
1,0.649082
1,0.779969
1,0.503743
1,0.457971
1,0.745419
1,0.865329
1,0.561722
1,0.844125
1,0.356737
1,0.756833
1,0.580055
1,0.42687
1,0.641987
1,0.447483
1,0.23419
1,0.768001
1,0.588517
1,0.55938
1,0.302079
1,0.701138
1,0.577734
1,0.724739
1,0.892866
1,0.625076
1,0.372971
1,0.533244
1,0.406622
1,0.499611
1,0.198186
1,0.388654
1,0.517627
1,0.500553
1,0.622602
1,0.723722
1,0.38634
1,0.440629
1,0.597325
1,0.708006
1,0.435116
1,0.196495
1,0.415986
1,0.589439
1,0.539562
1,0.471439
1,0.548841
1,0.171134
1,0.202739
1,0.740421
1,0.259025
1,0.32386
1,0.277782
1,0.500903
1,0.363288
1,0.840766
1,0.373481
1,0.62374
1,0.299713
1,0.804889
1,0.510602
1,0.584285
1,0.756764
1,0.345193
1,0.6843
1,0.117672
1,0.391942
1,0.214285
1,0.380341
1,0.586065
1,0.728584
1,0.638294
1,0.757688
1,0.610261
1,0.189733
1,0.744848
1,0.329607
1,0.396966
1,0.507423
1,0.535272
1,0.746763
1,0.430815
1,0.474796
1,0.560418
1,0.71442
1,0.690094
1,0.674833
1,0.61241
1,0.468541
1,0.643603
1,0.743762
1,0.626184
1,0.447013
1,0.452371
1,0.207986
1,0.588283
1,0.941675
1,0.345168
1,0.420243
1,0.344144
1,0.398091
1,0.409858
1,0.590043
1,0.499647
1,0.466084
1,0.720585
1,0.530326
1,0.546129
1,0.692128
1,0.435587
1,0.768155
1,0.134961
1,0.792414
1,0.579935
1,0.198786
1,0.420969
1,0.466034
1,0.477176
1,0.59127
1,0.388498
1,0.198591
1,0.484973
1,0.369589
1,0.681892
1,0.475925
1,0.708322
1,0.360844
1,0.602525
1,0.624593
1,0.892664
1,0.518223
1,0.435786
1,0.628939
1,0.389889
1,0.332678
1,0.606533
1,0.518442
1,0.585619
1,0.489121
1,0.256068
1,0.147885
1,0.76751
1,0.404471
1,0.560932
1,0.465516
1,0.426733
1,0.614978
1,0.33054
1,0.4677
1,0.751015
1,0.592298
1,0.406053
1,0.397711
1,0.181655
1,0.435432
1,0.580377
1,0.461803
1,0.468649
1,0.464107
1,0.290106
1,0.748271
1,0.699928
1,0.635381
1,0.568802
1,0.28806
1,0.395201
1,0.629984
1,0.476515
1,0.736645
1,0.756724
1,0.403245
1,0.203318
1,0.691104
1,0.401965
1,0.449088
1,0.364702
1,0.591514
1,0.477551
1,0.352974
1,0.569047
1,0.607566
1,0.497677
1,0.52453
1,0.658201
1,0.609212
1,0.268262
1,0.88006
1,0.520664
1,0.321717
1,0.459655
1,0.731276
1,0.392412
1,0.661855
1,0.374087
1,0.328033
1,0.391579
1,0.663074
1,0.343106
1,0.245715
1,0.278522
1,0.518508
1,0.476365
1,0.45474
1,0.431135
1,0.772133
1,0.45605
1,0.337364
1,0.360831
1,0.63664
1,0.612882
1,0.560436
1,0.507885
1,0.717003
1,0.591255
1,0.354827
1,0.377058
1,0.750271
1,0.576433
1,0.622536
1,0.244479
1,0.280034
1,0.317499
1,0.690068
1,0.381313
1,0.421901
1,0.713299
1,0.435195
1,0.604973
1,0.775049
1,0.500971
1,0.623055
1,0.333705
1,0.820716
1,0.158727
1,0.356127
1,0.273479
1,0.686643
1,0.466364
1,0.294111
1,0.184762
1,0.494504
1,0.354128
1,0.343592
1,0.643219
1,0.44247
1,0.681644
1,0.396495
1,0.462479
1,0.652051
1,0.734653
1,0.350271
1,0.701424
1,0.493687
1,0.526385
1,0.267324
1,0.560303
1,0.160263
1,0.708358
1,0.657075
1,0.85492
1,0.404961
1,0.296311
1,0.5386
1,0.478894
1,0.706608
1,0.609786
1,0.606071
1,0.277459
1,0.799122
1,0.322849
1,0.483918
1,0.425612
1,0.561285
1,0.570412
1,0.221176
1,0.751791
1,0.633125
1,0.383099
1,0.746395
1,0.697351
1,0.499939
1,0.656083
1,0.635253
1,0.227189
1,0.499928
1,0.295652
1,0.780398
1,0.587979
1,0.505986
1,0.381241
1,0.476267
1,0.848945
1,0.420137
1,0.563155
1,0.590733
1,0.510354
1,0.208611
1,0.723213
1,0.73834
1,0.528813
1,0.195711
1,0.39733
1,0.333809
1,0.473487
1,0.840256
1,0.62848
1,0.493088
1,0.62288
1,0.305385
1,0.371949
1,0.687153
1,0.494496
1,0.332631
1,0.490333
1,0.563968
1,0.726381
1,0.53127
1,0.679629
1,0.348525
1,0.379149
1,0.639462
1,0.545994
1,0.467652
1,0.503377
1,0.567935
1,0.401396
1,0.305162
1,0.492076
1,0.17404
1,0.716291
1,0.703379
1,0.570742
1,0.192228
1,0.543523
1,0.50904
1,0.767643
1,0.647574
1,0.535647
1,0.385697
1,0.524457
1,0.825336
1,0.446918
1,0.277079
1,0.442222
1,0.698197
1,0.754301
1,0.267212
1,0.622029
1,0.477522
1,0.377311
1,0.661773
1,0.576261
1,0.423221
1,0.335305
1,0.467659
1,0.407953
1,0.347738
1,0.749444
1,0.494584
1,0.520715
1,0.646381
1,0.253332
1,0.637159
1,0.517466
1,0.661552
1,0.5243
1,0.311469
1,0.356304
1,0.511248
1,0.383094
1,0.467247
1,0.791066
1,0.770278
1,0.538108
1,0.251042
1,0.251747
1,0.640126
1,0.304165
1,0.584478
1,0.661008
1,0.287406
1,0.660325
1,0.561094
1,0.475531
1,0.401962
1,0.572766
1,0.54061
1,0.728171
1,0.648154
1,0.16559
1,0.545155
1,0.719744
1,0.691155
1,0.327424
1,0.505938
1,0.393142
1,0.54938
1,0.492479
1,0.636063
1,0.573229
1,0.573377
1,0.412971
1,0.288668
1,0.317641
1,0.390219
1,0.509091
1,0.498308
1,0.278839
1,0.420868
1,0.768324
1,0.436119
1,0.610465
1,0.483325
1,0.523082
1,0.479355
1,0.53632
1,0.634987
1,0.650262
1,0.3006
1,0.718237
1,0.144456
1,0.70218
1,0.654747
1,0.84758
1,0.333682
1,0.63154
1,0.322999
1,0.383864
1,0.700444
1,0.2997
1,0.626784
1,0.42373
1,0.651141
1,0.724942
1,0.862297
1,0.451604
1,0.601825
1,0.253526
1,0.52382
1,0.689803
1,0.506646
1,0.674579
1,0.400556
1,0.739261
1,0.397324
1,0.399642
1,0.743025
1,0.46002
1,0.449828
1,0.821759
1,0.556202
1,0.547542
1,0.819331
1,0.285766
1,0.291282
1,0.630296
1,0.402094
1,0.513011
1,0.828263
1,0.77035
1,0.790806
1,0.436948
1,0.31691
1,0.180729
1,0.371154
1,0.579438
1,0.505963
1,0.35881
1,0.408094
1,0.507634
1,0.692668
1,0.305384
1,0.63245
1,0.31084
1,0.324722
1,0.306867
1,0.298788
1,0.402302
1,0.246902
1,0.384082
1,0.827806
1,0.606967
1,0.484606
1,0.428852
1,0.529695
1,0.250382
1,0.422075
1,0.607455
1,0.253295
1,0.643512
1,0.489891
1,0.648023
1,0.37787
1,0.730379
1,0.354975
1,0.879478
1,0.585527
1,0.335004
1,0.348317
1,0.322294
1,0.738025
1,0.434917
1,0.380972
1,0.610736
1,0.567407
1,0.687225
1,0.360828
1,0.337768
1,0.690778
1,0.409896
1,0.555799
1,0.47669
1,0.666623
1,0.496494
1,0.388722
1,0.576143
1,0.609651
1,0.410704
1,0.327701
1,0.387514
1,0.410652
1,0.483938
1,0.47732
1,0.367824
1,0.29235
1,0.532474
1,0.375621
1,0.163441
1,0.637994
1,0.330283
1,0.778169
1,0.622258
1,0.625095
1,0.29827
1,0.107796
1,0.718062
1,0.788627
1,0.213241
1,0.409365
1,0.35514
1,0.649815
1,0.226435
1,0.514832
1,0.354652
1,0.521789
1,0.256416
1,0.568827
1,0.708786
1,0.65787
1,0.523503
1,0.366522
1,0.689482
1,0.20835
1,0.63504
1,0.540074
1,0.796012
1,0.515304
1,0.794424
1,0.457855
1,0.751936
1,0.747509
1,0.25739
1,0.600858
1,0.296012
1,0.711478
1,0.471777
1,0.195313
1,0.322388
1,0.285416
1,0.540015
1,0.482423
1,0.27005
1,0.762316
1,0.614996
1,0.477
1,0.669448
1,0.446093
1,0.49011
1,0.732123
1,0.426264
1,0.408773
1,0.352639
1,0.339198
1,0.59478
1,0.697473
1,0.587959
1,0.60754
1,0.531348
1,0.399844
1,0.882893
1,0.537485
1,0.524767
1,0.698534
1,0.501521
1,0.665369
1,0.457978
1,0.328903
1,0.324805
1,0.522326
1,0.77474
1,0.550421
1,0.604997
1,0.602106
1,0.468091
1,0.282161
1,0.536087
1,0.682473
1,0.35178
1,0.529611
1,0.434061
1,0.622416
1,0.478192
1,0.557242
1,0.736916
1,0.653626
1,0.536026
1,0.69153
1,0.649725
1,0.29346
1,0.815972
1,0.48542
1,0.203201
1,0.748598
1,0.454735
1,0.221085
1,0.55052
1,0.599874
1,0.088771
1,0.495375
1,0.592278
1,0.74787
1,0.732901
1,0.667017
1,0.408287
1,0.430869
1,0.549094
1,0.364912
1,0.841525
1,0.319871
1,0.204811
1,0.57355
1,0.321738
1,0.324351
1,0.844668
1,0.674446
1,0.623298
1,0.359692
1,0.200911
1,0.773331
1,0.355569
1,0.589891
1,0.688477
1,0.573222
1,0.682782
1,0.575567
1,0.410753
1,0.66295
1,0.201724
1,0.519845
1,0.782246
1,0.491595
1,0.362415
1,0.460615
1,0.395341
1,0.510959
1,0.430809
1,0.547425
1,0.7244
1,0.422517
1,0.497085
1,0.824528
1,0.402962
1,0.578756
1,0.79179
1,0.520816
1,0.361133
1,0.243582
1,0.665452
1,0.516008
1,0.773975
1,0.275295
1,0.680562
1,0.389726
1,0.587452
1,0.56041
1,0.335746
1,0.443758
1,0.62533
1,0.546012
1,0.877057
1,0.489846
1,0.348303
1,0.336126
1,0.796235
1,0.18199
1,0.652851
1,0.362355
1,0.489465
1,0.362639
1,0.451056
1,0.495008
1,0.544985
1,0.661996
1,0.336608
1,0.789144
1,0.386615
1,0.485484
1,0.616581
1,0.416896
1,0.799251
1,0.582317
1,0.48201
1,0.303556
1,0.230414
1,0.313276
1,0.404225
1,0.362522
1,0.72453
1,0.348816
1,0.590867
1,0.571403
1,0.307869
1,0.414762
1,0.613267
1,0.243479
1,0.284406
1,0.258271
1,0.460317
1,0.525946
1,0.659094
1,0.459107
1,0.268813
1,0.354301
1,0.650222
1,0.416854
1,0.493401
1,0.291694
1,0.69204
1,0.345477
1,0.455636
1,0.343055
1,0.650727
1,0.620734
1,0.237409
1,0.195904
1,0.538096
1,0.793652
1,0.462762
1,0.286568
1,0.311875
1,0.275973
1,0.611747
1,0.350611
1,0.429493
1,0.494978
1,0.374399
1,0.714442
1,0.356097
1,0.386516
1,0.125906
1,0.475233
1,0.456994
1,0.430546
1,0.461191
1,0.41273
1,0.260647
1,0.445464
1,0.773841
1,0.402866
1,0.651237
1,0.628381
1,0.401798
1,0.516639
1,0.271853
1,0.362368
1,0.396176
1,0.631255
1,0.546776
1,0.475603
1,0.506878
1,0.832926
1,0.695695
1,0.457085
1,0.70672
1,0.719681
1,0.456483
1,0.245196
1,0.439133
1,0.621453
1,0.503412
1,0.343723
1,0.341643
1,0.685626
1,0.503475
1,0.35924
1,0.529785
1,0.496062
1,0.406474
1,0.778714
1,0.655047
1,0.488402
1,0.687022
1,0.510476
1,0.375483
1,0.377288
1,0.267339
1,0.534102
1,0.390561
1,0.270603
1,0.452532
1,0.433084
1,0.902214
1,0.367134
1,0.502647
1,0.54597
1,0.390595
1,0.377196
1,0.619355
1,0.447031
1,0.550834
1,0.31469
1,0.571847
1,0.527362
1,0.162612
1,0.177999
1,0.749411
1,0.156268
1,0.352471
1,0.521534
1,0.57776
1,0.450126
1,0.349168
1,0.545027
1,0.428532
1,0.541688
1,0.488691
1,0.477143
1,0.594567
1,0.524362
1,0.700009
1,0.675087
1,0.439
1,0.465206
1,0.599829
1,0.206675
1,0.23719
1,0.39507
1,0.417818
1,0.417391
1,0.789166
1,0.725109
1,0.206116
1,0.288673
1,0.428852
1,0.412193
1,0.550579
1,0.2258
1,0.303123
1,0.444234
1,0.640339
1,0.392465
1,0.712333
1,0.47782
1,0.714388
1,0.679035
1,0.532973
1,0.454993
1,0.462811
1,0.69843
1,0.536727
1,0.735191
1,0.73564
1,0.561856
1,0.298027
1,0.592813
1,0.596002
1,0.239243
1,0.473514
1,0.345487
1,0.654722
1,0.554592
1,0.297741
1,0.382816
1,0.834879
1,0.870337
1,0.670767
1,0.577482
1,0.575688
1,0.137214
1,0.656856
1,0.555094
1,0.597913
1,0.475514
1,0.16675
1,0.148909
1,0.12773
1,0.708477
1,0.72998
1,0.147936
1,0.468362
1,0.748529
1,0.548677
1,0.660862
1,0.682947
1,0.490665
1,0.514974
1,0.704497
1,0.684401
1,0.284192
1,0.799549
1,0.3175
1,0.449985
1,0.502495
1,0.333935
1,0.472724
1,0.426284
1,0.51142
1,0.41941
1,0.816927
1,0.561008
1,0.468896
1,0.457222
1,0.680435
1,0.498117
1,0.622956
1,0.679676
1,0.426567
1,0.560103
1,0.118764
1,0.658348
1,0.402955
1,0.381586
1,0.604494
1,0.514428
1,0.419743
1,0.682308
1,0.324854
1,0.719518
1,0.302796
1,0.460188
1,0.27801
1,0.646483
1,0.200713
1,0.728299
1,0.38348
1,0.796059
1,0.33297
1,0.678412
1,0.290131
1,0.61875
1,0.448171
1,0.418733
1,0.581386
1,0.311242
1,0.66952
1,0.595047
1,0.548107
1,0.336517
1,0.182041
1,0.290722
1,0.643
1,0.490659
1,0.554369
1,0.729722
1,0.801806
1,0.718783
1,0.294016
1,0.475284
1,0.860859
1,0.152999
1,0.645347
1,0.737687
1,0.478517
1,0.633604
1,0.337051
1,0.638181
1,0.710832
1,0.636799
1,0.377108
1,0.18001
1,0.616025
1,0.577032
1,0.515093
1,0.338241
1,0.44095
1,0.655449
1,0.361567
1,0.617631
1,0.066977
1,0.799793
1,0.623772
1,0.27286
1,0.685689
1,0.479271
1,0.460386
1,0.580858
1,0.75794
1,0.513399
1,0.355023
1,0.554203
1,0.318681
1,0.327968
1,0.453555
1,0.297481
1,0.594856
1,0.377488
1,0.601795
1,0.271524
1,0.332996
1,0.625291
1,0.602165
1,0.577866
1,0.421586
1,0.425844
1,0.675204
1,0.377941
1,0.709024
1,0.21801
1,0.54018
1,0.537062
1,0.209117
1,0.604213
1,0.612076
1,0.47086
1,0.467402
1,0.369099
1,0.367833
1,0.473452
1,0.766079
1,0.798277
1,0.248896
1,0.535157
1,0.780825
1,0.588992
1,0.36012
1,0.484643
1,0.182599
1,0.189273
1,0.138517
1,0.669137
1,0.154119
1,0.612793
1,0.457515
1,0.478552
1,0.799777
1,0.55344
1,0.206776
1,0.582226
1,0.540242
1,0.676404
1,0.30186
1,0.658522
1,0.191926
1,0.31346
1,0.647293
1,0.234878
1,0.686993
1,0.196281
1,0.739111
1,0.560949
1,0.526875
1,0.719843
1,0.666369
1,0.691754
1,0.49528
1,0.454838
1,0.355351
1,0.779626
1,0.619118
1,0.405417
1,0.538424
1,0.319302
1,0.618095
1,0.409756
1,0.622794
1,0.493518
1,0.607089
1,0.108109
1,0.730326
1,0.822271
1,0.30853
1,0.614494
1,0.613094
1,0.707088
1,0.507279
1,0.684494
1,0.485593
1,0.376416
1,0.194976
1,0.612052
1,0.708245
1,0.604181
1,0.463112
1,0.425956
1,0.842376
1,0.223033
1,0.489338
1,0.717106
1,0.482026
1,0.381606
1,0.61764
1,0.368234
1,0.512973
1,0.812401
1,0.443739
1,0.35222
1,0.292295
1,0.701203
1,0.14825
1,0.495909
1,0.603868
1,0.546593
1,0.903847
1,0.593988
1,0.544832
1,0.474817
1,0.323607
1,0.523552
1,0.544792
1,0.428876
1,0.456909
1,0.151067
1,0.661434
1,0.325254
1,0.520742
1,0.209182
1,0.335933
1,0.411015
1,0.32715
1,0.614895
1,0.686051
1,0.714288
1,0.682995
1,0.863629
1,0.467976
1,0.466963
1,0.3194
1,0.472231
1,0.736429
1,0.493555
1,0.657045
1,0.668141
1,0.585525
1,0.255751
1,0.570421
1,0.625156
1,0.144262
1,0.685359
1,0.301837
1,0.571686
1,0.65736
1,0.469462
1,0.389187
1,0.538043
1,0.247516
1,0.454567
1,0.51213
1,0.452824
1,0.629465
1,0.273248
1,0.63337
1,0.425806
1,0.467873
1,0.487554
1,0.554788
1,0.452169
1,0.805109
1,0.600723
1,0.627776
1,0.640202
1,0.101069
1,0.362036
1,0.457481
1,0.419304
1,0.450089
1,0.586008
1,0.820637
1,0.786932
1,0.705233
1,0.620084
1,0.480349
1,0.415132
1,0.551161
1,0.478392
1,0.590093
1,0.496695
1,0.413497
1,0.453668
1,0.531662
1,0.501462
1,0.226443
1,0.661419
1,0.671449
1,0.701388
1,0.439477
1,0.386688
1,0.45917
1,0.389659
1,0.659318
1,0.172766
1,0.235916
1,0.314266
1,0.479561
1,0.131395
1,0.447165
1,0.12236
1,0.329451
1,0.23684
1,0.162629
1,0.507653
1,0.566582
1,0.429704
1,0.448185
1,0.587404
1,0.506188
1,0.299075
1,0.240844
1,0.727467
1,0.319961
1,0.405485
1,0.383021
1,0.477671
1,0.519713
1,0.646186
1,0.203627
1,0.656695
1,0.255962
1,0.145742
1,0.628918
1,0.489858
1,0.547172
1,0.410454
1,0.498384
1,0.519704
1,0.367158
1,0.389158
1,0.682691
1,0.743614
1,0.378469
1,0.844112
1,0.297442
1,0.653606
1,0.181896
1,0.687115
1,0.228796
1,0.739652
1,0.716619
1,0.530788
1,0.319181
1,0.344835
1,0.31511
1,0.623539
1,0.362765
1,0.507723
1,0.607678
1,0.484128
1,0.36318
1,0.395011
1,0.442178
1,0.517684
1,0.621682
1,0.311348
1,0.596729
1,0.652816
1,0.565238
1,0.394641
1,0.708761
1,0.585278
1,0.15514
1,0.811174
1,0.532427
1,0.740387
1,0.525674
1,0.234962
1,0.524353
1,0.247224
1,0.745251
1,0.730759
1,0.608273
1,0.394685
1,0.601055
1,0.486476
1,0.304278
1,0.486361
1,0.571645
1,0.700456
1,0.448038
1,0.647248
1,0.33868
1,0.696036
1,0.625828
1,0.538801
1,0.673234
1,0.825247
1,0.391288
1,0.709074
1,0.651844
1,0.780432
1,0.405145
1,0.435207
1,0.692798
1,0.493345
1,0.473913
1,0.546909
1,0.537904
1,0.481563
1,0.598516
1,0.803519
1,0.598093
1,0.32153
1,0.604559
1,0.437836
1,0.67384
1,0.55549
1,0.421053
1,0.283923
1,0.807687
1,0.647888
1,0.347312
1,0.812267
1,0.457117
1,0.584622
1,0.667487
1,0.478778
1,0.535077
1,0.665605
1,0.837734
1,0.229854
1,0.297831
1,0.774165
1,0.205609
1,0.523051
1,0.561729
1,0.496174
1,0.37525
1,0.408964
1,0.598149
1,0.476052
1,0.542018
1,0.637715
1,0.282022
1,0.308446
1,0.36207
1,0.78507
1,0.417922
1,0.463139
1,0.554611
1,0.59764
1,0.64605
1,0.893686
1,0.337966
1,0.498906
1,0.478787
1,0.594405
1,0.59769
1,0.639637
1,0.763192
1,0.634304
1,0.395383
1,0.336638
1,0.513414
1,0.324049
1,0.544539
1,0.537957
1,0.601074
1,0.304512
1,0.300259
1,0.335415
1,0.82441
1,0.603932
1,0.285835
1,0.428562
1,0.577334
1,0.547348
1,0.896433
1,0.565943
1,0.207888
1,0.733195
1,0.283884
1,0.484802
1,0.439684
1,0.359566
1,0.543995
1,0.480851
1,0.729662
1,0.572632
1,0.514263
1,0.528205
1,0.772823
1,0.496963
1,0.564676
1,0.500394
1,0.798379
1,0.683553
1,0.268587
1,0.407752
1,0.617595
1,0.239156
1,0.588635
1,0.569688
1,0.597075
1,0.424326
1,0.270554
1,0.741463
1,0.231973
1,0.393904
1,0.433481
1,0.868116
1,0.63793
1,0.624101
1,0.611945
1,0.434514
1,0.228239
1,0.44065
1,0.402822
1,0.430392
1,0.467801
1,0.721891
1,0.664108
1,0.572915
1,0.461562
1,0.197281
1,0.357791
1,0.21979
1,0.614949
1,0.521132
1,0.5143
1,0.625046
1,0.590852
1,0.460028
1,0.868133
1,0.451889
1,0.362439
1,0.369878
1,0.753502
1,0.547749
1,0.630008
1,0.576067
1,0.182321
1,0.58712
1,0.449068
1,0.603508
1,0.412042
1,0.486126
1,0.725037
1,0.640773
1,0.433624
1,0.479686
1,0.493425
1,0.405386
1,0.729471
1,0.148289
1,0.5242
1,0.547346
1,0.441629
1,0.298237
1,0.651349
1,0.377462
1,0.716212
1,0.505222
1,0.281999
1,0.28769
1,0.707813
1,0.661535
1,0.350548
1,0.694687
1,0.588912
1,0.291355
1,0.389308
1,0.589373
1,0.159822
1,0.473106
1,0.395208
1,0.430657
1,0.530425
1,0.27024
1,0.729339
1,0.450806
1,0.718889
1,0.46897
1,0.410654
1,0.426774
1,0.722019
1,0.493693
1,0.543931
1,0.261613
1,0.741576
1,0.692783
1,0.522608
1,0.5496
1,0.562756
1,0.577203
1,0.59504
1,0.506244
1,0.564817
1,0.253841
1,0.324101
1,0.685594
1,0.395686
1,0.534129
1,0.44759
1,0.231158
1,0.414747
1,0.433928
1,0.709649
1,0.700106
1,0.278211
1,0.829907
1,0.329419
1,0.547075
1,0.848956
1,0.468528
1,0.722918
1,0.756706
1,0.835522
1,0.467271
1,0.516493
1,0.352122
1,0.195101
1,0.526322
1,0.714068
1,0.238089
1,0.355086
1,0.410873
1,0.362977
1,0.65309
1,0.689098
1,0.219619
1,0.522644
1,0.641244
1,0.368052
1,0.119745
1,0.723112
1,0.371325
1,0.577288
1,0.346674
1,0.505044
1,0.33984
1,0.267096
1,0.419312
1,0.81059
1,0.51836
1,0.485296
1,0.595723
1,0.307015
1,0.513753
1,0.484922
1,0.565916
1,0.67981
1,0.399212
1,0.500897
1,0.344135
1,0.668121
1,0.574999
1,0.671573
1,0.493957
1,0.648205
1,0.704371
1,0.589411
1,0.481194
1,0.338226
1,0.515476
1,0.451575
1,0.506989
1,0.75588
1,0.903132
1,0.363589
1,0.342535
1,0.308018
1,0.516012
1,0.16887
1,0.222496
1,0.772632
1,0.291361
1,0.347604
1,0.207461
1,0.22881
1,0.242245
1,0.451967
1,0.486319
1,0.61656
1,0.436719
1,0.305693
1,0.477613
1,0.599582
1,0.459377
1,0.383926
1,0.189482
1,0.36342
1,0.297796
1,0.446223
1,0.421015
1,0.436822
1,0.652449
1,0.485701
1,0.49552
1,0.513738
1,0.54453
1,0.486596
1,0.532956
1,0.322848
1,0.827746
1,0.26667
1,0.804789
1,0.438217
1,0.278847
1,0.395291
1,0.872755
1,0.478395
1,0.303128
1,0.601511
1,0.405241
1,0.642376
1,0.315993
1,0.674115
1,0.388318
1,0.547084
1,0.282268
1,0.697322
1,0.312595
1,0.414414
1,0.355157
1,0.337332
1,0.699164
1,0.502838
1,0.341965
1,0.558954
1,0.359093
1,0.236995
1,0.424977
1,0.258444
1,0.718449
1,0.666378
1,0.499541
1,0.555628
1,0.320849
1,0.556422
1,0.411765
1,0.428966
1,0.504901
1,0.385697
1,0.641535
1,0.560097
1,0.387896
1,0.606147
1,0.288143
1,0.455184
1,0.393374
1,0.550903
1,0.750091
1,0.685711
1,0.593751
1,0.530197
1,0.22409
1,0.347387
1,0.731938
1,0.644249
1,0.688068
1,0.363521
1,0.332021
1,0.419448
1,0.611716
1,0.491797
1,0.520152
1,0.242871
1,0.629164
1,0.383247
1,0.746225
1,0.530019
1,0.718229
1,0.670683
1,0.333597
1,0.301381
1,0.602611
1,0.81165
1,0.768743
1,0.324489
1,0.071425
1,0.611421
1,0.462874
1,0.179643
1,0.484872
1,0.643491
1,0.417795
1,0.619671
1,0.376259
1,0.429284
1,0.80908
1,0.488603
1,0.680893
1,0.609346
1,0.810624
1,0.838468
1,0.699054
1,0.703853
1,0.462907
1,0.680116
1,0.654304
1,0.391024
1,0.347806
1,0.652905
1,0.5387
1,0.409497
1,0.436332
1,0.289587
1,0.694357
1,0.723585
1,0.454002
1,0.363132
1,0.755008
1,0.608214
1,0.681306
1,0.524833
1,0.399545
1,0.378093
1,0.647603
1,0.77513
1,0.579565
1,0.437331
1,0.505136
1,0.521917
1,0.679001
1,0.415174
1,0.3883
1,0.528836
1,0.595899
1,0.374414
1,0.611114
1,0.510378
1,0.564096
1,0.390104
1,0.590406
1,0.523629
1,0.699823
1,0.726736
1,0.823721
1,0.589965
1,0.25021
1,0.303456
1,0.647255
1,0.57368
1,0.499628
1,0.161927
1,0.529725
1,0.86083
1,0.190741
1,0.626397
1,0.492027
1,0.725818
1,0.527212
1,0.074125
1,0.152289
1,0.526134
1,0.610064
1,0.605567
1,0.459666
1,0.867015
1,0.624562
1,0.26114
1,0.6184
1,0.333409
1,0.589304
1,0.722915
1,0.596081
1,0.519692
1,0.497554
1,0.328817
1,0.502949
1,0.574285
1,0.296017
1,0.4977
1,0.498569
1,0.49292
1,0.326879
1,0.595205
1,0.696294
1,0.766334
1,0.077801
1,0.401856
1,0.636359
1,0.417704
1,0.587577
1,0.343192
1,0.397584
1,0.586543
1,0.835884
1,0.726607
1,0.348935
1,0.480081
1,0.589991
1,0.65339
1,0.341254
1,0.370473
1,0.519458
1,0.510095
1,0.672293
1,0.713874
1,0.264946
1,0.735977
1,0.323796
1,0.407471
1,0.375906
1,0.368295
1,0.252627
1,0.774048
1,0.553502
1,0.655683
1,0.629428
1,0.577656
1,0.792073
1,0.561848
1,0.38701
1,0.646861
1,0.443699
1,0.755323
1,0.549484
1,0.695138
1,0.493049
1,0.290037
1,0.600557
1,0.225767
1,0.793602
1,0.696864
1,0.382793
1,0.669754
1,0.170247
1,0.779911
1,0.255488
1,0.725542
1,0.645505
1,0.552517
1,0.155044
1,0.728601
1,0.228994
1,0.616452
1,0.712346
1,0.610873
1,0.32486
1,0.425291
1,0.72364
1,0.631952
1,0.250677
1,0.869531
1,0.616745
1,0.358058
1,0.756199
1,0.707267
1,0.615799
1,0.626491
1,0.637749
1,0.445277
1,0.467166
1,0.542302
1,0.404965
1,0.735872
1,0.577788
1,0.496381
1,0.611659
1,0.70692
1,0.684607
1,0.388874
1,0.132339
1,0.675254
1,0.570309
1,0.458525
1,0.295897
1,0.440186
1,0.763982
1,0.408938
1,0.303007
1,0.343509
1,0.311551
1,0.464039
1,0.265323
1,0.726051
1,0.326658
1,0.500197
1,0.737505
1,0.392615
1,0.798286
1,0.230177
1,0.252095
1,0.469363
1,0.420239
1,0.521057
1,0.730037
1,0.704135
1,0.199435
1,0.579093
1,0.625578
1,0.524935
1,0.755775
1,0.420864
1,0.505995
1,0.247103
1,0.46261
1,0.410481
1,0.655421
1,0.403346
1,0.666347
1,0.375817
1,0.252743
1,0.577496
1,0.617662
1,0.801985
1,0.593582
1,0.277213
1,0.679359
1,0.202548
1,0.317317
1,0.501992
1,0.275291
1,0.584233
1,0.516408
1,0.617884
1,0.357215
1,0.220083
1,0.497109
1,0.501098
1,0.831751
1,0.556428
1,0.230487
1,0.214594
1,0.220379
1,0.589933
1,0.571739
1,0.39134
1,0.565416
1,0.26218
1,0.395892
1,0.757125
1,0.521203
1,0.593866
1,0.727525
1,0.460219
1,0.35406
1,0.775814
1,0.323069
1,0.633056
1,0.35505
1,0.633156
1,0.597329
1,0.320776
1,0.267519
1,0.382034
1,0.672805
1,0.089542
1,0.689903
1,0.21158
1,0.580852
1,0.711532
1,0.459171
1,0.554418
1,0.820869
1,0.683061
1,0.756279
1,0.560749
1,0.653923
1,0.57767
1,0.605167
1,0.432462
1,0.15903
1,0.43683
1,0.307529
1,0.696779
1,0.595754
1,0.629815
1,0.423367
1,0.521899
1,0.461139
1,0.535172
1,0.3312
1,0.786369
1,0.49462
1,0.526563
1,0.218975
1,0.626249
1,0.516601
1,0.107367
1,0.611652
1,0.441253
1,0.222118
1,0.568525
1,0.300426
1,0.363483
1,0.645979
1,0.582758
1,0.404113
1,0.636909
1,0.295919
1,0.748437
1,0.480712
1,0.19839
1,0.622062
1,0.536392
1,0.495326
1,0.452456
1,0.652241
1,0.565748
1,0.756533
1,0.419545
1,0.409751
1,0.483257
1,0.394787
1,0.807374
1,0.276403
1,0.277164
1,0.508057
1,0.770582
1,0.429088
1,0.783854
1,0.571692
1,0.254942
1,0.830497
1,0.46702
1,0.556253
1,0.656504
1,0.686632
1,0.333809
1,0.449673
1,0.481391
1,0.51824
1,0.40737
1,0.45106
1,0.622312
1,0.430359
1,0.418389
1,0.312718
1,0.315373
1,0.294526
1,0.456875
1,0.195018
1,0.331021
1,0.809648
1,0.43304
1,0.624104
1,0.267101
1,0.404465
1,0.303686
1,0.825532
1,0.371748
1,0.518535
1,0.165951
1,0.669495
1,0.785124
1,0.714597
1,0.463472
1,0.686364
1,0.412898
1,0.603578
1,0.603169
1,0.347445
1,0.42297
1,0.310272
1,0.42368
1,0.718658
1,0.512637
1,0.508822
1,0.463681
1,0.569672
1,0.208263
1,0.570968
1,0.435931
1,0.289117
1,0.508947
1,0.572448
1,0.444808
1,0.34154
1,0.526988
1,0.453535
1,0.547226
1,0.85109
1,0.107779
1,0.660269
1,0.533641
1,0.494745
1,0.547437
1,0.348753
1,0.37823
1,0.351612
1,0.460949
1,0.529899
1,0.650326
1,0.780137
1,0.642414
1,0.451787
1,0.568467
1,0.360055
1,0.391514
1,0.182336
1,0.697453
1,0.334912
1,0.739539
1,0.458684
1,0.513906
1,0.648864
1,0.423465
1,0.352545
1,0.687694
1,0.251941
1,0.248649
1,0.261244
1,0.348981
1,0.55419
1,0.419665
1,0.595821
1,0.674031
1,0.767492
1,0.677541
1,0.530235
1,0.657741
1,0.431071
1,0.379797
1,0.572814
1,0.743324
1,0.68473
1,0.338027
1,0.598546
1,0.84407
1,0.414865
1,0.316771
1,0.214678
1,0.47918
1,0.385991
1,0.80018
1,0.649219
1,0.421208
1,0.044121
1,0.642678
1,0.658656
1,0.62626
1,0.667921
1,0.299176
1,0.089873
1,0.220374
1,0.470565
1,0.387805
1,0.560639
1,0.41691
1,0.677871
1,0.298225
1,0.699531
1,0.386499
1,0.416233
1,0.415714
1,0.186124
1,0.692302
1,0.41478
1,0.330409
1,0.709584
1,0.731709
1,0.468864
1,0.794118
1,0.460864
1,0.471481
1,0.715703
1,0.303107
1,0.874512
1,0.822302
1,0.644685
1,0.729503
1,0.444884
1,0.17324
1,0.301933
1,0.564694
1,0.488666
1,0.363227
1,0.499907
1,0.101693
1,0.741073
1,0.449252
1,0.178599
1,0.456514
1,0.332593
1,0.455045
1,0.583604
1,0.665293
1,0.486053
1,0.582179
1,0.247934
1,0.383547
1,0.572816
1,0.393816
1,0.370177
1,0.915698
1,0.675484
1,0.579955
1,0.605356
1,0.724662
1,0.468557
1,0.598651
1,0.402765
1,0.720217
1,0.850849
1,0.400664
1,0.553814
1,0.340128
1,0.571033
1,0.774018
1,0.685985
1,0.628919
1,0.491973
1,0.662797
1,0.728591
1,0.572655
1,0.643277
1,0.643735
1,0.466667
1,0.408456
1,0.594044
1,0.419215
1,0.606007
1,0.472086
1,0.197779
1,0.628102
1,0.501453
1,0.60416
1,0.849683
1,0.703678
1,0.496808
1,0.583034
1,0.631531
1,0.644642
1,0.828718
1,0.601769
1,0.682734
1,0.47956
1,0.551705
1,0.417942
1,0.760426
1,0.382545
1,0.564133
1,0.178586
1,0.453906
1,0.300374
1,0.782423
1,0.600777
1,0.376985
1,0.529711
1,0.355283
1,0.201998
1,0.54557
1,0.365002
1,0.668101
1,0.660627
1,0.286867
1,0.567146
1,0.559292
1,0.587953
1,0.535314
1,0.693934
1,0.279562
1,0.305064
1,0.49423
1,0.086244
1,0.356483
1,0.45294
1,0.444709
1,0.245323
1,0.566312
1,0.799531
1,0.448087
1,0.331831
1,0.129642
1,0.561022
1,0.782569
1,0.502775
1,0.408128
1,0.705844
1,0.356447
1,0.321067
1,0.774681
1,0.744681
1,0.707606
1,0.322161
1,0.465674
1,0.652165
1,0.397616
1,0.359171
1,0.552192
1,0.728046
1,0.602152
1,0.348867
1,0.337478
1,0.38996
1,0.806042
1,0.299355
1,0.289996
1,0.584329
1,0.367481
1,0.437824
1,0.878682
1,0.295209
1,0.414659
1,0.594649
1,0.345786
1,0.410039
1,0.464114
1,0.485647
1,0.479709
1,0.2879
1,0.48118
1,0.411719
1,0.23963
1,0.270948
1,0.502729
1,0.282856
1,0.577402
1,0.456946
1,0.683014
1,0.488958
1,0.666242
1,0.574275
1,0.543981
1,0.551775
1,0.661951
1,0.435883
1,0.379157
1,0.408581
1,0.594576
1,0.622177
1,0.38479
1,0.551768
1,0.367276
1,0.905239
1,0.744119
1,0.462041
1,0.453193
1,0.139388
1,0.515096
1,0.513585
1,0.666148
1,0.598255
1,0.682641
1,0.505779
1,0.166378
1,0.62933
1,0.700592
1,0.514626
1,0.836241
1,0.354321
1,0.915263
1,0.298013
1,0.302864
1,0.561125
1,0.723845
1,0.614143
1,0.519891
1,0.441353
1,0.476726
1,0.605926
1,0.537055
1,0.289618
1,0.690453
1,0.454637
1,0.580463
1,0.358111
1,0.218456
1,0.481748
1,0.475596
1,0.411565
1,0.827793
1,0.314685
1,0.302383
1,0.538263
1,0.477543
1,0.508334
1,0.796852
1,0.251354
1,0.669997
1,0.523843
1,0.809394
1,0.340322
1,0.437247
1,0.620526
1,0.813879
1,0.70677
1,0.546841
1,0.428109
1,0.433686
1,0.604915
1,0.195794
1,0.58912
1,0.581095
1,0.318936
1,0.256366
1,0.738584
1,0.264136
1,0.372183
1,0.643375
1,0.619567
1,0.319526
1,0.388417
1,0.662668
1,0.211416
1,0.756519
1,0.391311
1,0.642084
1,0.450786
1,0.596439
1,0.694844
1,0.868801
1,0.402654
1,0.596501
1,0.379308
1,0.679091
1,0.894552
1,0.460103
1,0.894085
1,0.513079
1,0.448688
1,0.064492
1,0.192171
1,0.766109
1,0.671205
1,0.234934
1,0.521563
1,0.645499
1,0.323171
1,0.394511
1,0.168133
1,0.505811
1,0.408646
1,0.369096
1,0.192911
1,0.616614
1,0.351721
1,0.362548
1,0.825405
1,0.54742
1,0.395668
1,0.343068
1,0.611439
1,0.450265
1,0.888885
1,0.191347
1,0.726557
1,0.392743
1,0.403804
1,0.386968
1,0.65264
1,0.277878
1,0.788097
1,0.571243
1,0.440576
1,0.686767
1,0.279205
1,0.637021
1,0.695724
1,0.187168
1,0.336015
1,0.527394
1,0.531196
1,0.604758
1,0.354249
1,0.693337
1,0.603154
1,0.481447
1,0.303382
1,0.205914
1,0.551377
1,0.4597
1,0.200822
1,0.579387
1,0.6932
1,0.649511
1,0.615301
1,0.324925
1,0.365077
1,0.550702
1,0.691692
1,0.378097
1,0.442758
1,0.389892
1,0.705639
1,0.494128
1,0.571304
1,0.492366
1,0.405636
1,0.298684
1,0.464045
1,0.408218
1,0.534564
1,0.396031
1,0.57725
1,0.154975
1,0.260924
1,0.092304
1,0.382122
1,0.873682
1,0.394513
1,0.516051
1,0.517723
1,0.670052
1,0.536898
1,0.490552
1,0.426921
1,0.446379
1,0.464216
1,0.668361
1,0.598562
1,0.721539
1,0.470411
1,0.163144
1,0.555462
1,0.517938
1,0.401295
1,0.542702
1,0.485322
1,0.736327
1,0.391436
1,0.30563
1,0.188855
1,0.398847
1,0.278
1,0.343079
1,0.563948
1,0.65367
1,0.457114
1,0.274511
1,0.368345
1,0.704806
1,0.565775
1,0.305155
1,0.730295
1,0.369302
1,0.645336
1,0.481512
1,0.428058
1,0.334392
1,0.555702
1,0.537819
1,0.290365
1,0.567607
1,0.693678
1,0.535335
1,0.221197
1,0.756091
1,0.225969
1,0.526866
1,0.394016
1,0.49855
1,0.51427
1,0.686682
1,0.339161
1,0.576199
1,0.708129
1,0.571013
1,0.324785
1,0.459258
1,0.577729
1,0.68759
1,0.247068
1,0.695113
1,0.380395
1,0.485957
1,0.776894
1,0.765901
1,0.341204
1,0.694829
1,0.459889
1,0.564989
1,0.404498
1,0.700704
1,0.764255
1,0.455618
1,0.370959
1,0.411036
1,0.349714
1,0.507871
1,0.675143
1,0.515457
1,0.767492
1,0.543074
1,0.436443
1,0.451426
1,0.186199
1,0.255536
1,0.412407
1,0.278576
1,0.422934
1,0.576641
1,0.602684
1,0.508115
1,0.156217
1,0.686702
1,0.743366
1,0.466503
1,0.575316
1,0.605196
1,0.389541
1,0.523028
1,0.724876
1,0.374797
1,0.218705
1,0.593137
1,0.375253
1,0.654061
1,0.709933
1,0.287575
1,0.553735
1,0.657939
1,0.45434
1,0.345845
1,0.446866
1,0.289889
1,0.246411
1,0.355141
1,0.522966
1,0.649703
1,0.444961
1,0.599627
1,0.323132
1,0.456329
1,0.493043
1,0.312077
1,0.161211
1,0.223751
1,0.320155
1,0.720253
1,0.476704
1,0.065061
1,0.722002
1,0.399443
1,0.742432
1,0.304385
1,0.579467
1,0.516808
1,0.548478
1,0.371011
1,0.616808
1,0.376612
1,0.297175
1,0.367034
1,0.408953
1,0.607738
1,0.524165
1,0.212592
1,0.382081
1,0.705145
1,0.780651
1,0.1511
1,0.696172
1,0.421767
1,0.514185
1,0.492447
1,0.578181
1,0.48054
1,0.478921
1,0.881344
1,0.260838
1,0.534944
1,0.825044
1,0.235649
1,0.297772
1,0.481945
1,0.418406
1,0.524372
1,0.531416
1,0.616526
1,0.422404
1,0.844187
1,0.643207
1,0.431973
1,0.416563
1,0.497053
1,0.341572
1,0.667103
1,0.374974
1,0.380325
1,0.564103
1,0.636976
1,0.452312
1,0.262442
1,0.401605
1,0.202765
1,0.572164
1,0.585002
1,0.219932
1,0.861818
1,0.423347
1,0.388119
1,0.808002
1,0.578407
1,0.215386
1,0.535049
1,0.241147
1,0.362605
1,0.49256
1,0.184502
1,0.67471
1,0.41754
1,0.440542
1,0.424211
1,0.574119
1,0.575302
1,0.542718
1,0.62103
1,0.572074
1,0.448225
1,0.625831
1,0.5152
1,0.358188
1,0.637989
1,0.546994
1,0.758411
1,0.469267
1,0.561119
1,0.353358
1,0.693666
1,0.741814
1,0.49218
1,0.381394
1,0.771952
1,0.806916
1,0.607791
1,0.394655
1,0.383644
1,0.770513
1,0.527746
1,0.74552
1,0.259917
1,0.613162
1,0.652418
1,0.430098
1,0.338928
1,0.707344
1,0.362184
1,0.60784
1,0.405247
1,0.496091
1,0.404851
1,0.461112
1,0.396239
1,0.277611
1,0.336552
1,0.75839
1,0.298568
1,0.330172
1,0.710227
1,0.685075
1,0.746063
1,0.467925
1,0.529211
1,0.211805
1,0.510862
1,0.85358
1,0.389947
1,0.354398
1,0.648217
1,0.28005
1,0.253675
1,0.869466
1,0.656713
1,0.323009
1,0.372266
1,0.553709
1,0.447297
1,0.470805
1,0.306122
1,0.603989
1,0.49813
1,0.678996
1,0.522434
1,0.454141
1,0.582508
1,0.83436
1,0.771427
1,0.688566
1,0.531007
1,0.475932
1,0.75112
1,0.391099
1,0.871337
1,0.557338
1,0.513521
1,0.559927
1,0.677079
1,0.738181
1,0.787669
1,0.485594
1,0.375337
1,0.610656
1,0.495447
1,0.494738
1,0.348994
1,0.305954
1,0.587396
1,0.366911
1,0.539662
1,0.356035
1,0.62049
1,0.479043
1,0.42437
1,0.569509
1,0.575638
1,0.739317
1,0.66928
1,0.560997
1,0.350991
1,0.686821
1,0.494067
1,0.637073
1,0.595516
1,0.463653
1,0.473184
1,0.297282
1,0.514613
1,0.424028
1,0.437388
1,0.347328
1,0.481106
1,0.06289
1,0.293096
1,0.253044
1,0.212964
1,0.155524
1,0.425606
1,0.392377
1,0.383995
1,0.451423
1,0.15439
1,0.134165
1,0.65412
1,0.387278
1,0.451753
1,0.623104
1,0.623053
1,0.169993
1,0.777531
1,0.598028
1,0.800086
1,0.760704
1,0.837033
1,0.428097
1,0.634353
1,0.370371
1,0.162394
1,0.656402
1,0.494409
1,0.343041
1,0.64258
1,0.507546
1,0.524278
1,0.237434
1,0.417592
1,0.380557
1,0.640458
1,0.621125
1,0.327785
1,0.343114
1,0.674436
1,0.493895
1,0.456771
1,0.431201
1,0.546331
1,0.466196
1,0.671169
1,0.458482
1,0.433844
1,0.53906
1,0.619859
1,0.925886
1,0.486242
1,0.183325
1,0.735066
1,0.268395
1,0.673322
1,0.552402
1,0.459722
1,0.79167
1,0.689206
1,0.490994
1,0.527807
1,0.499642
1,0.884815
1,0.25677
1,0.549651
1,0.828036
1,0.647368
1,0.407757
1,0.442055
1,0.594945
1,0.660198
1,0.402417
1,0.364549
1,0.657751
1,0.310109
1,0.793915
1,0.762648
1,0.581759
1,0.314008
1,0.85312
1,0.722926
1,0.364437
1,0.43982
1,0.42399
1,0.488377
1,0.390848
1,0.420542
1,0.421502
1,0.589327
1,0.163093
1,0.846695
1,0.515154
1,0.536779
1,0.431011
1,0.651959
1,0.784889
1,0.326174
1,0.760723
1,0.210709
1,0.518579
1,0.408456
1,0.480517
1,0.673451
1,0.676364
1,0.588561
1,0.763693
1,0.503933
1,0.63998
1,0.404463
1,0.246687
1,0.839273
1,0.760838
1,0.208418
1,0.491584
1,0.50394
1,0.633007
1,0.723633
1,0.367273
1,0.525952
1,0.540892
1,0.501582
1,0.539414
1,0.442456
1,0.512304
1,0.280207
1,0.67334
1,0.23229
1,0.415966
1,0.655792
1,0.772486
1,0.473274
1,0.959898
1,0.715098
1,0.548121
1,0.471399
1,0.359625
1,0.376171
1,0.63449
1,0.365861
1,0.563833
1,0.779274
1,0.263951
1,0.656609
1,0.338905
1,0.393006
1,0.439214
1,0.595861
1,0.341157
1,0.568828
1,0.586884
1,0.763558
1,0.312325
1,0.545102
1,0.666688
1,0.508956
1,0.858351
1,0.447826
1,0.548921
1,0.236198
1,0.820982
1,0.172435
1,0.878374
1,0.461339
1,0.468966
1,0.451962
1,0.466452
1,0.648642
1,0.42634
1,0.32745
1,0.744934
1,0.607598
1,0.61749
1,0.23631
1,0.191276
1,0.365057
1,0.492517
1,0.541132
1,0.601192
1,0.449765
1,0.166669
1,0.881058
1,0.564462
1,0.737984
1,0.310554
1,0.71842
1,0.836362
1,0.186448
1,0.404983
1,0.533461
1,0.647668
1,0.422606
1,0.748235
1,0.473385
1,0.468236
1,0.356487
1,0.465571
1,0.411721
1,0.239503
1,0.496524
1,0.697957
1,0.608595
1,0.255284
1,0.518535
1,0.205826
1,0.687767
1,0.517818
1,0.608825
1,0.67882
1,0.584275
1,0.258136
1,0.667276
1,0.734879
1,0.471194
1,0.75908
1,0.560609
1,0.375606
1,0.420965
1,0.676032
1,0.521258
1,0.606262
1,0.535674
1,0.4262
1,0.690099
1,0.442815
1,0.420463
1,0.118104
1,0.434348
1,0.209614
1,0.427779
1,0.333204
1,0.781234
1,0.698076
1,0.543574
1,0.33567
1,0.585928
1,0.764893
1,0.754801
1,0.572407
1,0.223877
1,0.618104
1,0.597121
1,0.71796
1,0.421176
1,0.7517
1,0.463337
1,0.264201
1,0.408478
1,0.513111
1,0.334254
1,0.401134
1,0.619716
1,0.720719
1,0.422204
1,0.710469
1,0.645115
1,0.393933
1,0.374499
1,0.655752
1,0.416055
1,0.473518
1,0.438831
1,0.511242
1,0.344345
1,0.718931
1,0.445796
1,0.354941
1,0.518322
1,0.466867
1,0.264329
1,0.503713
1,0.668322
1,0.413005
1,0.503963
1,0.737918
1,0.66098
1,0.345407
1,0.736297
1,0.386329
1,0.489583
1,0.6875
1,0.541271
1,0.115205
1,0.497027
1,0.195707
1,0.472499
1,0.590136
1,0.252754
1,0.325878
1,0.718771
1,0.253091
1,0.536107
1,0.591192
1,0.536832
1,0.621787
1,0.568947
1,0.21564
1,0.577463
1,0.905903
1,0.290199
1,0.729246
1,0.404328
1,0.438891
1,0.675235
1,0.373131
1,0.552279
1,0.868095
1,0.286195
1,0.727656
1,0.765664
1,0.416247
1,0.421772
1,0.420562
1,0.219802
1,0.459773
1,0.253176
1,0.359158
1,0.437094
1,0.543752
1,0.660891
1,0.380664
1,0.33828
1,0.391085
1,0.439794
1,0.546301
1,0.486234
1,0.370923
1,0.445671
1,0.399298
1,0.622375
1,0.275409
1,0.52088
1,0.351251
1,0.39172
1,0.237737
1,0.484624
1,0.258557
1,0.183853
1,0.463616
1,0.504997
1,0.503396
1,0.540819
1,0.607157
1,0.292404
1,0.625836
1,0.168209
1,0.223136
1,0.481109
1,0.530706
1,0.463971
1,0.787347
1,0.425036
1,0.788288
1,0.39512
1,0.426109
1,0.502563
1,0.622034
1,0.650505
1,0.866024
1,0.64088
1,0.710871
1,0.396884
1,0.436242
1,0.813837
1,0.089666
1,0.382412
1,0.817825
1,0.538979
1,0.593439
1,0.538373
1,0.932823
1,0.336953
1,0.712433
1,0.408813
1,0.310287
1,0.434094
1,0.669293
1,0.58806
1,0.449945
1,0.282235
1,0.478656
1,0.433507
1,0.276529
1,0.506063
1,0.574293
1,0.467951
1,0.389959
1,0.131014
1,0.570993
1,0.816305
1,0.731578
1,0.289316
1,0.437789
1,0.548458
1,0.724633
1,0.50318
1,0.668786
1,0.663167
1,0.619054
1,0.131867
1,0.712754
1,0.732395
1,0.530723
1,0.600098
1,0.563172
1,0.319277
1,0.538611
1,0.554743
1,0.46497
1,0.696684
1,0.098467
1,0.515069
1,0.148489
1,0.763837
1,0.57026
1,0.481135
1,0.583162
1,0.791422
1,0.43148
1,0.731187
1,0.380218
1,0.456615
1,0.692208
1,0.523432
1,0.666505
1,0.399632
1,0.134527
1,0.642422
1,0.398792
1,0.675207
1,0.468543
1,0.771227
1,0.249379
1,0.292792
1,0.764507
1,0.575643
1,0.653127
1,0.308839
1,0.429565
1,0.644352
1,0.695758
1,0.580988
1,0.526997
1,0.46002
1,0.441062
1,0.236027
1,0.439808
1,0.520125
1,0.828911
1,0.502184
1,0.434345
1,0.333928
1,0.296926
1,0.627662
1,0.362773
1,0.482056
1,0.628355
1,0.734613
1,0.34791
1,0.309917
1,0.317982
1,0.555575
1,0.164234
1,0.510927
1,0.4991
1,0.880004
1,0.154511
1,0.865224
1,0.357334
1,0.576137
1,0.504209
1,0.462552
1,0.604464
1,0.436641
1,0.736911
1,0.448145
1,0.707409
1,0.332353
1,0.821821
1,0.10736
1,0.547664
1,0.531111
1,0.426588
1,0.362089
1,0.373962
1,0.716712
1,0.33925
1,0.516265
1,0.527825
1,0.407953
1,0.413179
1,0.352385
1,0.319655
1,0.451611
1,0.531603
1,0.565482
1,0.292236
1,0.474441
1,0.583824
1,0.517695
1,0.802947
1,0.492843
1,0.344462
1,0.755693
1,0.632432
1,0.280492
1,0.525298
1,0.288483
1,0.570831
1,0.503246
1,0.561389
1,0.338498
1,0.615335
1,0.581286
1,0.390583
1,0.530146
1,0.507635
1,0.754501
1,0.600433
1,0.449633
1,0.499667
1,0.497773
1,0.580212
1,0.186032
1,0.630019
1,0.566449
1,0.528441
1,0.42793
1,0.277
1,0.487541
1,0.49365
1,0.452928
1,0.521956
1,0.785732
1,0.413249
1,0.465299
1,0.242453
1,0.346362
1,0.675122
1,0.312515
1,0.529698
1,0.376932
1,0.340991
1,0.333921
1,0.650489
1,0.573161
1,0.611119
1,0.372728
1,0.654607
1,0.68331
1,0.23207
1,0.465441
1,0.75932
1,0.452054
1,0.418576
1,0.547478
1,0.616597
1,0.711548
1,0.775711
1,0.298257
1,0.405309
1,0.876203
1,0.746314
1,0.529101
1,0.641528
1,0.412727
1,0.393474
1,0.537248
1,0.657709
1,0.497669
1,0.690438
1,0.332981
1,0.231547
1,0.412267
1,0.402612
1,0.387242
1,0.578224
1,0.277032
1,0.525676
1,0.456051
1,0.155181
1,0.369451
1,0.74338
1,0.580586
1,0.419854
1,0.696427
1,0.575145
1,0.457613
1,0.602998
1,0.570198
1,0.564627
1,0.225225
1,0.66782
1,0.307379
1,0.548336
1,0.23173
1,0.466642
1,0.273097
1,0.684135
1,0.612678
1,0.634272
1,0.684087
1,0.140538
1,0.41406
1,0.213214
1,0.797626
1,0.650295
1,0.60091
1,0.672275
1,0.627907
1,0.530738
1,0.271446
1,0.860085
1,0.787981
1,0.389616
1,0.645447
1,0.396363
1,0.303189
1,0.287816
1,0.465053
1,0.70546
1,0.680146
1,0.325129
1,0.57422
1,0.398041
1,0.542583
1,0.187999
1,0.339051
1,0.470369
1,0.467457
1,0.429938
1,0.62314
1,0.407495
1,0.751892
1,0.681501
1,0.575461
1,0.696854
1,0.339438
1,0.216445
1,0.582223
1,0.429535
1,0.580331
1,0.501591
1,0.255301
1,0.283616
1,0.396278
1,0.586059
1,0.493165
1,0.780942
1,0.460219
1,0.444262
1,0.591117
1,0.674506
1,0.536176
1,0.238366
1,0.45761
1,0.75754
1,0.601541
1,0.345086
1,0.236289
1,0.429496
1,0.414785
1,0.443996
1,0.686609
1,0.502547
1,0.485354
1,0.483684
1,0.652435
1,0.528544
1,0.443258
1,0.500043
1,0.717848
1,0.351746
1,0.406113
1,0.405065
1,0.472154
1,0.11707
1,0.326527
1,0.405938
1,0.650999
1,0.400529
1,0.588092
1,0.510077
1,0.234307
1,0.835961
1,0.442328
1,0.46608
1,0.58818
1,0.696503
1,0.377218
1,0.198569
1,0.677011
1,0.284213
1,0.483263
1,0.379823
1,0.772343
1,0.408949
1,0.344204
1,0.635756
1,0.312113
1,0.502064
1,0.311264
1,0.454988
1,0.436945
1,0.678094
1,0.690224
1,0.559327
1,0.397247
1,0.450138
1,0.341806
1,0.653113
1,0.595105
1,0.807485
1,0.622871
1,0.886665
1,0.188125
1,0.501673
1,0.512182
1,0.640537
1,0.343723
1,0.489013
1,0.414891
1,0.717005
1,0.231227
1,0.615657
1,0.558089
1,0.477636
1,0.466073
1,0.573196
1,0.771586
1,0.324359
1,0.458572
1,0.277771
1,0.557961
1,0.774081
1,0.577216
1,0.155756
1,0.297868
1,0.315817
1,0.382168
1,0.195064
1,0.662215
1,0.568409
1,0.091735
1,0.812288
1,0.283597
1,0.595713
1,0.771064
1,0.696053
1,0.086566
1,0.478576
1,0.417011
1,0.779113
1,0.469111
1,0.444327
1,0.485315
1,0.469002
1,0.725645
1,0.530232
1,0.449308
1,0.760867
1,0.499644
1,0.875799
1,0.474744
1,0.139737
1,0.224613
1,0.324327
1,0.630894
1,0.508874
1,0.278088
1,0.420961
1,0.330371
1,0.280664
1,0.598876
1,0.711072
1,0.325933
1,0.253992
1,0.531926
1,0.589702
1,0.162715
1,0.49944
1,0.518628
1,0.524911
1,0.592855
1,0.558007
1,0.415614
1,0.480193
1,0.716808
1,0.225998
1,0.410925
1,0.552699
1,0.42978
1,0.464801
1,0.517607
1,0.338695
1,0.232448
1,0.417474
1,0.478632
1,0.518723
1,0.569369
1,0.627254
1,0.674818
1,0.672573
1,0.202355
1,0.401824
1,0.472
1,0.530432
1,0.358793
1,0.276259
1,0.712536
1,0.756491
1,0.583903
1,0.632389
1,0.552378
1,0.46522
1,0.502476
1,0.800529
1,0.685813
1,0.283803
1,0.606258
1,0.394355
1,0.669564
1,0.218484
1,0.47555
1,0.735277
1,0.220416
1,0.195452
1,0.302
1,0.610997
1,0.344019
1,0.335341
1,0.661692
1,0.709623
1,0.406837
1,0.2817
1,0.215578
1,0.622163
1,0.403033
1,0.199022
1,0.610245
1,0.663511
1,0.298925
1,0.331864
1,0.507094
1,0.545624
1,0.537742
1,0.662704
1,0.227889
1,0.561346
1,0.556125
1,0.468985
1,0.572662
1,0.470397
1,0.631592
1,0.567911
1,0.539255
1,0.715535
1,0.425637
1,0.577618
1,0.331817
1,0.715988
1,0.37695
1,0.283264
1,0.282433
1,0.238003
1,0.436325
1,0.640723
1,0.392806
1,0.440083
1,0.867183
1,0.180693
1,0.28543
1,0.800966
1,0.268226
1,0.210474
1,0.667746
1,0.838476
1,0.530237
1,0.419333
1,0.366709
1,0.763528
1,0.411875
1,0.383941
1,0.637177
1,0.373097
1,0.640926
1,0.466485
1,0.49823
1,0.456928
1,0.38238
1,0.240226
1,0.787933
1,0.81854
1,0.85867
1,0.765402
1,0.577681
1,0.822288
1,0.73492
1,0.163497
1,0.778601
1,0.509907
1,0.301639
1,0.177042
1,0.613682
1,0.40192
1,0.61894
1,0.639703
1,0.467569
1,0.358637
1,0.396568
1,0.743884
1,0.425778
1,0.326004
1,0.568155
1,0.838248
1,0.743677
1,0.380272
1,0.586256
1,0.555803
1,0.642249
1,0.598462
1,0.571055
1,0.632556
1,0.224858
1,0.589929
1,0.222729
1,0.301689
1,0.466326
1,0.784425
1,0.346466
1,0.547164
1,0.151532
1,0.481015
1,0.24604
1,0.505515
1,0.489167
1,0.390662
1,0.636621
1,0.516713
1,0.560708
1,0.332673
1,0.668915
1,0.402954
1,0.287815
1,0.566101
1,0.446022
1,0.60705
1,0.25903
1,0.418347
1,0.620381
1,0.370084
1,0.607488
1,0.515751
1,0.541296
1,0.576505
1,0.745148
1,0.198448
1,0.494949
1,0.864188
1,0.712733
1,0.529489
1,0.271094
1,0.54001
1,0.29443
1,0.321716
1,0.353252
1,0.256556
1,0.647096
1,0.466599
1,0.35992
1,0.401486
1,0.560829
1,0.84495
1,0.533664
1,0.43641
1,0.306007
1,0.358138
1,0.3148
1,0.202485
1,0.773286
1,0.322665
1,0.556
1,0.413973
1,0.792159
1,0.100283
1,0.575747
1,0.896379
1,0.683138
1,0.657291
1,0.677197
1,0.765303
1,0.513001
1,0.290103
1,0.302307
1,0.568889
1,0.679005
1,0.320141
1,0.754753
1,0.309588
1,0.638664
1,0.673298
1,0.342522
1,0.568376
1,0.760576
1,0.581921
1,0.496411
1,0.6224
1,0.765995
1,0.716673
1,0.185418
1,0.490617
1,0.386507
1,0.546173
1,0.506903
1,0.316465
1,0.289202
1,0.690134
1,0.723078
1,0.533918
1,0.597847
1,0.555718
1,0.507303
1,0.276782
1,0.636991
1,0.308488
1,0.244148
1,0.818524
1,0.255779
1,0.373798
1,0.951002
1,0.621884
1,0.18768
1,0.522091
1,0.694744
1,0.254566
1,0.595194
1,0.700031
1,0.533341
1,0.62673
1,0.958747
1,0.451199
1,0.599589
1,0.406129
1,0.475058
1,0.350591
1,0.333483
1,0.693688
1,0.066067
1,0.376287
1,0.794245
1,0.122853
1,0.10127
1,0.779233
1,0.612878
1,0.310179
1,0.506471
1,0.704013
1,0.546006
1,0.387986
1,0.3236
1,0.620419
1,0.377743
1,0.546249
1,0.404051
1,0.305426
1,0.575899
1,0.603659
1,0.428568
1,0.523106
1,0.595534
1,0.542454
1,0.181106
1,0.175004
1,0.452427
1,0.270232
1,0.574751
1,0.542121
1,0.427263
1,0.489791
1,0.782144
1,0.66964
1,0.895928
1,0.747433
1,0.573613
1,0.287834
1,0.538942
1,0.288286
1,0.453954
1,0.490194
1,0.110393
1,0.648816
1,0.666471
1,0.288249
1,0.204221
1,0.790983
1,0.666282
1,0.319093
1,0.640188
1,0.709577
1,0.695013
1,0.710958
1,0.384709
1,0.779652
1,0.354377
1,0.293285
1,0.391205
1,0.537888
1,0.413336
1,0.726798
1,0.718158
1,0.636837
1,0.319618
1,0.608643
1,0.556477
1,0.513723
1,0.541887
1,0.393153
1,0.213242
1,0.229108
1,0.516373
1,0.618369
1,0.475667
1,0.360045
1,0.235715
1,0.78419
1,0.277869
1,0.279108
1,0.370656
1,0.928293
1,0.564816
1,0.648054
1,0.24424
1,0.512876
1,0.157852
1,0.501564
1,0.49554
1,0.819459
1,0.232444
1,0.268222
1,0.508027
1,0.080491
1,0.5971
1,0.37165
1,0.873159
1,0.526402
1,0.230443
1,0.628558
1,0.672356
1,0.432075
1,0.490231
1,0.50707
1,0.688843
1,0.184216
1,0.669547
1,0.676666
1,0.730552
1,0.325677
1,0.411848
1,0.500048
1,0.604106
1,0.590639
1,0.697808
1,0.822196
1,0.386697
1,0.456232
1,0.585013
1,0.214852
1,0.730928
1,0.679467
1,0.462501
1,0.409497
1,0.382536
1,0.456565
1,0.244776
1,0.251398
1,0.363877
1,0.181839
1,0.224436
1,0.271803
1,0.304414
1,0.685668
1,0.428096
1,0.390246
1,0.307822
1,0.351138
1,0.543509
1,0.574281
1,0.584299
1,0.495537
1,0.230244
1,0.62883
1,0.448357
1,0.393339
1,0.544919
1,0.166722
1,0.390505
1,0.424945
1,0.908128
1,0.423941
1,0.250372
1,0.755051
1,0.352093
1,0.563488
1,0.19954
1,0.697741
1,0.819311
1,0.791992
1,0.435065
1,0.442147
1,0.435343
1,0.603544
1,0.917599
1,0.390171
1,0.565715
1,0.4369
1,0.489106
1,0.723305
1,0.584607
1,0.309989
1,0.354147
1,0.264514
1,0.64744
1,0.522684
1,0.289898
1,0.478933
1,0.490486
1,0.470523
1,0.456637
1,0.308827
1,0.770974
1,0.45499
1,0.28751
1,0.461524
1,0.696604
1,0.292026
1,0.667872
1,0.272068
1,0.708431
1,0.622547
1,0.569892
1,0.265709
1,0.60356
1,0.556646
1,0.42924
1,0.62082
1,0.835409
1,0.599681
1,0.440134
1,0.817536
1,0.434771
1,0.300278
1,0.361717
1,0.584924
1,0.549256
1,0.355953
1,0.216272
1,0.683617
1,0.30179
1,0.319144
1,0.407074
1,0.42624
1,0.427859
1,0.641548
1,0.325624
1,0.326373
1,0.353516
1,0.265037
1,0.335058
1,0.625538
1,0.614447
1,0.219379
1,0.200948
1,0.625608
1,0.371975
1,0.66913
1,0.459943
1,0.483592
1,0.555494
1,0.518197
1,0.338677
1,0.491136
1,0.29666
1,0.254425
1,0.401345
1,0.253709
1,0.402829
1,0.61961
1,0.474031
1,0.566395
1,0.572726
1,0.38972
1,0.105502
1,0.770586
1,0.6634
1,0.704815
1,0.853289
1,0.581471
1,0.332599
1,0.562981
1,0.456286
1,0.82572
1,0.549206
1,0.774997
1,0.433591
1,0.515843
1,0.525345
1,0.712568
1,0.336058
1,0.692308
1,0.626116
1,0.710821
1,0.728263
1,0.36133
1,0.457903
1,0.243958
1,0.597025
1,0.357567
1,0.400125
1,0.744685
1,0.475198
1,0.5331
1,0.419797
1,0.313407
1,0.211755
1,0.440771
1,0.616825
1,0.679153
1,0.570097
1,0.645463
1,0.678592
1,0.369846
1,0.53374
1,0.415864
1,0.696156
1,0.227938
1,0.205424
1,0.490901
1,0.660746
1,0.517575
1,0.223094
1,0.349779
1,0.489476
1,0.707549
1,0.293678
1,0.690275
1,0.101323
1,0.799437
1,0.541013
1,0.340614
1,0.412152
1,0.484167
1,0.254455
1,0.5517
1,0.380775
1,0.403127
1,0.181625
1,0.738569
1,0.232489
1,0.336876
1,0.463862
1,0.454147
1,0.721186
1,0.24538
1,0.499214
1,0.521839
1,0.386688
1,0.597518
1,0.552476
1,0.6875
1,0.397508
1,0.50974
1,0.465711
1,0.401809
1,0.265035
0,0.325793
0,0.512553
0,0.473771
0,0.564435
0,0.590945
0,0.413337
0,0.577742
0,0.800063
0,0.434585
0,0.470152
0,0.558111
0,0.641689
0,0.412958
0,0.279519
0,0.476835
0,0.392915
0,0.551861
0,0.218382
0,0.555976
0,0.42314
0,0.354259
0,0.286217
0,0.389889
0,0.304388
0,0.572975
0,0.670911
0,0.388094
0,0.652414
0,0.389648
0,0.584517
0,0.557287
0,0.375533
0,0.768616
0,0.703404
0,0.474395
0,0.545548
0,0.722545
0,0.654213
0,0.589286
0,0.534476
0,0.260782
0,0.763071
0,0.63711
0,0.300218
0,0.287588
0,0.158611
0,0.71373
0,0.89564
0,0.38397
0,0.372515
0,0.41935
0,0.655406
0,0.282675
0,0.422155
0,0.620378
0,0.637959
0,0.436344
0,0.398101
0,0.423607
0,0.183578
0,0.633152
0,0.459288
0,0.448524
0,0.583027
0,0.348521
0,0.330546
0,0.495698
0,0.435635
0,0.267995
0,0.264708
0,0.359461
0,0.418272
0,0.891555
0,0.848928
0,0.501866
0,0.499824
0,0.58765
0,0.432685
0,0.552558
0,0.400595
0,0.649647
0,0.5349
0,0.61197
0,0.207148
0,0.806558
0,0.51072
0,0.686403
0,0.364432
0,0.388174
0,0.514906
0,0.547098
0,0.414286
0,0.311498
0,0.430033
0,0.339645
0,0.175699
0,0.130487
0,0.406472
0,0.432925
0,0.681016
0,0.660784
0,0.182451
0,0.361713
0,0.43677
0,0.454822
0,0.517947
0,0.638927
0,0.641321
0,0.309088
0,0.592287
0,0.250116
0,0.598781
0,0.439786
0,0.404376
0,0.506268
0,0.531859
0,0.247036
0,0.303269
0,0.733025
0,0.601964
0,0.178109
0,0.505799
0,0.585152
0,0.483145
0,0.583956
0,0.16851
0,0.115187
0,0.456033
0,0.612544
0,0.604942
0,0.494773
0,0.500998
0,0.370299
0,0.388942
0,0.37996
0,0.452269
0,0.197499
0,0.782476
0,0.316007
0,0.522228
0,0.772297
0,0.592646
0,0.71887
0,0.41139
0,0.712264
0,0.541148
0,0.550802
0,0.51266
0,0.78247
0,0.183344
0,0.41208
0,0.572315
0,0.609565
0,0.451325
0,0.82151
0,0.217604
0,0.621156
0,0.777883
0,0.333035
0,0.670031
0,0.54579
0,0.469785
0,0.720848
0,0.660133
0,0.376304
0,0.575101
0,0.54151
0,0.373362
0,0.55126
0,0.778179
0,0.639527
0,0.660196
0,0.501858
0,0.762324
0,0.265172
0,0.454034
0,0.404624
0,0.380744
0,0.293407
0,0.571871
0,0.612132
0,0.393057
0,0.705711
0,0.772904
0,0.443315
0,0.496644
0,0.338431
0,0.360195
0,0.755729
0,0.338955
0,0.779272
0,0.51308
0,0.643989
0,0.421893
0,0.394838
0,0.312515
0,0.472839
0,0.517976
0,0.531016
0,0.598821
0,0.32876
0,0.392238
0,0.582
0,0.496957
0,0.38087
0,0.449066
0,0.354902
0,0.528487
0,0.348788
0,0.514434
0,0.610229
0,0.710663
0,0.294504
0,0.858294
0,0.315876
0,0.863679
0,0.534015
0,0.391055
0,0.231728
0,0.635772
0,0.641396
0,0.605279
0,0.542699
0,0.678275
0,0.442028
0,0.364369
0,0.311954
0,0.773872
0,0.357638
0,0.603881
0,0.77271
0,0.546905
0,0.774263
0,0.396831
0,0.25766
0,0.365928
0,0.339913
0,0.635215
0,0.152632
0,0.775585
0,0.53004
0,0.366199
0,0.341821
0,0.127186
0,0.051886
0,0.704768
0,0.499809
0,0.491844
0,0.797112
0,0.428808
0,0.299095
0,0.220917
0,0.424968
0,0.459619
0,0.618461
0,0.366476
0,0.38857
0,0.373239
0,0.453121
0,0.297829
0,0.271858
0,0.322082
0,0.416969
0,0.466964
0,0.569627
0,0.493589
0,0.657287
0,0.225103
0,0.840352
0,0.459631
0,0.544181
0,0.198511
0,0.559329
0,0.76762
0,0.774826
0,0.218894
0,0.215229
0,0.272096
0,0.488385
0,0.388843
0,0.414391
0,0.422763
0,0.429201
0,0.453668
0,0.428573
0,0.693632
0,0.937299
0,0.583315
0,0.695773
0,0.720835
0,0.594562
0,0.352517
0,0.770251
0,0.650813
0,0.416169
0,0.254578
0,0.800717
0,0.495549
0,0.698165
0,0.493214
0,0.382421
0,0.331581
0,0.275533
0,0.502555
0,0.589886
0,0.583594
0,0.745216
0,0.50312
0,0.488459
0,0.548937
0,0.323232
0,0.604209
0,0.613486
0,0.549585
0,0.20886
0,0.462023
0,0.439123
0,0.5138
0,0.805735
0,0.547146
0,0.7627
0,0.68264
0,0.451678
0,0.515436
0,0.5713
0,0.574913
0,0.441675
0,0.684975
0,0.36104
0,0.366284
0,0.638868
0,0.552466
0,0.284925
0,0.48372
0,0.356132
0,0.687536
0,0.578465
0,0.665961
0,0.406859
0,0.492967
0,0.593664
0,0.661422
0,0.386884
0,0.571474
0,0.655018
0,0.587753
0,0.293183
0,0.412662
0,0.616075
0,0.254282
0,0.324595
0,0.495406
0,0.266644
0,0.841236
0,0.691856
0,0.389683
0,0.468047
0,0.414948
0,0.636709
0,0.53015
0,0.44198
0,0.300801
0,0.500701
0,0.489249
0,0.519339
0,0.460017
0,0.667607
0,0.729483
0,0.513921
0,0.338206
0,0.358521
0,0.698632
0,0.238971
0,0.597074
0,0.289983
0,0.301298
0,0.546269
0,0.561192
0,0.227945
0,0.474545
0,0.36999
0,0.286717
0,0.680864
0,0.505257
0,0.745612
0,0.305436
0,0.584255
0,0.373199
0,0.577359
0,0.879835
0,0.177864
0,0.537019
0,0.588449
0,0.670364
0,0.638861
0,0.37367
0,0.482627
0,0.568929
0,0.570575
0,0.309798
0,0.596017
0,0.419248
0,0.468024
0,0.399079
0,0.273582
0,0.596323
0,0.728752
0,0.695745
0,0.161999
0,0.383048
0,0.278108
0,0.710946
0,0.389287
0,0.300535
0,0.521174
0,0.632499
0,0.499296
0,0.418451
0,0.569042
0,0.228365
0,0.374568
0,0.501767
0,0.622363
0,0.326565
0,0.59334
0,0.254534
0,0.284001
0,0.610032
0,0.543441
0,0.719564
0,0.626577
0,0.516325
0,0.685427
0,0.590097
0,0.579604
0,0.455733
0,0.468676
0,0.550796
0,0.422503
0,0.608098
0,0.356309
0,0.701284
0,0.677893
0,0.398128
0,0.516238
0,0.542898
0,0.361777
0,0.819843
0,0.265015
0,0.247976
0,0.7027
0,0.57853
0,0.285443
0,0.197175
0,0.65762
0,0.350725
0,0.571915
0,0.515732
0,0.285604
0,0.90555
0,0.280588
0,0.358968
0,0.300389
0,0.554776
0,0.790495
0,0.472485
0,0.678174
0,0.739289
0,0.788914
0,0.475255
0,0.262937
0,0.362367
0,0.641895
0,0.35881
0,0.221835
0,0.713848
0,0.276683
0,0.649775
0,0.687908
0,0.41157
0,0.291158
0,0.365671
0,0.68804
0,0.128208
0,0.340859
0,0.224023
0,0.476362
0,0.573728
0,0.135227
0,0.377779
0,0.464033
0,0.727287
0,0.358351
0,0.603422
0,0.519896
0,0.662405
0,0.409473
0,0.25371
0,0.44372
0,0.557261
0,0.614234
0,0.828879
0,0.251376
0,0.508206
0,0.626744
0,0.509458
0,0.268953
0,0.578629
0,0.745845
0,0.473932
0,0.399604
0,0.408411
0,0.370055
0,0.262299
0,0.2594
0,0.730379
0,0.435193
0,0.235022
0,0.775308
0,0.811063
0,0.686111
0,0.488791
0,0.268596
0,0.576282
0,0.265129
0,0.524677
0,0.420331
0,0.562977
0,0.38518
0,0.498075
0,0.686967
0,0.820899
0,0.775327
0,0.423745
0,0.572673
0,0.771324
0,0.516582
0,0.415944
0,0.605128
0,0.195609
0,0.686644
0,0.604792
0,0.390274
0,0.354958
0,0.493024
0,0.456384
0,0.545753
0,0.550049
0,0.433757
0,0.36787
0,0.199938
0,0.484303
0,0.456943
0,0.124145
0,0.741082
0,0.442322
0,0.285515
0,0.469906
0,0.414194
0,0.692892
0,0.452043
0,0.794433
0,0.483619
0,0.411411
0,0.324139
0,0.368186
0,0.519569
0,0.50681
0,0.605769
0,0.584654
0,0.571939
0,0.347701
0,0.74509
0,0.505732
0,0.28071
0,0.269403
0,0.285393
0,0.565311
0,0.718146
0,0.450143
0,0.363617
0,0.208735
0,0.645087
0,0.654087
0,0.129915
0,0.547068
0,0.479378
0,0.07374
0,0.470405
0,0.684099
0,0.565629
0,0.740631
0,0.271331
0,0.258608
0,0.594453
0,0.553755
0,0.61689
0,0.495994
0,0.29123
0,0.759538
0,0.641958
0,0.268606
0,0.725479
0,0.420092
0,0.716263
0,0.427439
0,0.599609
0,0.745109
0,0.774468
0,0.489995
0,0.57172
0,0.53991
0,0.367804
0,0.521326
0,0.562872
0,0.471499
0,0.2672
0,0.416615
0,0.381805
0,0.59577
0,0.502635
0,0.597461
0,0.341659
0,0.803095
0,0.291508
0,0.379083
0,0.633399
0,0.206732
0,0.836032
0,0.124893
0,0.454536
0,0.431648
0,0.487248
0,0.519722
0,0.678015
0,0.35105
0,0.594956
0,0.465711
0,0.736104
0,0.387491
0,0.770701
0,0.072051
0,0.58642
0,0.675358
0,0.329557
0,0.314934
0,0.336895
0,0.118539
0,0.547952
0,0.436419
0,0.60185
0,0.62354
0,0.700028
0,0.490493
0,0.459782
0,0.761913
0,0.479978
0,0.485345
0,0.502016
0,0.532517
0,0.378662
0,0.74757
0,0.621263
0,0.606394
0,0.541359
0,0.622996
0,0.932384
0,0.524034
0,0.723861
0,0.517424
0,0.670666
0,0.562842
0,0.800873
0,0.378671
0,0.29547
0,0.699665
0,0.440379
0,0.583131
0,0.601999
0,0.701518
0,0.748301
0,0.455125
0,0.674227
0,0.569462
0,0.201157
0,0.694916
0,0.196455
0,0.583053
0,0.430216
0,0.619256
0,0.659538
0,0.319638
0,0.55752
0,0.536267
0,0.224259
0,0.76572
0,0.434079
0,0.61952
0,0.30782
0,0.761034
0,0.3955
0,0.47441
0,0.646419
0,0.412153
0,0.269191
0,0.644077
0,0.455266
0,0.485305
0,0.659235
0,0.507193
0,0.565865
0,0.783873
0,0.245199
0,0.503104
0,0.469975
0,0.231466
0,0.752542
0,0.053431
0,0.365272
0,0.802135
0,0.367961
0,0.408783
0,0.70522
0,0.688598
0,0.494163
0,0.426054
0,0.67243
0,0.115168
0,0.464411
0,0.749159
0,0.352422
0,0.310463
0,0.46385
0,0.436691
0,0.442807
0,0.530355
0,0.63316
0,0.729149
0,0.450625
0,0.592301
0,0.485217
0,0.465234
0,0.62881
0,0.479602
0,0.186969
0,0.29178
0,0.722715
0,0.434551
0,0.346623
0,0.220363
0,0.247701
0,0.640755
0,0.493403
0,0.571161
0,0.405987
0,0.723116
0,0.526474
0,0.850969
0,0.274599
0,0.1833
0,0.349325
0,0.538071
0,0.442666
0,0.364152
0,0.494294
0,0.178905
0,0.67281
0,0.184638
0,0.615443
0,0.531517
0,0.790959
0,0.50617
0,0.6345
0,0.326267
0,0.544523
0,0.425008
0,0.494477
0,0.701855
0,0.313888
0,0.463849
0,0.495789
0,0.695802
0,0.315435
0,0.794344
0,0.221223
0,0.716203
0,0.407335
0,0.027426
0,0.178892
0,0.757205
0,0.38066
0,0.640707
0,0.573063
0,0.575719
0,0.459434
0,0.490426
0,0.886427
0,0.318258
0,0.409161
0,0.404969
0,0.421833
0,0.28849
0,0.64583
0,0.595943
0,0.226449
0,0.32989
0,0.765657
0,0.595219
0,0.586176
0,0.458376
0,0.347592
0,0.797739
0,0.492053
0,0.709132
0,0.695134
0,0.835625
0,0.500065
0,0.328709
0,0.871076
0,0.338809
0,0.450658
0,0.469364
0,0.489535
0,0.732265
0,0.224398
0,0.504326
0,0.74473
0,0.3403
0,0.518049
0,0.617928
0,0.367637
0,0.45419
0,0.861364
0,0.626829
0,0.568469
0,0.388869
0,0.639308
0,0.640549
0,0.346186
0,0.574216
0,0.625499
0,0.263131
0,0.58827
0,0.431596
0,0.203033
0,0.511564
0,0.245585
0,0.337747
0,0.800208
0,0.276528
0,0.280776
0,0.497236
0,0.446453
0,0.440895
0,0.440455
0,0.257484
0,0.609136
0,0.306625
0,0.509305
0,0.72207
0,0.712529
0,0.49171
0,0.449061
0,0.542379
0,0.327027
0,0.54018
0,0.541741
0,0.353767
0,0.274168
0,0.081843
0,0.464637
0,0.295307
0,0.267734
0,0.509454
0,0.397523
0,0.861071
0,0.349034
0,0.6097
0,0.377359
0,0.532226
0,0.631451
0,0.260673
0,0.417267
0,0.604222
0,0.556243
0,0.397574
0,0.510282
0,0.208973
0,0.597496
0,0.408438
0,0.490313
0,0.496486
0,0.512096
0,0.485605
0,0.858458
0,0.605913
0,0.387906
0,0.469813
0,0.479444
0,0.857982
0,0.658704
0,0.663604
0,0.522248
0,0.340419
0,0.649933
0,0.440348
0,0.581067
0,0.575091
0,0.467692
0,0.273851
0,0.349541
0,0.322618
0,0.284436
0,0.330841
0,0.30925
0,0.551548
0,0.649443
0,0.216882
0,0.5999
0,0.756615
0,0.25237
0,0.45303
0,0.460042
0,0.244012
0,0.42588
0,0.253132
0,0.543749
0,0.582152
0,0.696169
0,0.669717
0,0.296059
0,0.491497
0,0.22782
0,0.21557
0,0.442403
0,0.20132
0,0.609088
0,0.630125
0,0.575078
0,0.354227
0,0.127194
0,0.399942
0,0.472302
0,0.266132
0,0.37739
0,0.467691
0,0.567874
0,0.531796
0,0.340876
0,0.769144
0,0.481446
0,0.489061
0,0.364757
0,0.327788
0,0.286856
0,0.449164
0,0.263705
0,0.39485
0,0.820561
0,0.516724
0,0.588417
0,0.492598
0,0.324646
0,0.344093
0,0.330673
0,0.656261
0,0.385364
0,0.621833
0,0.383317
0,0.40667
0,0.175089
0,0.587965
0,0.217118
0,0.536371
0,0.412961
0,0.160048
0,0.831609
0,0.268502
0,0.582139
0,0.349471
0,0.377251
0,0.709451
0,0.47583
0,0.466403
0,0.653035
0,0.781358
0,0.374785
0,0.472345
0,0.322347
0,0.598702
0,0.213901
0,0.538282
0,0.775386
0,0.251677
0,0.273567
0,0.413923
0,0.332674
0,0.398584
0,0.503768
0,0.648849
0,0.333275
0,0.462091
0,0.58535
0,0.270858
0,0.273028
0,0.110329
0,0.710053
0,0.502253
0,0.274704
0,0.473703
0,0.737484
0,0.290875
0,0.126482
0,0.733231
0,0.497036
0,0.564091
0,0.860423
0,0.321885
0,0.727712
0,0.553978
0,0.404619
0,0.585745
0,0.61381
0,0.653635
0,0.486734
0,0.481022
0,0.506104
0,0.221712
0,0.6176
0,0.540105
0,0.764042
0,0.77084
0,0.549011
0,0.435925
0,0.223739
0,0.900559
0,0.802858
0,0.651036
0,0.643926
0,0.512045
0,0.517879
0,0.611349
0,0.890423
0,0.79771
0,0.152517
0,0.297635
0,0.410346
0,0.490127
0,0.648524
0,0.304209
0,0.586258
0,0.661424
0,0.573099
0,0.873423
0,0.41688
0,0.463601
0,0.605969
0,0.643651
0,0.397579
0,0.612555
0,0.802916
0,0.441699
0,0.209645
0,0.560893
0,0.34837
0,0.468363
0,0.350408
0,0.29208
0,0.575849
0,0.441024
0,0.418151
0,0.547246
0,0.273635
0,0.528887
0,0.581411
0,0.739106
0,0.348767
0,0.664596
0,0.624164
0,0.376862
0,0.291561
0,0.616053
0,0.418595
0,0.61069
0,0.514383
0,0.115042
0,0.665813
0,0.539759
0,0.441244
0,0.367079
0,0.278913
0,0.297445
0,0.372826
0,0.334211
0,0.265174
0,0.456577
0,0.349751
0,0.403273
0,0.522642
0,0.364585
0,0.521529
0,0.230372
0,0.576656
0,0.667663
0,0.12572
0,0.41299
0,0.207997
0,0.527949
0,0.629996
0,0.50561
0,0.911863
0,0.211785
0,0.487309
0,0.752755
0,0.715228
0,0.429829
0,0.488902
0,0.614184
0,0.527386
0,0.52116
0,0.284832
0,0.330661
0,0.357785
0,0.149935
0,0.584164
0,0.583584
0,0.330502
0,0.463417
0,0.187159
0,0.307796
0,0.280801
0,0.464835
0,0.153092
0,0.678857
0,0.682729
0,0.261003
0,0.719124
0,0.442705
0,0.45293
0,0.593466
0,0.774127
0,0.636767
0,0.424813
0,0.482012
0,0.275259
0,0.523397
0,0.493068
0,0.220488
0,0.364313
0,0.572426
0,0.554028
0,0.412058
0,0.491194
0,0.519407
0,0.457446
0,0.549121
0,0.529756
0,0.430718
0,0.683347
0,0.702422
0,0.577799
0,0.301941
0,0.744161
0,0.30972
0,0.653791
0,0.52166
0,0.309647
0,0.636013
0,0.489183
0,0.471298
0,0.612466
0,0.568948
0,0.351927
0,0.83633
0,0.312426
0,0.697066
0,0.517817
0,0.61389
0,0.579995
0,0.532377
0,0.4264
0,0.1733
0,0.245294
0,0.516307
0,0.761204
0,0.597354
0,0.197329
0,0.637143
0,0.33305
0,0.698754
0,0.38292
0,0.305576
0,0.514847
0,0.61004
0,0.911637
0,0.46646
0,0.228426
0,0.450632
0,0.491592
0,0.254658
0,0.399051
0,0.285313
0,0.630719
0,0.617156
0,0.728304
0,0.693751
0,0.573793
0,0.49686
0,0.646203
0,0.481912
0,0.72032
0,0.321611
0,0.566293
0,0.536863
0,0.600124
0,0.669793
0,0.384579
0,0.402907
0,0.770618
0,0.333115
0,0.730257
0,0.50638
0,0.61523
0,0.459685
0,0.704113
0,0.623606
0,0.635142
0,0.315135
0,0.811097
0,0.515091
0,0.549466
0,0.397754
0,0.466384
0,0.390432
0,0.359077
0,0.794562
0,0.681865
0,0.409772
0,0.358288
0,0.51981
0,0.599245
0,0.199993
0,0.155578
0,0.508232
0,0.794942
0,0.255612
0,0.481248
0,0.691593
0,0.528615
0,0.59321
0,0.209916
0,0.733286
0,0.167112
0,0.207171
0,0.155131
0,0.303788
0,0.22589
0,0.447065
0,0.352108
0,0.60606
0,0.533539
0,0.379368
0,0.580811
0,0.296724
0,0.299123
0,0.38973
0,0.627735
0,0.41578
0,0.371575
0,0.518941
0,0.502086
0,0.548927
0,0.867061
0,0.678452
0,0.41738
0,0.307782
0,0.560773
0,0.513439
0,0.462838
0,0.617625
0,0.625444
0,0.477562
0,0.790148
0,0.664164
0,0.896056
0,0.83067
0,0.603411
0,0.348122
0,0.489952
0,0.468292
0,0.76125
0,0.601068
0,0.451934
0,0.610966
0,0.688154
0,0.459218
0,0.308979
0,0.334521
0,0.381803
0,0.798166
0,0.216447
0,0.315801
0,0.412638
0,0.321383
0,0.339123
0,0.40894
0,0.538709
0,0.46653
0,0.292396
0,0.453419
0,0.383764
0,0.397428
0,0.407262
0,0.746798
0,0.784493
0,0.534032
0,0.460904
0,0.444366
0,0.676459
0,0.29136
0,0.738967
0,0.387873
0,0.717265
0,0.520421
0,0.754254
0,0.667251
0,0.631029
0,0.727679
0,0.855189
0,0.389053
0,0.646361
0,0.587955
0,0.380987
0,0.532275
0,0.177699
0,0.38558
0,0.571707
0,0.737926
0,0.668005
0,0.724406
0,0.571809
0,0.314853
0,0.599387
0,0.708595
0,0.622544
0,0.442857
0,0.818801
0,0.78285
0,0.323608
0,0.406013
0,0.628775
0,0.576734
0,0.726965
0,0.786309
0,0.204139
0,0.724124
0,0.631034
0,0.768894
0,0.686366
0,0.661602
0,0.38559
0,0.534616
0,0.262517
0,0.171433
0,0.446288
0,0.324366
0,0.295219
0,0.55366
0,0.269337
0,0.781886
0,0.562483
0,0.2548
0,0.314908
0,0.640221
0,0.141067
0,0.224992
0,0.387161
0,0.372682
0,0.519489
0,0.526419
0,0.639873
0,0.554619
0,0.452858
0,0.312409
0,0.545599
0,0.697325
0,0.899679
0,0.257778
0,0.663729
0,0.454736
0,0.751276
0,0.511784
0,0.741801
0,0.504904
0,0.503747
0,0.232402
0,0.2892
0,0.342692
0,0.510515
0,0.36603
0,0.483174
0,0.615953
0,0.709019
0,0.301878
0,0.535284
0,0.315691
0,0.401911
0,0.32786
0,0.557443
0,0.624731
0,0.512005
0,0.452436
0,0.466526
0,0.506161
0,0.65348
0,0.604441
0,0.527082
0,0.576583
0,0.468699
0,0.426215
0,0.746224
0,0.349448
0,0.322988
0,0.423599
0,0.47929
0,0.755403
0,0.520632
0,0.361457
0,0.22614
0,0.434893
0,0.396417
0,0.423892
0,0.417606
0,0.095381
0,0.682937
0,0.5316
0,0.324588
0,0.665097
0,0.750993
0,0.457057
0,0.711533
0,0.582241
0,0.653985
0,0.401126
0,0.664306
0,0.28837
0,0.608429
0,0.168235
0,0.723282
0,0.328432
0,0.465522
0,0.413061
0,0.422782
0,0.08358
0,0.520786
0,0.294267
0,0.496023
0,0.419795
0,0.203614
0,0.321469
0,0.173829
0,0.561786
0,0.327743
0,0.434306
0,0.37074
0,0.376729
0,0.496958
0,0.588645
0,0.548855
0,0.539347
0,0.173883
0,0.578705
0,0.152248
0,0.424849
0,0.469813
0,0.451235
0,0.647183
0,0.225808
0,0.47366
0,0.267395
0,0.59716
0,0.468481
0,0.648669
0,0.351019
0,0.427856
0,0.402911
0,0.50423
0,0.796679
0,0.51387
0,0.454313
0,0.588988
0,0.599413
0,0.126261
0,0.709357
0,0.594312
0,0.701107
0,0.605881
0,0.43169
0,0.668204
0,0.278475
0,0.766676
0,0.486356
0,0.471741
0,0.583575
0,0.756995
0,0.427343
0,0.717316
0,0.539563
0,0.686819
0,0.533536
0,0.634318
0,0.421181
0,0.314791
0,0.478458
0,0.583406
0,0.40652
0,0.417648
0,0.516115
0,0.731954
0,0.577953
0,0.329915
0,0.437185
0,0.767008
0,0.396402
0,0.682176
0,0.429775
0,0.481429
0,0.536983
0,0.428773
0,0.504608
0,0.290724
0,0.541159
0,0.195129
0,0.579739
0,0.653458
0,0.65591
0,0.699391
0,0.201511
0,0.341177
0,0.343805
0,0.548638
0,0.46237
0,0.248201
0,0.582014
0,0.369636
0,0.399432
0,0.518952
0,0.463066
0,0.59656
0,0.771264
0,0.405037
0,0.341806
0,0.380607
0,0.755893
0,0.869698
0,0.302135
0,0.524985
0,0.153029
0,0.417055
0,0.5807
0,0.287919
0,0.544134
0,0.451237
0,0.635823
0,0.646152
0,0.36282
0,0.267437
0,0.753231
0,0.542251
0,0.647989
0,0.680908
0,0.528541
0,0.387192
0,0.380986
0,0.720499
0,0.367705
0,0.358057
0,0.55944
0,0.540362
0,0.221076
0,0.392095
0,0.610249
0,0.586102
0,0.401313
0,0.247322
0,0.691376
0,0.692404
0,0.513971
0,0.245528
0,0.640596
0,0.867081
0,0.304757
0,0.58977
0,0.713432
0,0.478968
0,0.851084
0,0.308605
0,0.593441
0,0.693532
0,0.354999
0,0.467469
0,0.479372
0,0.381968
0,0.41822
0,0.257076
0,0.440691
0,0.546926
0,0.476426
0,0.484874
0,0.235884
0,0.330943
0,0.702065
0,0.219662
0,0.637711
0,0.284732
0,0.783051
0,0.463848
0,0.209969
0,0.522623
0,0.693421
0,0.547722
0,0.613443
0,0.637794
0,0.425306
0,0.281141
0,0.533789
0,0.39022
0,0.505264
0,0.329249
0,0.517474
0,0.45595
0,0.619824
0,0.855367
0,0.561023
0,0.623941
0,0.396352
0,0.478938
0,0.203296
0,0.807327
0,0.587251
0,0.63272
0,0.479959
0,0.574072
0,0.321949
0,0.803519
0,0.33663
0,0.745914
0,0.499183
0,0.683137
0,0.458465
0,0.558529
0,0.613658
0,0.754951
0,0.827365
0,0.528564
0,0.341986
0,0.379388
0,0.407235
0,0.522927
0,0.707411
0,0.188351
0,0.823003
0,0.579581
0,0.68822
0,0.282188
0,0.778127
0,0.56581
0,0.69937
0,0.50281
0,0.380766
0,0.64214
0,0.629873
0,0.281546
0,0.210632
0,0.403024
0,0.451315
0,0.764054
0,0.211399
0,0.605256
0,0.657842
0,0.574008
0,0.158587
0,0.421825
0,0.384615
0,0.887925
0,0.44863
0,0.690303
0,0.746785
0,0.322912
0,0.536936
0,0.455498
0,0.255806
0,0.329205
0,0.668728
0,0.611748
0,0.293933
0,0.507764
0,0.741013
0,0.334787
0,0.652053
0,0.482026
0,0.405294
0,0.885721
0,0.617535
0,0.606271
0,0.212821
0,0.528057
0,0.495274
0,0.309239
0,0.292161
0,0.443156
0,0.508615
0,0.21192
0,0.49512
0,0.509747
0,0.244753
0,0.876213
0,0.420357
0,0.436009
0,0.834917
0,0.756452
0,0.566771
0,0.633342
0,0.567672
0,0.968218
0,0.447473
0,0.139161
0,0.697283
0,0.563575
0,0.60366
0,0.460121
0,0.651467
0,0.556778
0,0.729651
0,0.552454
0,0.556969
0,0.557708
0,0.183505
0,0.892412
0,0.675053
0,0.32337
0,0.592587
0,0.613713
0,0.577929
0,0.345188
0,0.646654
0,0.564618
0,0.448032
0,0.493732
0,0.764819
0,0.452143
0,0.578526
0,0.439276
0,0.303674
0,0.661363
0,0.244271
0,0.144296
0,0.65444
0,0.408541
0,0.602084
0,0.376442
0,0.613985
0,0.410335
0,0.806411
0,0.398868
0,0.280148
0,0.500208
0,0.562044
0,0.360001
0,0.657434
0,0.530246
0,0.83801
0,0.396181
0,0.472123
0,0.600946
0,0.855249
0,0.773878
0,0.778704
0,0.251239
0,0.758175
0,0.497346
0,0.319431
0,0.567237
0,0.590602
0,0.57403
0,0.69569
0,0.405896
0,0.520901
0,0.162941
0,0.555731
0,0.583678
0,0.372514
0,0.389978
0,0.685665
0,0.446794
0,0.110867
0,0.418505
0,0.537869
0,0.426307
0,0.622046
0,0.597946
0,0.50472
0,0.600538
0,0.365183
0,0.581715
0,0.650038
0,0.634068
0,0.553995
0,0.408552
0,0.48391
0,0.702906
0,0.513072
0,0.406512
0,0.683639
0,0.382079
0,0.318496
0,0.687128
0,0.098401
0,0.546701
0,0.759095
0,0.709926
0,0.360268
0,0.660341
0,0.429435
0,0.733753
0,0.867285
0,0.749407
0,0.556479
0,0.48962
0,0.722197
0,0.11294
0,0.25888
0,0.501481
0,0.72388
0,0.264603
0,0.627309
0,0.256907
0,0.514507
0,0.752592
0,0.565332
0,0.596694
0,0.465431
0,0.507898
0,0.176552
0,0.198054
0,0.729094
0,0.492409
0,0.378441
0,0.485431
0,0.187797
0,0.666954
0,0.298215
0,0.339114
0,0.690041
0,0.37954
0,0.41555
0,0.239461
0,0.520243
0,0.752231
0,0.439854
0,0.402807
0,0.592189
0,0.753456
0,0.453168
0,0.374899
0,0.554006
0,0.419783
0,0.777704
0,0.450108
0,0.269671
0,0.457326
0,0.644369
0,0.826724
0,0.499406
0,0.473616
0,0.686736
0,0.212806
0,0.430403
0,0.528492
0,0.294792
0,0.622429
0,0.493177
0,0.565305
0,0.609436
0,0.674524
0,0.455143
0,0.485272
0,0.385906
0,0.285321
0,0.813125
0,0.426321
0,0.623348
0,0.558176
0,0.455558
0,0.318695
0,0.611886
0,0.410129
0,0.399978
0,0.239983
0,0.553361
0,0.575776
0,0.262774
0,0.483831
0,0.631848
0,0.371791
0,0.823463
0,0.522611
0,0.43921
0,0.383294
0,0.56632
0,0.266259
0,0.443645
0,0.186713
0,0.648679
0,0.240929
0,0.47972
0,0.434279
0,0.50312
0,0.678105
0,0.396268
0,0.401021
0,0.533496
0,0.312741
0,0.406746
0,0.815768
0,0.298513
0,0.530471
0,0.77778
0,0.178739
0,0.321402
0,0.190329
0,0.552725
0,0.661189
0,0.492215
0,0.571267
0,0.504783
0,0.447502
0,0.361092
0,0.726207
0,0.482151
0,0.797741
0,0.625616
0,0.294306
0,0.613636
0,0.424875
0,0.604674
0,0.643182
0,0.528265
0,0.529529
0,0.432996
0,0.707738
0,0.178033
0,0.726166
0,0.311418
0,0.520454
0,0.655874
0,0.458366
0,0.44244
0,0.490141
0,0.829795
0,0.623238
0,0.694453
0,0.515067
0,0.558686
0,0.355254
0,0.556719
0,0.24994
0,0.585437
0,0.429133
0,0.497085
0,0.571666
0,0.310348
0,0.690457
0,0.514028
0,0.605448
0,0.806627
0,0.146868
0,0.354109
0,0.305722
0,0.37537
0,0.480444
0,0.161926
0,0.339067
0,0.43236
0,0.393984
0,0.708575
0,0.542114
0,0.773617
0,0.361794
0,0.539162
0,0.474129
0,0.497857
0,0.521324
0,0.435967
0,0.608183
0,0.630124
0,0.697854
0,0.8922
0,0.955869
0,0.900478
0,0.433598
0,0.27853
0,0.421046
0,0.291708
0,0.45469
0,0.65303
0,0.572372
0,0.655023
0,0.597264
0,0.427769
0,0.370101
0,0.520829
0,0.583075
0,0.655687
0,0.665231
0,0.770734
0,0.441492
0,0.338157
0,0.636261
0,0.713251
0,0.566807
0,0.418494
0,0.310186
0,0.56114
0,0.740193
0,0.446191
0,0.325651
0,0.699581
0,0.507433
0,0.25989
0,0.754203
0,0.479999
0,0.594817
0,0.482156
0,0.701047
0,0.106362
0,0.268654
0,0.620857
0,0.629952
0,0.73467
0,0.789955
0,0.641845
0,0.344447
0,0.334567
0,0.576495
0,0.310922
0,0.848835
0,0.376949
0,0.480173
0,0.623137
0,0.597281
0,0.752188
0,0.532124
0,0.325195
0,0.316982
0,0.374654
0,0.276087
0,0.557707
0,0.511929
0,0.606891
0,0.547685
0,0.614283
0,0.381655
0,0.686473
0,0.671885
0,0.273425
0,0.314077
0,0.553016
0,0.49498
0,0.716099
0,0.669364
0,0.713784
0,0.475084
0,0.383624
0,0.434066
0,0.483149
0,0.825793
0,0.403515
0,0.498633
0,0.695191
0,0.559536
0,0.431976
0,0.302301
0,0.520403
0,0.779903
0,0.314161
0,0.649845
0,0.42968
0,0.412323
0,0.522819
0,0.672893
0,0.553261
0,0.71473
0,0.548909
0,0.71174
0,0.371707
0,0.609157
0,0.641366
0,0.570368
0,0.75955
0,0.425602
0,0.612169
0,0.370345
0,0.503179
0,0.700736
0,0.483736
0,0.693103
0,0.406816
0,0.909067
0,0.570832
0,0.705459
0,0.551054
0,0.214011
0,0.682501
0,0.79077
0,0.123718
0,0.696477
0,0.508206
0,0.493322
0,0.759664
0,0.54963
0,0.465079
0,0.431808
0,0.272451
0,0.389788
0,0.597445
0,0.334063
0,0.389559
0,0.416075
0,0.629889
0,0.22731
0,0.269685
0,0.410547
0,0.713551
0,0.554441
0,0.720274
0,0.725159
0,0.179669
0,0.537666
0,0.151644
0,0.65384
0,0.571836
0,0.19497
0,0.558918
0,0.431119
0,0.402308
0,0.533641
0,0.75198
0,0.717366
0,0.859577
0,0.491937
0,0.586586
0,0.645271
0,0.547871
0,0.77996
0,0.676827
0,0.524907
0,0.685348
0,0.349105
0,0.776296
0,0.605434
0,0.813985
0,0.660833
0,0.423299
0,0.459485
0,0.713046
0,0.388024
0,0.859114
0,0.132063
0,0.26633
0,0.482117
0,0.584611
0,0.618755
0,0.101248
0,0.387919
0,0.569273
0,0.095246
0,0.333853
0,0.388559
0,0.512101
0,0.405608
0,0.467888
0,0.674363
0,0.642991
0,0.425877
0,0.827721
0,0.442188
0,0.317879
0,0.410254
0,0.716623
0,0.448428
0,0.514731
0,0.475961
0,0.27482
0,0.799464
0,0.680159
0,0.633687
0,0.243743
0,0.286355
0,0.419907
0,0.396562
0,0.259617
0,0.337036
0,0.669575
0,0.557361
0,0.576172
0,0.780223
0,0.432997
0,0.420416
0,0.660959
0,0.218607
0,0.260362
0,0.221774
0,0.394329
0,0.434142
0,0.626393
0,0.168775
0,0.427201
0,0.411881
0,0.355845
0,0.566136
0,0.845387
0,0.59191
0,0.619483
0,0.255754
0,0.539633
0,0.319243
0,0.196448
0,0.589385
0,0.52387
0,0.857538
0,0.542619
0,0.628436
0,0.389382
0,0.581594
0,0.464488
0,0.213393
0,0.536354
0,0.346224
0,0.469318
0,0.535871
0,0.322806
0,0.240162
0,0.258889
0,0.524329
0,0.211036
0,0.509495
0,0.739651
0,0.396126
0,0.663968
0,0.540054
0,0.613068
0,0.107076
0,0.547999
0,0.381908
0,0.464522
0,0.662716
0,0.124383
0,0.560761
0,0.509692
0,0.545984
0,0.658723
0,0.630248
0,0.387751
0,0.381002
0,0.679468
0,0.396257
0,0.194328
0,0.365421
0,0.541418
0,0.590912
0,0.64589
0,0.615282
0,0.443759
0,0.472739
0,0.210332
0,0.161445
0,0.358496
0,0.357706
0,0.498536
0,0.805074
0,0.685113
0,0.475988
0,0.320925
0,0.537276
0,0.419569
0,0.640429
0,0.573329
0,0.483665
0,0.625408
0,0.608254
0,0.827873
0,0.671261
0,0.579472
0,0.399161
0,0.408659
0,0.136128
0,0.271058
0,0.633005
0,0.371445
0,0.609535
0,0.512612
0,0.513331
0,0.640041
0,0.64259
0,0.258445
0,0.31535
0,0.530777
0,0.418857
0,0.654317
0,0.759279
0,0.628829
0,0.359438
0,0.486554
0,0.791253
0,0.321492
0,0.250483
0,0.350871
0,0.773093
0,0.435678
0,0.489668
0,0.325581
0,0.524987
0,0.567848
0,0.466076
0,0.190817
0,0.601359
0,0.717993
0,0.372832
0,0.545799
0,0.501534
0,0.279325
0,0.647296
0,0.649702
0,0.227007
0,0.201648
0,0.560769
0,0.247545
0,0.401232
0,0.621683
0,0.357547
0,0.554598
0,0.539595
0,0.38039
0,0.460984
0,0.256322
0,0.563198
0,0.628541
0,0.2527
0,0.745847
0,0.782211
0,0.574949
0,0.296588
0,0.304928
0,0.60627
0,0.606764
0,0.485886
0,0.825944
0,0.500348
0,0.363944
0,0.25744
0,0.353625
0,0.780918
0,0.688448
0,0.428131
0,0.521042
0,0.541105
0,0.336226
0,0.483274
0,0.607051
0,0.337142
0,0.538606
0,0.225357
0,0.687894
0,0.435465
0,0.448351
0,0.385123
0,0.258038
0,0.731724
0,0.177003
0,0.616901
0,0.559731
0,0.555372
0,0.318525
0,0.405841
0,0.855755
0,0.524355
0,0.637429
0,0.231705
0,0.204704
0,0.309133
0,0.248543
0,0.473414
0,0.735329
0,0.425235
0,0.46571
0,0.561103
0,0.418199
0,0.085089
0,0.40018
0,0.523139
0,0.324478
0,0.70036
0,0.206928
0,0.835651
0,0.153856
0,0.777052
0,0.593119
0,0.562422
0,0.432823
0,0.687066
0,0.657596
0,0.640313
0,0.232964
0,0.327378
0,0.124718
0,0.464047
0,0.284311
0,0.533604
0,0.066
0,0.19443
0,0.811473
0,0.481906
0,0.311929
0,0.357798
0,0.436202
0,0.708431
0,0.503357
0,0.428715
0,0.743958
0,0.460291
0,0.776362
0,0.491769
0,0.422972
0,0.327684
0,0.124106
0,0.260072
0,0.371023
0,0.336827
0,0.525096
0,0.282894
0,0.343481
0,0.547776
0,0.65552
0,0.392191
0,0.208513
0,0.850344
0,0.294202
0,0.353782
0,0.141118
0,0.540684
0,0.138521
0,0.381591
0,0.65234
0,0.173471
0,0.618271
0,0.394969
0,0.455129
0,0.697523
0,0.439195
0,0.285603
0,0.338434
0,0.518823
0,0.796308
0,0.610597
0,0.337747
0,0.739707
0,0.699377
0,0.423696
0,0.658263
0,0.61483
0,0.613869
0,0.667839
0,0.412879
0,0.428485
0,0.713695
0,0.697373
0,0.213585
0,0.701157
0,0.236933
0,0.456313
0,0.28517
0,0.457097
0,0.335635
0,0.685561
0,0.433501
0,0.743361
0,0.584163
0,0.739698
0,0.564733
0,0.100844
0,0.354763
0,0.392209
0,0.714776
0,0.623379
0,0.699959
0,0.460045
0,0.535804
0,0.450941
0,0.834328
0,0.684893
0,0.603538
0,0.929468
0,0.364944
0,0.575887
0,0.581332
0,0.590136
0,0.806511
0,0.548228
0,0.467247
0,0.197503
0,0.524004
0,0.564628
0,0.831552
0,0.35514
0,0.482703
0,0.735204
0,0.603201
0,0.268908
0,0.43437
0,0.662411
0,0.201307
0,0.717257
0,0.537095
0,0.845298
0,0.66985
0,0.610963
0,0.277187
0,0.617205
0,0.303192
0,0.537052
0,0.49625
0,0.544279
0,0.656329
0,0.737906
0,0.745098
0,0.212733
0,0.518474
0,0.630087
0,0.498966
0,0.417069
0,0.621737
0,0.493051
0,0.399919
0,0.562602
0,0.566181
0,0.371267
0,0.659245
0,0.838131
0,0.596445
0,0.406009
0,0.69768
0,0.338357
0,0.476512
0,0.251136
0,0.579507
0,0.38154
0,0.385035
0,0.538493
0,0.348962
0,0.253857
0,0.250382
0,0.330854
0,0.628891
0,0.722582
0,0.487385
0,0.607843
0,0.572423
0,0.70092
0,0.476641
0,0.639303
0,0.497998
0,0.565914
0,0.347629
0,0.301955
0,0.825604
0,0.346995
0,0.864546
0,0.343009
0,0.371062
0,0.521078
0,0.52734
0,0.497047
0,0.6437
0,0.380268
0,0.358414
0,0.587882
0,0.384635
0,0.741201
0,0.443515
0,0.793349
0,0.299815
0,0.29472
0,0.760692
0,0.479971
0,0.73698
0,0.315792
0,0.441259
0,0.564999
0,0.383257
0,0.605341
0,0.528042
0,0.259229
0,0.270899
0,0.571938
0,0.443075
0,0.466336
0,0.785867
0,0.291951
0,0.311782
0,0.56272
0,0.613944
0,0.461389
0,0.514809
0,0.523015
0,0.511162
0,0.481545
0,0.763321
0,0.171174
0,0.30154
0,0.364004
0,0.490124
0,0.42937
0,0.439174
0,0.343271
0,0.451515
0,0.443377
0,0.222149
0,0.516905
0,0.286839
0,0.665981
0,0.452422
0,0.473367
0,0.760805
0,0.416343
0,0.666448
0,0.387783
0,0.722852
0,0.443326
0,0.79721
0,0.567503
0,0.718911
0,0.631143
0,0.32836
0,0.499482
0,0.371763
0,0.60337
0,0.331333
0,0.559583
0,0.614315
0,0.353134
0,0.446179
0,0.430364
0,0.704324
0,0.545241
0,0.401684
0,0.403981
0,0.393733
0,0.571898
0,0.741571
0,0.374676
0,0.474778
0,0.376889
0,0.331776
0,0.679814
0,0.525072
0,0.544537
0,0.614105
0,0.489214
0,0.343956
0,0.46664
0,0.281328
0,0.833019
0,0.222661
0,0.526979
0,0.416512
0,0.550951
0,0.569781
0,0.545674
0,0.609875
0,0.595751
0,0.253352
0,0.489283
0,0.343146
0,0.464327
0,0.571581
0,0.751253
0,0.359458
0,0.441097
0,0.386086
0,0.43424
0,0.420954
0,0.563328
0,0.465227
0,0.542746
0,0.298963
0,0.788292
0,0.44218
0,0.433238
0,0.686972
0,0.563608
0,0.502654
0,0.62841
0,0.725093
0,0.292313
0,0.681458
0,0.514873
0,0.541358
0,0.67101
0,0.541327
0,0.585273
0,0.658707
0,0.364105
0,0.353372
0,0.509957
0,0.283136
0,0.611192
0,0.402952
0,0.428547
0,0.700521
0,0.656609
0,0.502599
0,0.26654
0,0.457976
0,0.299429
0,0.624114
0,0.517117
0,0.275712
0,0.571744
0,0.772998
0,0.750829
0,0.219775
0,0.562046
0,0.52091
0,0.418749
0,0.564612
0,0.463839
0,0.675344
0,0.338361
0,0.392208
0,0.55152
0,0.591818
0,0.730283
0,0.277487
0,0.266961
0,0.328855
0,0.226423
0,0.79383
0,0.459712
0,0.464944
0,0.48237
0,0.432893
0,0.71148
0,0.271359
0,0.222858
0,0.563745
0,0.509182
0,0.583442
0,0.507046
0,0.335943
0,0.379039
0,0.28716
0,0.416208
0,0.775932
0,0.617849
0,0.398705
0,0.417257
0,0.324604
0,0.47896
0,0.274151
0,0.613538
0,0.371876
0,0.549685
0,0.601805
0,0.432658
0,0.530609
0,0.27574
0,0.506925
0,0.50524
0,0.684845
0,0.372466
0,0.646659
0,0.614251
0,0.652466
0,0.388556
0,0.791626
0,0.362516
0,0.310966
0,0.659316
0,0.511792
0,0.624976
0,0.438932
0,0.453716
0,0.18324
0,0.44515
0,0.303109
0,0.581659
0,0.458272
0,0.421311
0,0.300511
0,0.522574
0,0.376695
0,0.498459
0,0.523886
0,0.493441
0,0.820903
0,0.658409
0,0.630253
0,0.670923
0,0.541979
0,0.111779
0,0.196603
0,0.287266
0,0.327567
0,0.494834
0,0.65559
0,0.43342
0,0.561549
0,0.464482
0,0.416045
0,0.525923
0,0.46942
0,0.552444
0,0.424277
0,0.213017
0,0.343893
0,0.820034
0,0.557686
0,0.672294
0,0.431339
0,0.434673
0,0.515886
0,0.473813
0,0.502126
0,0.277248
0,0.336791
0,0.432325
0,0.740508
0,0.447385
0,0.506404
0,0.651799
0,0.472134
0,0.45199
0,0.243651
0,0.450192
0,0.276547
0,0.311142
0,0.574695
0,0.813293
0,0.454156
0,0.38645
0,0.351452
0,0.608039
0,0.523424
0,0.511134
0,0.291914
0,0.074967
0,0.909306
0,0.30221
0,0.741704
0,0.571504
0,0.333566
0,0.358486
0,0.358798
0,0.571431
0,0.57406
0,0.152596
0,0.793104
0,0.319723
0,0.29615
0,0.241761
0,0.233298
0,0.616795
0,0.720675
0,0.77829
0,0.715814
0,0.670783
0,0.426864
0,0.63244
0,0.400412
0,0.402287
0,0.638599
0,0.185514
0,0.709237
0,0.312375
0,0.275023
0,0.589849
0,0.300177
0,0.643286
0,0.508836
0,0.349011
0,0.575476
0,0.429993
0,0.097955
0,0.628001
0,0.206108
0,0.168159
0,0.549046
0,0.41141
0,0.510224
0,0.539706
0,0.569661
0,0.745769
0,0.384792
0,0.464303
0,0.423052
0,0.330737
0,0.278029
0,0.715065
0,0.524883
0,0.715534
0,0.62636
0,0.560538
0,0.33142
0,0.860029
0,0.594895
0,0.804802
0,0.614343
0,0.840767
0,0.267465
0,0.318163
0,0.757346
0,0.657777
0,0.249134
0,0.157237
0,0.829442
0,0.562581
0,0.460471
0,0.416041
0,0.589284
0,0.709742
0,0.526132
0,0.700429
0,0.349683
0,0.301425
0,0.423933
0,0.592237
0,0.425682
0,0.4955
0,0.609737
0,0.488175
0,0.508021
0,0.546981
0,0.557724
0,0.417396
0,0.313381
0,0.197935
0,0.411666
0,0.681779
0,0.286461
0,0.653686
0,0.325554
0,0.448095
0,0.634483
0,0.463885
0,0.610321
0,0.384551
0,0.420911
0,0.308735
0,0.587511
0,0.690145
0,0.508247
0,0.690003
0,0.417174
0,0.913324
0,0.799943
0,0.243613
0,0.527365
0,0.650151
0,0.249921
0,0.611656
0,0.812264
0,0.187238
0,0.56863
0,0.643845
0,0.644983
0,0.545662
0,0.407707
0,0.714657
0,0.434159
0,0.536764
0,0.227988
0,0.745271
0,0.867977
0,0.579713
0,0.260797
0,0.413533
0,0.289618
0,0.465135
0,0.704077
0,0.747483
0,0.787226
0,0.400047
0,0.743869
0,0.239208
0,0.65471
0,0.158964
0,0.503138
0,0.414877
0,0.412924
0,0.721735
0,0.261956
0,0.519557
0,0.119282
0,0.618727
0,0.612521
0,0.586908
0,0.4044
0,0.755453
0,0.215269
0,0.482186
0,0.767051
0,0.583589
0,0.450868
0,0.35895
0,0.601452
0,0.548657
0,0.652585
0,0.59716
0,0.369867
0,0.584288
0,0.407362
0,0.281978
0,0.440066
0,0.276854
0,0.680997
0,0.67518
0,0.718672
0,0.202007
0,0.687355
0,0.376541
0,0.552439
0,0.59178
0,0.686807
0,0.404665
0,0.181217
0,0.315325
0,0.389635
0,0.418051
0,0.671225
0,0.202209
0,0.239143
0,0.525179
0,0.817603
0,0.243932
0,0.605389
0,0.373384
0,0.422852
0,0.527198
0,0.857166
0,0.326547
0,0.85267
0,0.05354
0,0.287325
0,0.699294
0,0.514887
0,0.367887
0,0.57253
0,0.58505
0,0.596795
0,0.559093
0,0.309287
0,0.516423
0,0.437416
0,0.348929
0,0.532175
0,0.541201
0,0.465623
0,0.507172
0,0.923639
0,0.806638
0,0.726662
0,0.613171
0,0.594076
0,0.633979
0,0.651446
0,0.28954
0,0.34538
0,0.826846
0,0.561008
0,0.575586
0,0.498523
0,0.559519
0,0.443761
0,0.534877
0,0.499577
0,0.412489
0,0.323878
0,0.334819
0,0.363341
0,0.711037
0,0.510901
0,0.396344
0,0.295026
0,0.646669
0,0.69354
0,0.538273
0,0.265581
0,0.564123
0,0.369204
0,0.23018
0,0.811033
0,0.537342
0,0.645755
0,0.655286
0,0.663233
0,0.357934
0,0.548773
0,0.171611
0,0.391928
0,0.198582
0,0.367759
0,0.492155
0,0.355592
0,0.135497
0,0.201207
0,0.541071
0,0.792433
0,0.79283
0,0.344935
0,0.53327
0,0.606823
0,0.521451
0,0.380356
0,0.787433
0,0.616444
0,0.284411
0,0.754864
0,0.817458
0,0.494557
0,0.635179
0,0.760133
0,0.570919
0,0.324082
0,0.194435
0,0.466178
0,0.505503
0,0.354707
0,0.354263
0,0.594526
0,0.505277
0,0.369215
0,0.543676
0,0.732807
0,0.692712
0,0.751486
0,0.387447
0,0.761185
0,0.74892
0,0.487687
0,0.722825
0,0.66552
0,0.755157
0,0.491058
0,0.231367
0,0.276487
0,0.189989
0,0.453389
0,0.586551
0,0.417231
0,0.454812
0,0.64897
0,0.430506
0,0.787285
0,0.247176
0,0.172078
0,0.364553
0,0.467489
0,0.519651
0,0.575954
0,0.507606
0,0.541499
0,0.544205
0,0.769924
0,0.463554
0,0.590076
0,0.944168
0,0.481596
0,0.298672
0,0.67325
0,0.376763
0,0.800414
0,0.484556
0,0.473158
0,0.650229
0,0.324882
0,0.3422
0,0.499372
0,0.5994
0,0.794563
0,0.745697
0,0.154983
0,0.330377
0,0.536092
0,0.135701
0,0.520706
0,0.287347
0,0.699164
0,0.181839
0,0.508579
0,0.393757
0,0.330016
0,0.32275
0,0.470856
0,0.580492
0,0.27919
0,0.2883
0,0.351152
0,0.371137
0,0.055572
0,0.198747
0,0.186449
0,0.845098
0,0.765892
0,0.655454
0,0.856398
0,0.636089
0,0.563825
0,0.187913
0,0.254692
0,0.620494
0,0.762547
0,0.352311
0,0.808068
0,0.744828
0,0.582023
0,0.616169
0,0.548921
0,0.335583
0,0.4482
0,0.66613
0,0.430395
0,0.717132
0,0.78531
0,0.334462
0,0.217298
0,0.741332
0,0.722972
0,0.445444
0,0.38178
0,0.111363
0,0.300832
0,0.898935
0,0.26371
0,0.617323
0,0.788714
0,0.612683
0,0.767929
0,0.418647
0,0.535221
0,0.716321
0,0.578085
0,0.317567
0,0.472009
0,0.580689
0,0.276627
0,0.25196
0,0.417778
0,0.602255
0,0.430396
0,0.501985
0,0.455506
0,0.305364
0,0.512129
0,0.454872
0,0.595453
0,0.518203
0,0.434545
0,0.421858
0,0.504409
0,0.25883
0,0.632766
0,0.465767
0,0.805182
0,0.593881
0,0.754823
0,0.673752
0,0.689066
0,0.756234
0,0.54352
0,0.58676
0,0.502543
0,0.45224
0,0.538075
0,0.564505
0,0.369902
0,0.242573
0,0.155293
0,0.780729
0,0.365263
0,0.717717
0,0.403431
0,0.632135
0,0.454177
0,0.308353
0,0.247076
0,0.543399
0,0.679552
0,0.692511
0,0.833062
0,0.228174
0,0.698857
0,0.658624
0,0.541583
0,0.302031
0,0.384263
0,0.611459
0,0.371421
0,0.611771
0,0.40513
0,0.618225
0,0.830262
0,0.856959
0,0.716812
0,0.541458
0,0.651134
0,0.282095
0,0.586739
0,0.66512
0,0.46882
0,0.456724
0,0.169474
0,0.45477
0,0.599675
0,0.538073
0,0.664673
0,0.311809
0,0.628934
0,0.62099
0,0.579911
0,0.457094
0,0.154319
0,0.089916
0,0.69799
0,0.63086
0,0.513366
0,0.370405
0,0.131268
0,0.496632
0,0.605751
0,0.397789
0,0.404284
0,0.433518
0,0.256389
0,0.445456
0,0.666004
0,0.514563
0,0.41749
0,0.428411
0,0.923937
0,0.853403
0,0.522102
0,0.375388
0,0.561922
0,0.40047
0,0.3612
0,0.385225
0,0.515228
0,0.340465
0,0.676531
0,0.624344
0,0.410055
0,0.309898
0,0.591016
0,0.39031
0,0.232702
0,0.470682
0,0.458693
0,0.216659
0,0.197573
0,0.398275
0,0.453086
0,0.660801
0,0.352664
0,0.558256
0,0.777583
0,0.676725
0,0.509495
0,0.75682
0,0.331237
0,0.149353
0,0.446025
0,0.372941
0,0.243654
0,0.685208
0,0.475011
0,0.445154
0,0.4746
0,0.312868
0,0.152899
0,0.517135
0,0.681039
0,0.306745
0,0.256705
0,0.787357
0,0.355382
0,0.661362
0,0.696812
0,0.178967
0,0.617779
0,0.231662
0,0.167603
0,0.78635
0,0.526039
0,0.456566
0,0.66721
0,0.258898
0,0.709015
0,0.237207
0,0.591971
0,0.336271
0,0.689167
0,0.659146
0,0.606655
0,0.371321
0,0.25334
0,0.90325
0,0.509909
0,0.439219
0,0.554126
0,0.586343
0,0.189824
0,0.723538
0,0.555038
0,0.187599
0,0.458555
0,0.392025
0,0.511039
0,0.393221
0,0.597021
0,0.603857
0,0.187364
0,0.359846
0,0.398677
0,0.695519
0,0.568414
0,0.439321
0,0.524703
0,0.335774
0,0.735518
0,0.567835
0,0.350168
0,0.515451
0,0.565252
0,0.206455
0,0.277622
0,0.239482
0,0.709837
0,0.599353
0,0.479345
0,0.256051
0,0.701879
0,0.58454
0,0.539521
0,0.783966
0,0.719198
0,0.760224
0,0.490794
0,0.527903
0,0.73265
0,0.485006
0,0.435445
0,0.640421
0,0.374407
0,0.521411
0,0.394408
0,0.637315
0,0.416089
0,0.508775
0,0.679443
0,0.450992
0,0.284644
0,0.313092
0,0.487177
0,0.543698
0,0.726789
0,0.253002
0,0.562751
0,0.551481
0,0.87892
0,0.41874
0,0.401117
0,0.478433
0,0.617236
0,0.418191
0,0.21329
0,0.848444
0,0.729003
0,0.594112
0,0.672457
0,0.479265
0,0.776486
0,0.27416
0,0.349856
0,0.477655
0,0.493588
0,0.592338
0,0.666157
0,0.8194
0,0.231219
0,0.566046
0,0.549777
0,0.246723
0,0.623321
0,0.634746
0,0.42297
0,0.261899
0,0.825298
0,0.433481
0,0.546992
0,0.561387
0,0.511179
0,0.862367
0,0.405973
0,0.389731
0,0.439206
0,0.228438
0,0.453339
0,0.493939
0,0.241549
0,0.478548
0,0.601269
0,0.64412
0,0.661196
0,0.513211
0,0.871975
0,0.330337
0,0.351738
0,0.328388
0,0.406473
0,0.842613
0,0.528277
0,0.288143
0,0.309954
0,0.602243
0,0.275116
0,0.245327
0,0.256303
0,0.700209
0,0.795422
0,0.548238
0,0.485636
0,0.385456
0,0.312888
0,0.644112
0,0.497666
0,0.476607
0,0.290676
0,0.365878
0,0.740673
0,0.536069
0,0.518447
0,0.327203
0,0.602534
0,0.647856
0,0.771442
0,0.335815
0,0.495855
0,0.351334
0,0.32061
0,0.610217
0,0.264022
0,0.462971
0,0.45572
0,0.5584
0,0.326543
0,0.708567
0,0.497037
0,0.319526
0,0.621535
0,0.50889
0,0.548389
0,0.26602
0,0.390532
0,0.112421
0,0.68291
0,0.501684
0,0.555066
0,0.386678
0,0.5919
0,0.197934
0,0.588143
0,0.354961
0,0.219782
0,0.398798
0,0.79604
0,0.848643
0,0.354755
0,0.327704
0,0.40123
0,0.713292
0,0.449435
0,0.498783
0,0.351509
0,0.38589
0,0.404589
0,0.656674
0,0.583941
0,0.546513
0,0.535001
0,0.052181
0,0.562912
0,0.711746
0,0.638608
0,0.440981
0,0.529036
0,0.310321
0,0.326485
0,0.438383
0,0.511502
0,0.47081
0,0.328783
0,0.537267
0,0.736469
0,0.834642
0,0.713943
0,0.775607
0,0.124506
0,0.3175
0,0.748919
0,0.72708
0,0.320695
0,0.59125
0,0.317117
0,0.393841
0,0.441621
0,0.645765
0,0.4521
0,0.436424
0,0.741466
0,0.716889
0,0.195132
0,0.405971
0,0.306839
0,0.431638
0,0.275644
0,0.627822
0,0.33066
0,0.476242
0,0.907128
0,0.371955
0,0.58157
0,0.588537
0,0.625659
0,0.368378
0,0.716349
0,0.095681
0,0.606029
0,0.516292
0,0.149856
0,0.267623
0,0.447211
0,0.338708
0,0.31564
0,0.661943
0,0.414056
0,0.694563
0,0.455926
0,0.5956
0,0.55007
0,0.718143
0,0.247682
0,0.290574
0,0.573145
0,0.60353
0,0.472662
0,0.722156
0,0.57741
0,0.586056
0,0.33278
0,0.570108
0,0.606251
0,0.555289
0,0.11515
0,0.371359
0,0.668186
0,0.40819
0,0.566528
0,0.347296
0,0.143854
0,0.738547
0,0.3319
0,0.600057
0,0.502779
0,0.487726
0,0.706753
0,0.421711
0,0.267488
0,0.529182
0,0.65524
0,0.303972
0,0.473901
0,0.458172
0,0.22483
0,0.348777
0,0.399962
0,0.31253
0,0.308581
0,0.586583
0,0.488783
0,0.511559
0,0.404037
0,0.604704
0,0.566112
0,0.656862
0,0.562948
0,0.77839
0,0.431356
0,0.213127
0,0.658839
0,0.334214
0,0.635571
0,0.20505
0,0.720267
0,0.251944
0,0.575038
0,0.334846
0,0.542651
0,0.289823
0,0.572442
0,0.664844
0,0.256081
0,0.760507
0,0.537766
0,0.476904
0,0.771865
0,0.418423
0,0.304864
0,0.337996
0,0.247792
0,0.421331
0,0.551789
0,0.572895
0,0.507692
0,0.462853
0,0.318786
0,0.452051
0,0.489166
0,0.480814
0,0.380732
0,0.329903
0,0.249005
0,0.32144
0,0.641102
0,0.741404
0,0.442104
0,0.778902
0,0.804218
0,0.302269
0,0.538261
0,0.436436
0,0.157027
0,0.288972
0,0.372238
0,0.309859
0,0.261416
0,0.67303
0,0.547698
0,0.496167
0,0.508783
0,0.168869
0,0.650164
0,0.772668
0,0.240571
0,0.76619
0,0.436648
0,0.369837
0,0.53923
0,0.406118
0,0.312232
0,0.480906
0,0.62763
0,0.752264
0,0.435707
0,0.610731
0,0.458788
0,0.768055
0,0.265878
0,0.715511
0,0.577145
0,0.720821
0,0.374568
0,0.473348
0,0.401374
0,0.491192
0,0.570771
0,0.595868
0,0.866791
0,0.779087
0,0.553291
0,0.706163
0,0.393
0,0.783916
0,0.558647
0,0.664347
0,0.671625
0,0.439621
0,0.818885
0,0.59572
0,0.508719
0,0.354165
0,0.262506
0,0.763265
0,0.492599
0,0.711574
0,0.316393
0,0.872702
0,0.692693
0,0.821168
0,0.643435
0,0.194451
0,0.470734
0,0.719175
0,0.602003
0,0.299318
0,0.605472
0,0.313003
0,0.519022
0,0.123383
0,0.79419
0,0.49174
0,0.544691
0,0.344398
0,0.565633
0,0.182296
0,0.334486
0,0.603249
0,0.500403
0,0.417379
0,0.640364
0,0.728385
0,0.664695
0,0.682462
0,0.338117
0,0.741433
0,0.234034
0,0.621231
0,0.285152
0,0.458846
0,0.577503
0,0.576615
0,0.20182
0,0.615183
0,0.394585
0,0.546565
0,0.52597
0,0.512591
0,0.519031
0,0.435927
0,0.81769
0,0.325213
0,0.226543
0,0.469403
0,0.482239
0,0.515956
0,0.475056
0,0.320034
0,0.332561
0,0.303681
0,0.647545
0,0.6172
0,0.586395
0,0.459057
0,0.568314
0,0.692233
0,0.473682
0,0.692149
0,0.46557
0,0.53969
0,0.729688
0,0.417583
0,0.237257
0,0.497329
0,0.441397
0,0.171406
0,0.621438
0,0.223878
0,0.66047
0,0.48705
0,0.564965
0,0.53475
0,0.450254
0,0.283956
0,0.551804
0,0.478636
0,0.395083
0,0.560902
0,0.733694
0,0.20147
0,0.557161
0,0.758126
0,0.370716
0,0.780312
0,0.610773
0,0.525671
0,0.763206
0,0.82762
0,0.376052
0,0.795983
0,0.38392
0,0.461547
0,0.136168
0,0.735429
0,0.369835
0,0.503537
0,0.490699
0,0.531047
0,0.744497
0,0.379012
0,0.355294
0,0.503641
0,0.597344
0,0.626438
0,0.862316
0,0.498236
0,0.597302
0,0.488845
0,0.219713
0,0.604086
0,0.551128
0,0.45375
0,0.498526
0,0.382646
0,0.325544
0,0.61318
0,0.227641
0,0.48468
0,0.534108
0,0.406077
0,0.523148
0,0.318329
0,0.192752
0,0.512964
0,0.322933
0,0.493919
0,0.310628
0,0.609496
0,0.325693
0,0.528718
0,0.170182
0,0.297268
0,0.249733
0,0.570105
0,0.731826
0,0.774339
0,0.677143
0,0.424436
0,0.702283
0,0.406666
0,0.37099
0,0.529078
0,0.305668
0,0.291119
0,0.090471
0,0.517961
0,0.582128
0,0.33289
0,0.599936
0,0.741208
0,0.523717
0,0.168257
0,0.448633
0,0.380192
0,0.422328
0,0.43041
0,0.822875
0,0.701165
0,0.365404
0,0.436683
0,0.686793
0,0.345785
0,0.376904
0,0.772366
0,0.223908
0,0.259588
0,0.6528
0,0.291521
0,0.582197
0,0.111554
0,0.754163
0,0.405048
0,0.526172
0,0.87816
0,0.501045
0,0.523263
0,0.49541
0,0.522623
0,0.378007
0,0.048004
0,0.544434
0,0.423978
0,0.611511
0,0.413141
0,0.5024
0,0.438613
0,0.216551
0,0.766767
0,0.606874
0,0.301902
0,0.313313
0,0.680958
0,0.604074
0,0.507761
0,0.614448
0,0.448638
0,0.799031
0,0.39973
0,0.776838
0,0.310626
0,0.681304
0,0.758317
0,0.527486
0,0.423173
0,0.513272
0,0.712248
0,0.45608
0,0.832815
0,0.79173
0,0.670403
0,0.228762
0,0.608711
0,0.73229
0,0.220409
0,0.716047
0,0.381469
0,0.724142
0,0.395047
0,0.342904
0,0.671379
0,0.620777
0,0.352927
0,0.245537
0,0.136738
0,0.367192
0,0.569682
0,0.497664
0,0.718767
0,0.534963
0,0.868423
0,0.352809
0,0.260854
0,0.605067
0,0.821585
0,0.690295
0,0.785772
0,0.652074
0,0.407007
0,0.37199
0,0.444027
0,0.549682
0,0.462475
0,0.344276
0,0.311871
0,0.627234
0,0.610945
0,0.753441
0,0.38543
0,0.365986
0,0.692091
0,0.356254
0,0.597764
0,0.685034
0,0.532317
0,0.401468
0,0.141173
0,0.545769
0,0.539951
0,0.732686
0,0.284568
0,0.417288
0,0.339788
0,0.571815
0,0.659427
0,0.473145
0,0.640231
0,0.713495
0,0.345846
0,0.607642
0,0.273507
0,0.588052
0,0.729357
0,0.731989
0,0.546568
0,0.402206
0,0.421288
0,0.448428
0,0.608186
0,0.737979
0,0.435126
0,0.33741
0,0.464837
0,0.738832
0,0.472971
0,0.086409
0,0.570751
0,0.657034
0,0.637864
0,0.397145
0,0.393634
0,0.389672
0,0.543904
0,0.781857
0,0.742852
0,0.701605
0,0.641063
0,0.502001
0,0.577243
0,0.278507
0,0.531416
0,0.351667
0,0.403799
0,0.580972
0,0.551744
0,0.455878
0,0.579997
0,0.303095
0,0.871329
0,0.761178
0,0.250122
0,0.744773
0,0.394116
0,0.204042
0,0.228181
0,0.773727
0,0.462591
0,0.4973
0,0.288163
0,0.400583
0,0.898913
0,0.621131
0,0.458441
0,0.412568
0,0.34526
0,0.659003
0,0.633968
0,0.566113
0,0.550415
0,0.351857
0,0.560906
0,0.483106
0,0.32539
0,0.457181
0,0.18675
0,0.657767
0,0.27792
0,0.155311
0,0.378415
0,0.516938
0,0.676162
0,0.383244
0,0.390505
0,0.334193
0,0.489961
0,0.490886
0,0.406828
0,0.40533
0,0.795989
0,0.341502
0,0.665146
0,0.694148
0,0.49014
0,0.658027
0,0.287681
0,0.503195
0,0.44198
0,0.359487
0,0.658505
0,0.242648
0,0.303684
0,0.513946
0,0.663282
0,0.808742
0,0.121446
0,0.752345
0,0.770071
0,0.259264
0,0.387756
0,0.573264
0,0.493871
0,0.216654
0,0.584759
0,0.28649
0,0.717535
0,0.408514
0,0.659669
0,0.251702
0,0.782173
0,0.39271
0,0.308423
0,0.472045
0,0.735103
0,0.681268
0,0.524768
0,0.294834
0,0.706979
0,0.446851
0,0.365382
0,0.360505
0,0.45901
0,0.53765
0,0.218897
0,0.446666
0,0.571224
0,0.376926
0,0.424732
0,0.508069
0,0.519244
0,0.685653
0,0.207846
0,0.24763
0,0.183068
0,0.556433
0,0.519388
0,0.39028
0,0.4479
0,0.473824
0,0.645306
0,0.479071
0,0.417916
0,0.562413
0,0.764925
0,0.601829
0,0.38216
0,0.296802
0,0.675981
0,0.636064
0,0.590249
0,0.749157
0,0.539747
0,0.688474
0,0.230548
0,0.582171
0,0.378131
0,0.360489
0,0.165063
0,0.710019
0,0.202003
0,0.383641
0,0.186317
0,0.427516
0,0.570183
0,0.893552
0,0.549918
0,0.631679
0,0.430654
0,0.560694
0,0.193191
0,0.516715
0,0.695303
0,0.08352
0,0.186621
0,0.345357
0,0.673272
0,0.446809
0,0.563759
0,0.561748
0,0.271436
0,0.582427
0,0.346638
0,0.406965
0,0.499212
0,0.542257
0,0.460585
0,0.536947
0,0.453254
0,0.335568
0,0.775082
0,0.362916
0,0.758733
0,0.523801
0,0.143926
0,0.497693
0,0.305145
0,0.512408
0,0.43463
0,0.594125
0,0.291577
0,0.662771
0,0.797555
0,0.621151
0,0.375856
0,0.462272
0,0.317022
0,0.202597
0,0.214805
0,0.514162
0,0.715122
0,0.239858
0,0.538867
0,0.345626
0,0.32612
0,0.645628
0,0.733087
0,0.262678
0,0.154819
0,0.497482
0,0.784806
0,0.427111
0,0.22689
0,0.462939
0,0.731575
0,0.268725
0,0.517753
0,0.492629
0,0.842447
0,0.484673
0,0.388144
0,0.42365
0,0.711607
0,0.676221
0,0.356694
0,0.470611
0,0.6138
0,0.243905
0,0.391756
0,0.233056
0,0.671227
0,0.19442
0,0.392972
0,0.604985
0,0.300662
0,0.536197
0,0.429226
0,0.214586
0,0.496342
0,0.708734
0,0.485497
0,0.594011
0,0.457918
0,0.906159
0,0.376629
0,0.33462
0,0.540342
0,0.353034
0,0.513539
0,0.161341
0,0.621316
0,0.317457
0,0.506759
0,0.693829
0,0.293218
0,0.307915
0,0.229852
0,0.077848
0,0.498378
0,0.201149
0,0.244536
0,0.563332
0,0.53316
0,0.603478
0,0.574299
0,0.233002
0,0.387625
0,0.146169
0,0.649901
0,0.539889
0,0.647095
0,0.784377
0,0.546894
0,0.665889
0,0.550184
0,0.331934
0,0.595092
0,0.84777
0,0.414461
0,0.14333
0,0.35035
0,0.440601
0,0.401819
0,0.461689
0,0.416163
0,0.566859
0,0.443591
0,0.522158
0,0.660531
0,0.225664
0,0.574875
0,0.678922
0,0.553654
0,0.529702
0,0.408665
0,0.449087
0,0.44828
0,0.393456
0,0.543711
0,0.516729
0,0.47212
0,0.409769
0,0.573455
0,0.316302
0,0.696136
0,0.595347
0,0.631402
0,0.284755
0,0.347513
0,0.475218
0,0.572358
0,0.518805
0,0.388303
0,0.421401
0,0.359252
0,0.477458
0,0.4283
0,0.457075
0,0.278844
0,0.338413
0,0.514259
0,0.29307
0,0.352055
0,0.162695
0,0.177665
0,0.556042
0,0.30913
0,0.559153
0,0.475064
0,0.333223
0,0.589117
0,0.344912
0,0.533025
0,0.719765
0,0.811874
0,0.7381
0,0.333691
0,0.236568
0,0.359392
0,0.408379
0,0.453716
0,0.574129
0,0.38305
0,0.632288
0,0.706639
0,0.614961
0,0.356507
0,0.720763
0,0.438343
0,0.366324
0,0.623321
0,0.376962
0,0.732136
0,0.277742
0,0.296727
0,0.531802
0,0.371751
0,0.544797
0,0.549891
0,0.488846
0,0.711005
0,0.429647
0,0.214225
0,0.612634
0,0.52177
0,0.36594
0,0.591769
0,0.136734
0,0.339653
0,0.255347
0,0.36579
0,0.698245
0,0.539907
0,0.701453
0,0.302836
0,0.524601
0,0.171156
0,0.499369
0,0.519044
0,0.229712
0,0.461781
0,0.249969
0,0.416842
0,0.746377
0,0.525072
0,0.545913
0,0.232439
0,0.491379
0,0.4978
0,0.693149
0,0.630237
0,0.341073
0,0.490337
0,0.504009
0,0.666265
0,0.706726
0,0.398944
0,0.352433
0,0.513448
0,0.572916
0,0.48364
0,0.200816
0,0.368179
0,0.753963
0,0.371435
0,0.297838
0,0.532712
0,0.591094
0,0.638251
0,0.40421
0,0.585974
0,0.825805
0,0.663436
0,0.385427
0,0.577044
0,0.38342
0,0.803767
0,0.595842
0,0.24481
0,0.492728
0,0.614765
0,0.388887
0,0.476289
0,0.885451
0,0.406391
0,0.818579
0,0.538376
0,0.649721
0,0.31003
0,0.524947
0,0.462334
0,0.411646
0,0.460628
0,0.516102
0,0.797946
0,0.471894
0,0.772914
0,0.73176
0,0.533347
0,0.562873
0,0.246999
0,0.592284
0,0.252922
0,0.361198
0,0.600898
0,0.521896
0,0.386699
0,0.372458
0,0.497576
0,0.708813
0,0.429281
0,0.480088
0,0.556181
0,0.219341
0,0.193492
0,0.33368
0,0.313986
0,0.220412
0,0.658305
0,0.66936
0,0.63837
0,0.507889
0,0.582609
0,0.515793
0,0.632702
0,0.712848
0,0.38529
0,0.572382
0,0.518397
0,0.555331
0,0.198591
0,0.29652
0,0.619277
0,0.430189
0,0.349416
0,0.530944
0,0.139177
0,0.362106
0,0.588554
0,0.652646
0,0.473601
0,0.697606
0,0.654492
0,0.759055
0,0.648567
0,0.157173
0,0.501488
0,0.560118
0,0.362357
0,0.626094
0,0.481045
0,0.769165
0,0.630098
0,0.571703
0,0.493163
0,0.434372
0,0.220584
0,0.459484
0,0.517954
0,0.214073
0,0.503541
0,0.325866
0,0.673025
0,0.508671
0,0.394936
0,0.676698
0,0.532815
0,0.75021
0,0.344354
0,0.623444
0,0.81149
0,0.192775
0,0.530856
0,0.420512
0,0.469787
0,0.574805
0,0.254362
0,0.209844
0,0.86769
0,0.222042
0,0.489583
0,0.067489
0,0.71371
0,0.695078
0,0.370139
0,0.627187
0,0.284168
0,0.348602
0,0.606369
0,0.44692
0,0.280182
0,0.621757
0,0.251022
0,0.256266
0,0.402753
0,0.471476
0,0.737631
0,0.321486
0,0.457624
0,0.721996
0,0.519787
0,0.306263
0,0.38587
0,0.754089
0,0.307181
0,0.484226
0,0.630359
0,0.164139
0,0.733375
0,0.731749
0,0.694493
0,0.221641
0,0.656456
0,0.658455
0,0.373936
0,0.353077
0,0.315874
0,0.470238
0,0.620974
0,0.368347
0,0.213557
0,0.537138
0,0.22792
0,0.227917
0,0.543171
0,0.573562
0,0.866713
0,0.347919
0,0.14384
0,0.305671
0,0.679065
0,0.25916
0,0.465394
0,0.331101
0,0.669123
0,0.52711
0,0.653135
0,0.463598
0,0.60477
0,0.492179
0,0.429229
0,0.643764
0,0.155923
0,0.340501
0,0.721761
0,0.397632
0,0.177814
0,0.564723
0,0.190601
0,0.719423
0,0.515714
0,0.276948
0,0.280733
0,0.510281
0,0.405365
0,0.469892
0,0.240457
0,0.412465
0,0.668349
0,0.674168
0,0.590685
0,0.650128
0,0.716029
0,0.265229
0,0.394535
0,0.485427
0,0.261989
0,0.834646
0,0.404154
0,0.469643
0,0.407042
0,0.588946
0,0.708802
0,0.41398
0,0.293167
0,0.374838
0,0.388973
0,0.188944
0,0.513178
0,0.237593
0,0.205958
0,0.379058
0,0.465992
0,0.537736
0,0.13899
0,0.855351
0,0.41573
0,0.713249
0,0.197982
0,0.37218
0,0.502433
0,0.087314
0,0.411706
0,0.208231
0,0.508329
0,0.353284
0,0.704712
0,0.204711
0,0.633238
0,0.179501
0,0.699166
0,0.398383
0,0.65033
0,0.599413
0,0.579549
0,0.434475
0,0.498137
0,0.557057
0,0.598887
0,0.647061
0,0.779886
0,0.298353
0,0.202402
0,0.550596
0,0.473382
0,0.285884
0,0.692596
0,0.149769
0,0.763452
0,0.480881
0,0.62711
0,0.632334
0,0.167255
0,0.261262
0,0.300409
0,0.458457
0,0.410014
0,0.281404
0,0.468468
0,0.177466
0,0.624669
0,0.603109
0,0.912111
0,0.489889
0,0.66464
0,0.454254
0,0.288126
0,0.321408
0,0.287518
0,0.629286
0,0.398893
0,0.420484
0,0.76943
0,0.506478
0,0.520758
0,0.591762
0,0.896992
0,0.606111
0,0.403501
0,0.353504
0,0.741657
0,0.459333
0,0.365559
0,0.285677
0,0.188834
0,0.850026
0,0.330632
0,0.421102
0,0.378267
0,0.462104
0,0.451138
0,0.562233
0,0.463246
0,0.544401
0,0.639859
0,0.764217
0,0.326116
0,0.369934
0,0.329152
0,0.237291
0,0.241172
0,0.468053
0,0.604312
0,0.289082
0,0.240549
0,0.44139
0,0.420872
0,0.511783
0,0.748141
0,0.718857
0,0.479594
0,0.289487
0,0.28474
0,0.387154
0,0.755979
0,0.384111
0,0.390502
0,0.394394
0,0.160122
0,0.504506
0,0.820295
0,0.342571
0,0.366675
0,0.499035
0,0.475117
0,0.402449
0,0.760855
0,0.336183
0,0.404789
0,0.49216
0,0.133978
0,0.518665
0,0.799967
0,0.546908
0,0.238843
0,0.445328
0,0.68803
0,0.435521
0,0.455527
0,0.469847
0,0.543958
0,0.600365
0,0.274117
0,0.444543
0,0.364432
0,0.295683
0,0.139355
0,0.332544
0,0.457028
0,0.544474
0,0.135361
0,0.743022
0,0.478781
0,0.56749
0,0.643392
0,0.508936
0,0.182597
0,0.508448
0,0.246133
0,0.455995
0,0.328314
0,0.416974
0,0.772577
0,0.370497
0,0.395252
0,0.495882
0,0.369474
0,0.684801
0,0.537283
0,0.656247
0,0.440731
0,0.665812
0,0.585832
0,0.582702
0,0.244421
0,0.825227
0,0.162334
0,0.388633
0,0.501031
0,0.794988
0,0.496492
0,0.270371
0,0.840246
0,0.387843
0,0.552257
0,0.287367
0,0.127386
0,0.40226
0,0.379331
0,0.354557
0,0.756819
0,0.549042
0,0.655653
0,0.745878
0,0.346391
0,0.553316
0,0.47498
0,0.458316
0,0.464745
0,0.486148
0,0.658323
0,0.382541
0,0.582805
0,0.225668
0,0.678354
0,0.209363
0,0.338133
0,0.448064
0,0.228063
0,0.47031
0,0.467101
0,0.746086
0,0.466432
0,0.347676
0,0.357756
0,0.394561
0,0.691097
0,0.460537
0,0.31953
0,0.323611
0,0.362681
0,0.573599
0,0.838594
0,0.420333
0,0.519162
0,0.507914
0,0.203236
0,0.591155
0,0.449197
0,0.379031
0,0.462903
0,0.811874
0,0.778044
0,0.400846
0,0.260037
0,0.750024
0,0.365347
0,0.801793
0,0.667273
0,0.548961
0,0.333433
0,0.312608
0,0.565102
0,0.573136
0,0.812394
0,0.61581
0,0.323477
0,0.252999
0,0.668846
0,0.368678
0,0.708959
0,0.708251
0,0.608346
0,0.672013
0,0.683966
0,0.704177
0,0.644345
0,0.671651
0,0.330104
0,0.52711
0,0.129981
0,0.421798
0,0.80272
0,0.305114
0,0.615469
0,0.473914
0,0.602345
0,0.379724
0,0.529184
0,0.699838
0,0.501078
0,0.72591
0,0.761604
0,0.621167
0,0.756586
0,0.74347
0,0.633281
0,0.5139
0,0.405657
0,0.532928
0,0.736508
0,0.789511
0,0.569133
0,0.586506
0,0.715141
0,0.316029
0,0.532179
0,0.786634
0,0.626413
0,0.298481
0,0.881234
0,0.448133
0,0.487713
0,0.744501
0,0.23446
0,0.363281
0,0.46209
0,0.753794
0,0.463173
0,0.298965
0,0.827871
0,0.51813
0,0.519131
0,0.598437
0,0.236013
0,0.476838
0,0.10778
0,0.645304
0,0.388328
0,0.335842
0,0.176412
0,0.358915
0,0.535681
0,0.433594
0,0.733929
0,0.653291
0,0.176536
0,0.431887
0,0.6775
0,0.315015
0,0.867444
0,0.369379
0,0.430766
0,0.331036
0,0.740613
0,0.45281
0,0.64809
0,0.483761
0,0.257975
0,0.47368
0,0.54156
0,0.325467
0,0.722754
0,0.394227
0,0.622536
0,0.32704
0,0.664432
0,0.533851
0,0.447156
0,0.307687
0,0.259953
0,0.284445
0,0.512105
0,0.379372
0,0.422426
0,0.379998
0,0.549208
0,0.802334
0,0.598565
0,0.395116
0,0.316942
0,0.686726
0,0.424935
0,0.542982
0,0.628667
0,0.449752
0,0.270819
0,0.503694
0,0.38501
0,0.495042
0,0.720642
0,0.087201
0,0.203755
0,0.632296
0,0.33174
0,0.634448
0,0.666885
0,0.243942
0,0.634136
0,0.504204
0,0.266544
0,0.512376
0,0.63916
0,0.443979
0,0.349475
0,0.542173
0,0.439505
0,0.457127
0,0.44845
0,0.299497
0,0.503288
0,0.338853
0,0.553886
0,0.548167
0,0.148996
0,0.381374
0,0.625615
0,0.709028
0,0.682069
0,0.482478
0,0.512807
0,0.278521
0,0.642015
0,0.614845
0,0.546574
0,0.819626
0,0.73886
0,0.558214
0,0.472888
0,0.611333
0,0.241383
0,0.33212
0,0.227402
0,0.215848
0,0.628676
0,0.491198
0,0.738843
0,0.756646
0,0.348123
0,0.471314
0,0.7106
0,0.234609
0,0.388353
0,0.16965
0,0.612938
0,0.457143
0,0.584928
0,0.557858
0,0.534094
0,0.612409
0,0.766683
0,0.839283
0,0.820263
0,0.49813
0,0.647472
0,0.248059
0,0.703469
0,0.702788
0,0.54436
0,0.895779
0,0.717066
0,0.635107
0,0.413616
0,0.841093
0,0.386313
0,0.469923
0,0.431254
0,0.672008
0,0.475099
0,0.338689
0,0.454016
0,0.336988
0,0.431318
0,0.340061
0,0.443623
0,0.484146
0,0.603198
0,0.271607
0,0.641379
0,0.223373
0,0.407178
0,0.483301
0,0.609806
0,0.462897
0,0.411845
0,0.635834
0,0.243169
0,0.357367
0,0.147982
0,0.347432
0,0.277091
0,0.384487
0,0.226792
0,0.843017
0,0.376472
0,0.414305
0,0.699812
0,0.387765
0,0.697856
0,0.333967
0,0.541358
0,0.726888
0,0.352873
0,0.543792
0,0.512526
0,0.682901
0,0.804139
0,0.24834
0,0.279931
0,0.718618
0,0.470428
0,0.580848
0,0.279081
0,0.499565
0,0.454916
0,0.317634
0,0.506264
0,0.659028
0,0.123721
0,0.323272
0,0.659162
0,0.601243
0,0.272873
0,0.503382
0,0.519571
0,0.557737
0,0.541138
0,0.736114
0,0.865427
0,0.330158
0,0.183524
0,0.725458
0,0.546101
0,0.383353
0,0.663074
0,0.669252
0,0.47854
0,0.605845
0,0.347694
0,0.266812
0,0.598305
0,0.435716
0,0.759604
0,0.369288
0,0.506425
0,0.484408
0,0.475694
0,0.391566
0,0.196264
0,0.556728
0,0.362359
0,0.295179
0,0.570152
0,0.054468
0,0.668284
0,0.424064
0,0.798477
0,0.405895
0,0.61403
0,0.183295
0,0.33268
0,0.21309
0,0.305433
0,0.651519
0,0.556916
0,0.550915
0,0.182127
0,0.494713
0,0.482026
0,0.581885
0,0.676043
0,0.418826
0,0.340311
0,0.733833
0,0.677657
0,0.920238
0,0.364955
0,0.36907
0,0.546558
0,0.7199
0,0.564673
0,0.543152
0,0.642229
0,0.296234
0,0.282286
0,0.649981
0,0.285241
0,0.473529
0,0.396207
0,0.611451
0,0.635057
0,0.659327
0,0.573353
0,0.328329
0,0.584082
0,0.45197
0,0.129453
0,0.624548
0,0.445784
0,0.331636
0,0.433785
0,0.498488
0,0.66444
0,0.876129
0,0.37151
0,0.653285
0,0.610968
0,0.427019
0,0.471423
0,0.571456
0,0.103607
0,0.420326
0,0.480012
0,0.663195
0,0.816144
0,0.740858
0,0.594275
0,0.355202
0,0.423566
0,0.767918
0,0.351074
0,0.386201
0,0.344403
0,0.254933
0,0.787328
0,0.656248
0,0.435569
0,0.366528
0,0.723822
0,0.54105
0,0.281891
0,0.334365
0,0.413102
0,0.415326
0,0.463653
0,0.573792
0,0.266764
0,0.635382
0,0.582886
0,0.596683
0,0.643949
0,0.98056
0,0.730563
0,0.407941
0,0.497906
0,0.657812
0,0.454484
0,0.284331
0,0.23178
0,0.501876
0,0.677664
0,0.172124
0,0.619844
0,0.183181
0,0.350273
0,0.343794
0,0.447797
0,0.848131
0,0.652581
0,0.401933
0,0.661851
0,0.343479
0,0.463386
0,0.346473
0,0.601317
0,0.581818
0,0.481675
0,0.533452
0,0.460089
0,0.57928
0,0.47943
0,0.513674
0,0.527964
0,0.335613
0,0.191013
0,0.783244
0,0.810634
0,0.705826
0,0.500118
0,0.613616
0,0.6739
0,0.273194
0,0.53899
0,0.406401
0,0.265536
0,0.556859
0,0.411941
0,0.22825
0,0.676867
0,0.238269
0,0.430219
0,0.438489
0,0.370032
0,0.344017
0,0.632117
0,0.57856
0,0.382316
0,0.770375
0,0.263016
0,0.335717
0,0.4149
0,0.367454
0,0.127074
0,0.600526
0,0.639671
0,0.847934
0,0.783565
0,0.57881
0,0.508704
0,0.582064
0,0.635206
0,0.496072
0,0.821637
0,0.280316
0,0.281345
0,0.416918
0,0.398861
0,0.653127
0,0.147991
0,0.679736
0,0.259127
0,0.62221
0,0.529775
0,0.43142
0,0.370144
0,0.469267
0,0.735337
0,0.40594
0,0.181971
0,0.521633
0,0.28871
0,0.491752
0,0.438637
0,0.616637
0,0.261907
0,0.70731
0,0.307485
0,0.219004
0,0.503862
0,0.432348
0,0.157994
0,0.29215
0,0.593072
0,0.42269
0,0.526441
0,0.552155
0,0.648413
0,0.277593
0,0.554382
0,0.26374
0,0.825231
0,0.428305
0,0.675869
0,0.420799
0,0.596066
0,0.447213
0,0.421244
0,0.52309
0,0.403918
0,0.508885
0,0.354719
0,0.708025
0,0.33896
0,0.650292
0,0.272749
0,0.563021
0,0.680874
0,0.425898
0,0.46439
0,0.495744
0,0.5157
0,0.387401
0,0.603044
0,0.718625
0,0.487631
0,0.712162
0,0.449705
0,0.460763
0,0.268592
0,0.505171
0,0.736237
0,0.603628
0,0.667041
0,0.674488
0,0.523138
0,0.717097
0,0.805269
0,0.537428
0,0.475032
0,0.50731
0,0.507234
0,0.724283
0,0.494347
0,0.517277
0,0.791803
0,0.531206
0,0.546352
0,0.304522
0,0.51646
0,0.38711
0,0.46549
0,0.715541
0,0.640277
0,0.674356
0,0.261673
0,0.552246
0,0.858258
0,0.376287
0,0.253532
0,0.179324
0,0.81855
0,0.504839
0,0.42943
0,0.624979
0,0.733314
0,0.607566
0,0.159048
0,0.441523
0,0.850932
0,0.368654
0,0.638857
0,0.429349
0,0.569553
0,0.649809
0,0.514885
0,0.132934
0,0.29362
0,0.376266
0,0.466755
0,0.580277
0,0.766723
0,0.336577
0,0.213778
0,0.774978
0,0.689425
0,0.537124
0,0.534191
0,0.315593
0,0.67617
0,0.57263
0,0.546152
0,0.720002
0,0.490449
0,0.6201
0,0.61254
0,0.430518
0,0.667475
0,0.368799
0,0.583699
0,0.300375
0,0.315652
0,0.290849
0,0.347617
0,0.389178
0,0.64964
0,0.236031
0,0.502713
0,0.58671
0,0.463602
0,0.750801
0,0.446697
0,0.496099
0,0.682261
0,0.835983
0,0.4347
0,0.724623
0,0.734278
0,0.500051
0,0.862488
0,0.529593
0,0.616232
0,0.603148
0,0.868459
0,0.859758
0,0.487556
0,0.340739
0,0.772901
0,0.422942
0,0.708587
0,0.511174
0,0.322068
0,0.614199
0,0.122066
0,0.312493
0,0.271735
0,0.329933
0,0.76313
0,0.618752
0,0.243668
0,0.650604
0,0.495798
0,0.52377
0,0.632123
0,0.251688
0,0.620181
0,0.372066
0,0.370236
0,0.265008
0,0.847896
0,0.203704
0,0.570105
0,0.476663
0,0.905769
0,0.378025
0,0.781266
0,0.515816
0,0.500364
0,0.568381
0,0.400472
0,0.332981
0,0.56258
0,0.882564
0,0.469756
0,0.375085
0,0.523941
0,0.586241
0,0.203593
0,0.23723
0,0.513565
0,0.318084
0,0.635408
0,0.622636
0,0.441938
0,0.220707
0,0.774949
0,0.394782
0,0.585389
0,0.400143
0,0.625721
0,0.51844
0,0.481268
0,0.504694
0,0.690821
0,0.270309
0,0.448819
0,0.401313
0,0.161785
0,0.645105
0,0.380312
0,0.241703
0,0.453187
0,0.376479
0,0.870795
0,0.577775
0,0.441755
0,0.420582
0,0.231005
0,0.772618
0,0.628847
0,0.795138
0,0.502829
0,0.425899
0,0.521514
0,0.388975
0,0.425876
0,0.447978
0,0.726541
0,0.414393
0,0.451947
0,0.528114
0,0.338326
0,0.399652
0,0.269806
0,0.706998
0,0.623679
0,0.53741
0,0.549434
0,0.366569
0,0.542036
0,0.680715
0,0.260589
0,0.826282
0,0.435003
0,0.547642
0,0.398474
0,0.6068
0,0.538557
0,0.614638
0,0.388235
0,0.804702
0,0.428827
0,0.725678
0,0.680476
0,0.745662
0,0.206802
0,0.129826
0,0.827612
0,0.581303
0,0.639057
0,0.400399
0,0.529323
0,0.280534
0,0.395961
0,0.297601
0,0.396795
0,0.30591
0,0.788132
0,0.544554
0,0.577883
0,0.256005
0,0.583431
0,0.742839
0,0.462712
0,0.509267
0,0.724963
0,0.683092
0,0.454833
0,0.684778
0,0.432795
0,0.267121
0,0.645096
0,0.416347
0,0.525163
0,0.316584
0,0.703449
0,0.691637
0,0.420931
0,0.438938
0,0.426803
0,0.575604
0,0.553905
0,0.63731
0,0.344643
0,0.308647
0,0.490613
0,0.476957
0,0.464429
0,0.642368
0,0.677806
0,0.230387
0,0.377229
0,0.698513
0,0.447614
0,0.341746
0,0.764921
0,0.455849
0,0.451057
0,0.294105
0,0.310148
0,0.502068
0,0.313862
0,0.623567
0,0.280034
0,0.314687
0,0.588166
0,0.429286
0,0.28692
0,0.52125
0,0.738624
0,0.663677
0,0.569386
0,0.447699
0,0.465814
0,0.839033
0,0.53225
0,0.120365
0,0.354306
0,0.347461
0,0.669635
0,0.362059
0,0.885089
0,0.212847
0,0.78483
0,0.320091
0,0.454479
0,0.371019
0,0.129537
0,0.281839
0,0.589218
0,0.743522
0,0.603831
0,0.418652
0,0.37677
0,0.609932
0,0.322303
0,0.502015
0,0.518912
0,0.338912
0,0.5547
0,0.279882
0,0.923552
0,0.811108
0,0.307778
0,0.525564
0,0.181764
0,0.127153
0,0.771153
0,0.276081
0,0.441249
0,0.725924
0,0.543067
0,0.537215
0,0.334702
0,0.362988
0,0.593592
0,0.213496
0,0.207803
0,0.31904
0,0.615732
0,0.561442
0,0.319689
0,0.344074
0,0.46202
0,0.24069
0,0.201141
0,0.32481
0,0.740905
0,0.513999
0,0.423088
0,0.467341
0,0.643424
0,0.609753
0,0.201692
0,0.671708
0,0.819433
0,0.453982
0,0.733505
0,0.499085
0,0.59458
0,0.33305
0,0.21288
0,0.200093
0,0.365768
0,0.534169
0,0.508251
0,0.527593
0,0.670551
0,0.276003
0,0.411552
0,0.655107
0,0.778757
0,0.388643
0,0.247625
0,0.446545
0,0.471682
0,0.681939
0,0.406817
0,0.515354
0,0.443735
0,0.775488
0,0.293086
0,0.426879
0,0.632879
0,0.260699
0,0.712655
0,0.540802
0,0.423461
0,0.743408
0,0.637388
0,0.371583
0,0.563954
0,0.351548
0,0.477675
0,0.578639
0,0.412282
0,0.410083
0,0.258382
0,0.259984
0,0.178198
0,0.614695
0,0.403933
0,0.394512
0,0.374826
0,0.641368
0,0.529814
0,0.781732
0,0.616533
0,0.838099
0,0.398606
0,0.359958
0,0.687951
0,0.759188
0,0.36172
0,0.627907
0,0.201194
0,0.940587
0,0.167419
0,0.16097
0,0.442275
0,0.601756
0,0.389036
0,0.465695
0,0.404049
0,0.348158
0,0.403501
0,0.345614
0,0.397268
0,0.244542
0,0.448703
0,0.505072
0,0.488285
0,0.566608
0,0.41461
0,0.145879
0,0.760989
0,0.485381
0,0.423872
0,0.415465
0,0.874738
0,0.527311
0,0.546598
0,0.622668
0,0.516796
0,0.299213
0,0.565537
0,0.315823
0,0.385497
0,0.684105
0,0.51162
0,0.390124
0,0.231112
0,0.243759
0,0.245494
0,0.280297
0,0.565293
0,0.813559
0,0.315955
0,0.600988
0,0.562029
0,0.692734
0,0.550961
0,0.667172
0,0.929795
0,0.653369
0,0.418118
0,0.775415
0,0.781456
0,0.367956
0,0.386079
0,0.402512
0,0.15526
0,0.396453
0,0.553904
0,0.413409
0,0.427201
0,0.554958
0,0.415493
0,0.473268
0,0.336835
0,0.385291
0,0.724935
0,0.380158
0,0.583941
0,0.255704
0,0.457139
0,0.685016
0,0.745682
0,0.482868
0,0.392187
0,0.482403
0,0.654333
0,0.304339
0,0.455952
0,0.822919
0,0.284827
0,0.243084
0,0.764029
0,0.237014
0,0.211408
0,0.459196
0,0.122448
0,0.34475
0,0.077112
0,0.512009
0,0.569772
0,0.639211
0,0.202344
0,0.413105
0,0.50366
0,0.520026
0,0.319513
0,0.281739
0,0.278752
0,0.43666
0,0.77806
0,0.57878
0,0.707764
0,0.204547
0,0.745879
0,0.456656
0,0.4794
0,0.438014
0,0.580544
0,0.272071
0,0.834444
0,0.253135
0,0.352657
0,0.492081
0,0.461023
0,0.439139
0,0.295716
0,0.146664
0,0.213568
0,0.530937
0,0.589184
0,0.575395
0,0.536396
0,0.44014
0,0.671758
0,0.499114
0,0.46619
0,0.249589
0,0.104002
0,0.510586
0,0.480541
0,0.51016
0,0.603634
0,0.272712
0,0.560065
0,0.321773
0,0.455252
0,0.709787
0,0.17911
0,0.198527
0,0.592057
0,0.480662
0,0.475924
0,0.20387
0,0.621521
0,0.652349
0,0.208375
0,0.508828
0,0.548181
0,0.316168
0,0.30378
0,0.475433
0,0.702948
0,0.608448
0,0.311202
0,0.680789
0,0.232285
0,0.366056
0,0.82286
0,0.679609
0,0.647524
0,0.432266
0,0.329184
0,0.300782
0,0.330547
0,0.649401
0,0.525225
0,0.42666
0,0.636597
0,0.386986
0,0.454111
0,0.692534
0,0.498486
0,0.473398
0,0.661187
0,0.494602
0,0.281451
0,0.554543
0,0.715767
0,0.523487
0,0.659057
0,0.462642
0,0.268438
0,0.478047
0,0.514293
0,0.72951
0,0.514361
0,0.573357
0,0.252307
0,0.587892
0,0.437953
0,0.390655
0,0.496285
0,0.634825
0,0.256259
0,0.749425
0,0.195854
0,0.239636
0,0.731808
0,0.550407
0,0.440013
0,0.367153
0,0.414913
0,0.468716
0,0.33298
0,0.09937
0,0.332346
0,0.250214
0,0.820393
0,0.583464
0,0.554717
0,0.770906
0,0.626799
0,0.150856
0,0.380497
0,0.396797
0,0.567826
0,0.563943
0,0.329771
0,0.427252
0,0.754141
0,0.41397
0,0.389316
0,0.561897
0,0.243237
0,0.219211
0,0.419408
0,0.541312
0,0.222562
0,0.627587
0,0.560273
0,0.324938
0,0.403722
0,0.265119
0,0.574702
0,0.76776
0,0.300914
0,0.205376
0,0.455693
0,0.33825
0,0.506978
0,0.420213
0,0.71817
0,0.866747
0,0.615356
0,0.707386
0,0.170114
0,0.330288
0,0.503317
0,0.406032
0,0.40867
0,0.240401
0,0.627673
0,0.209204
0,0.2541
0,0.228013
0,0.2563
0,0.540859
0,0.307451
0,0.77587
0,0.623946
0,0.481761
0,0.370528
0,0.537724
0,0.499094
0,0.881472
0,0.56933
0,0.605641
0,0.480158
0,0.460938
0,0.469705
0,0.615263
0,0.477533
0,0.684374
0,0.413652
0,0.527122
0,0.527624
0,0.456695
0,0.433682
0,0.25425
0,0.801913
0,0.60821
0,0.460822
0,0.486201
0,0.505667
0,0.705049
0,0.645723
0,0.469413
0,0.47528
0,0.512846
0,0.542248
0,0.449767
0,0.360328
0,0.347726
0,0.661148
0,0.48924
0,0.256074
0,0.608554
0,0.594931
0,0.401012
0,0.390898
0,0.720851
0,0.363831
0,0.39186
0,0.556154
0,0.920635
0,0.518589
0,0.326742
0,0.194558
0,0.721013
0,0.30648
0,0.391392
0,0.555236
0,0.840453
0,0.313393
0,0.452438
0,0.275561
0,0.291909
0,0.716645
0,0.474556
0,0.790106
0,0.473063
0,0.822638
0,0.657211
0,0.373268
0,0.769229
0,0.359254
0,0.237114
0,0.730682
0,0.516899
0,0.581887
0,0.472653
0,0.618658
0,0.412726
0,0.61627
0,0.393117
0,0.524974
0,0.55698
0,0.689787
0,0.19946
0,0.428503
0,0.388596
0,0.74086
0,0.450563
0,0.645184
0,0.255193
0,0.687055
0,0.373862
0,0.556162
0,0.662339
0,0.668348
0,0.290001
0,0.509856
0,0.312054
0,0.620275
0,0.470667
0,0.76836
0,0.0962
0,0.388297
0,0.338347
0,0.567439
0,0.373294
0,0.641853
0,0.509629
0,0.506939
0,0.658127
0,0.564663
0,0.679821
0,0.562191
0,0.36921
0,0.300044
0,0.76358
0,0.398892
0,0.301043
0,0.377039
0,0.644006
0,0.688527
0,0.185173
0,0.647042
0,0.441824
0,0.585468
0,0.611028
0,0.2459
0,0.720735
0,0.241172
0,0.280728
0,0.382713
0,0.48839
0,0.342863
0,0.197986
0,0.648079
0,0.348616
0,0.456135
0,0.360065
0,0.691815
0,0.372977
0,0.495323
0,0.961793
0,0.394354
0,0.274756
0,0.418837
0,0.631046
0,0.586291
0,0.465013
0,0.323971
0,0.412813
0,0.714762
0,0.164955
0,0.464822
0,0.468246
0,0.480255
0,0.441024
0,0.596015
0,0.458495
0,0.606761
0,0.502135
0,0.414184
0,0.294644
0,0.580668
0,0.669246
0,0.611222
0,0.554093
0,0.468959
0,0.788101
0,0.394839
0,0.57407
0,0.435018
0,0.21685
0,0.20771
0,0.280101
0,0.314907
0,0.494318
0,0.538758
0,0.453723
0,0.754334
0,0.349673
0,0.366155
0,0.285161
0,0.440834
0,0.518784
0,0.216385
0,0.591039
0,0.48754
0,0.558474
0,0.22263
0,0.563517
0,0.651098
0,0.529754
0,0.135933
0,0.35733
0,0.449374
0,0.484562
0,0.155929
0,0.425822
0,0.478536
0,0.613183
0,0.09269
0,0.383209
0,0.720743
0,0.439764
0,0.319728
0,0.578012
0,0.562812
0,0.44569
0,0.500348
0,0.500224
0,0.679307
0,0.633287
0,0.833397
0,0.595932
0,0.4925
0,0.226699
0,0.299001
0,0.751553
0,0.51314
0,0.588118
0,0.56248
0,0.619326
0,0.293776
0,0.669515
0,0.404243
0,0.257363
0,0.409494
0,0.594742
0,0.272893
0,0.463601
0,0.403432
0,0.727673
0,0.656371
0,0.846002
0,0.236634
0,0.367697
0,0.433461
0,0.839574
0,0.647888
0,0.341371
0,0.334194
0,0.84322
0,0.360958
0,0.561932
0,0.850949
0,0.174271
0,0.491101
0,0.571147
0,0.708612
0,0.682279
0,0.567962
0,0.529658
0,0.522299
0,0.368206
0,0.270853
0,0.398278
0,0.666923
0,0.293429
0,0.539425
0,0.808498
0,0.647866
0,0.359296
0,0.545655
0,0.607452
0,0.357993
0,0.304785
0,0.379237
0,0.571184
0,0.24119
0,0.273299
0,0.391011
0,0.244231
0,0.352432
0,0.148876
0,0.524186
0,0.377333
0,0.698614
0,0.772762
0,0.874301
0,0.446491
0,0.300593
0,0.645487
0,0.191495
0,0.705271
0,0.429855
0,0.278416
0,0.495282
0,0.708793
0,0.464502
0,0.427579
0,0.286097
0,0.363735
0,0.842391
0,0.429513
0,0.411113
0,0.484743
0,0.70416
0,0.54386
0,0.602416
0,0.52585
0,0.76582
0,0.380199
0,0.559554
0,0.394929
0,0.437189
0,0.229819
0,0.625178
0,0.439602
0,0.506258
0,0.400679
0,0.774564
0,0.489661
0,0.562362
0,0.526036
0,0.598693
0,0.629121
0,0.357263
0,0.675529
0,0.081587
0,0.56412
0,0.714107
0,0.306462
0,0.353463
0,0.328597
0,0.688072
0,0.419026
0,0.53075
0,0.371306
0,0.836553
0,0.307301
0,0.536482
0,0.46505
0,0.630692
0,0.437805
0,0.349778
0,0.263626
0,0.337438
0,0.453348
0,0.741736
0,0.205924
0,0.486477
0,0.332987
0,0.606018
0,0.786502
0,0.499831
0,0.304859
0,0.457932
0,0.949767
0,0.672298
0,0.554264
0,0.267932
0,0.708681
0,0.382409
0,0.440642
0,0.806222
0,0.707623
0,0.324763
0,0.747375
0,0.532132
0,0.411092
0,0.522778
0,0.610628
0,0.367389
0,0.789318
0,0.726318
0,0.299947
0,0.464181
0,0.72517
0,0.249417
0,0.399275
0,0.457631
0,0.732091
0,0.378522
0,0.625432
0,0.406066
0,0.570046
0,0.508396
0,0.446316
0,0.369303
0,0.402515
0,0.308533
0,0.167681
0,0.495215
0,0.589317
0,0.296543
0,0.779808
0,0.606253
0,0.455736
0,0.245366
0,0.624928
0,0.883109
0,0.288041
0,0.655702
0,0.556759
0,0.504358
0,0.596092
0,0.280829
0,0.536231
0,0.538856
0,0.592851
0,0.321161
0,0.768901
0,0.513518
0,0.511871
0,0.600251
0,0.540239
0,0.370473
0,0.345208
0,0.322169
0,0.655478
0,0.542453
0,0.224406
0,0.400395
0,0.354708
0,0.411718
0,0.465392
0,0.366815
0,0.633118
0,0.613493
0,0.228236
0,0.618397
0,0.390127
0,0.406666
0,0.670368
0,0.432622
0,0.31545
0,0.48812
0,0.363067
0,0.728282
0,0.2208
0,0.49182
0,0.324703
0,0.325189
0,0.414055
0,0.562511
0,0.436506
0,0.588538
0,0.759426
0,0.638512
0,0.420445
0,0.420906
0,0.573823
0,0.643781
0,0.351744
0,0.427895
0,0.660614
0,0.591343
0,0.325275
0,0.570292
0,0.339817
0,0.642474
0,0.266983
0,0.242966
0,0.771397
0,0.464642
0,0.729419
0,0.398935
0,0.53846
0,0.267631
0,0.571303
0,0.640551
0,0.636868
0,0.24832
0,0.41104
0,0.49231
0,0.355245
0,0.681206
0,0.24633
0,0.71083
0,0.21415
0,0.564362
0,0.653185
0,0.445952
0,0.806321
0,0.482033
0,0.522132
0,0.243948
0,0.670287
0,0.737305
0,0.266194
0,0.294768
0,0.705121
0,0.481639
0,0.509134
0,0.512885
0,0.555303
0,0.506355
0,0.453683
0,0.390588
0,0.50461
0,0.499605
0,0.142442
0,0.329651
0,0.581589
0,0.426102
0,0.643802
0,0.394026
0,0.410009
0,0.502805
0,0.522907
0,0.744697
0,0.652866
0,0.538821
0,0.495227
0,0.358932
0,0.509226
0,0.424249
0,0.389486
0,0.144563
0,0.11814
0,0.400938
0,0.531281
0,0.736654
0,0.749772
0,0.707394
0,0.247141
0,0.677471
0,0.569308
0,0.471763
0,0.433519
0,0.155696
0,0.260158
0,0.574916
0,0.318174
0,0.608117
0,0.481575
0,0.480994
0,0.486526
0,0.75689
0,0.818329
0,0.11685
0,0.647755
0,0.28045
0,0.458228
0,0.481638
0,0.396846
0,0.448338
0,0.37714
0,0.478391
0,0.659525
0,0.635495
0,0.450888
0,0.413966
0,0.567432
0,0.262533
0,0.374664
0,0.431965
0,0.60546
0,0.325136
0,0.364728
0,0.515046
0,0.244298
0,0.248313
0,0.631973
0,0.748163
0,0.735425
0,0.596953
0,0.474112
0,0.204085
0,0.410752
0,0.553401
0,0.456923
0,0.334083
0,0.504557
0,0.189861
0,0.321695
0,0.410277
0,0.785808
0,0.699854
0,0.315312
0,0.523208
0,0.540872
0,0.439183
0,0.591219
0,0.443851
0,0.298151
0,0.264526
0,0.131122
0,0.234858
0,0.226653
0,0.703263
0,0.489886
0,0.685025
0,0.742995
0,0.607692
0,0.348232
0,0.533612
0,0.46056
0,0.392844
0,0.440094
0,0.721213
0,0.259545
0,0.754414
0,0.256052
0,0.759977
0,0.664385
0,0.743298
0,0.440949
0,0.564288
0,0.428141
0,0.45882
0,0.49078
0,0.709697
0,0.392091
0,0.746126
0,0.466495
0,0.30937
0,0.242579
0,0.437278
0,0.573408
0,0.711894
0,0.237136
0,0.649658
0,0.662073
0,0.684677
0,0.210173
0,0.213718
0,0.278731
0,0.393382
0,0.489675
0,0.380286
0,0.183134
0,0.502449
0,0.756484
0,0.486528
0,0.552846
0,0.436619
0,0.567955
0,0.628525
0,0.535158
0,0.438481
0,0.637897
0,0.467305
0,0.530941
0,0.319218
0,0.654735
0,0.212889
0,0.420392
0,0.383719
0,0.615416
0,0.510114
0,0.449712
0,0.378894
0,0.183498
0,0.843433
0,0.218456
0,0.217986
0,0.856417
0,0.662357
0,0.46618
0,0.694451
0,0.627434
0,0.336072
0,0.387596
0,0.508607
0,0.338292
0,0.386111
0,0.362393
0,0.468289
0,0.816566
0,0.563973
0,0.671895
0,0.637522
0,0.420141
0,0.418041
0,0.315439
0,0.606178
0,0.536072
0,0.530303
0,0.373541
0,0.614951
0,0.354763
0,0.63413
0,0.559088
0,0.572151
0,0.393057
0,0.532105
0,0.195985
0,0.316127
0,0.426092
0,0.536418
0,0.35476
0,0.308671
0,0.341021
0,0.359824
0,0.752856
0,0.882586
0,0.229274
0,0.56292
0,0.554696
0,0.228725
0,0.591747
0,0.656487
0,0.478578
0,0.671446
0,0.565251
0,0.369159
0,0.357821
0,0.484952
0,0.66681
0,0.433831
0,0.636233
0,0.564645
0,0.842135
0,0.108501
0,0.749036
0,0.631404
0,0.346971
0,0.226938
0,0.740064
0,0.436857
0,0.499593
0,0.316947
0,0.553965
0,0.602345
0,0.36137
0,0.480933
0,0.464742
0,0.655755
0,0.6362
0,0.420231
0,0.451515
0,0.178538
0,0.412642
0,0.448857
0,0.23018
0,0.462895
0,0.752306
0,0.275304
0,0.586356
0,0.315663
0,0.465222
0,0.25567
0,0.404035
0,0.269658
0,0.539676
0,0.357879
0,0.529415
0,0.582078
0,0.360662
0,0.273381
0,0.237992
0,0.723339
0,0.660347
0,0.694922
0,0.358261
0,0.603744
0,0.510802
0,0.894433
0,0.18109
0,0.749898
0,0.243586
0,0.277975
0,0.219564
0,0.347526
0,0.370903
0,0.520028
0,0.488901
0,0.449508
0,0.902511
0,0.423871
0,0.704646
0,0.393468
0,0.62113
0,0.472531
0,0.348171
0,0.651009
0,0.846384
0,0.500745
0,0.221695
0,0.369335
0,0.521969
0,0.516636
0,0.495293
0,0.609988
0,0.507918
0,0.284081
0,0.469392
0,0.458227
0,0.802357
0,0.668449
0,0.527085
0,0.448321
0,0.49053
0,0.533531
0,0.416422
0,0.77057
0,0.782807
0,0.322692
0,0.696816
0,0.466941
0,0.576973
0,0.749725
0,0.756728
0,0.270422
0,0.523308
0,0.639597
0,0.55666
0,0.284195
0,0.497409
0,0.462295
0,0.62263
0,0.409859
0,0.604279
0,0.579358
0,0.494211
0,0.597426
0,0.350231
0,0.603406
0,0.65802
0,0.314681
0,0.411922
0,0.686444
0,0.09286
0,0.169146
0,0.043434
0,0.371961
0,0.493683
0,0.638038
0,0.287697
0,0.294413
0,0.574497
0,0.308442
0,0.655504
0,0.641724
0,0.701893
0,0.194282
0,0.752582
0,0.602949
0,0.186763
0,0.720411
0,0.686698
0,0.466943
0,0.491259
0,0.568945
0,0.382264
0,0.296644
0,0.442205
0,0.634077
0,0.48789
0,0.513745
0,0.5218
0,0.604686
0,0.699918
0,0.22088
0,0.613365
0,0.92529
0,0.485638
0,0.202022
0,0.406104
0,0.196757
0,0.220671
0,0.417099
0,0.30627
0,0.609278
0,0.403943
0,0.480966
0,0.328932
0,0.378078
0,0.535474
0,0.585938
0,0.671434
0,0.473761
0,0.533073
0,0.178625
0,0.690004
0,0.58138
0,0.441047
0,0.60151
0,0.583065
0,0.612405
0,0.481318
0,0.378267
0,0.546266
0,0.72824
0,0.753833
0,0.339218
0,0.407989
0,0.694941
0,0.684021
0,0.544397
0,0.639983
0,0.499613
0,0.47508
0,0.345227
0,0.6753
0,0.388599
0,0.505364
0,0.131281
0,0.555345
0,0.599526
0,0.266583
0,0.40692
0,0.632095
0,0.364887
0,0.478002
0,0.495353
0,0.608138
0,0.492572
0,0.528567
0,0.484832
0,0.609429
0,0.654008
0,0.712943
0,0.277241
0,0.647236
0,0.414267
0,0.803356
0,0.579956
0,0.540036
0,0.650136
0,0.240955
0,0.526214
0,0.581985
0,0.409688
0,0.770472
0,0.430972
0,0.472427
0,0.43758
0,0.209512
0,0.539331
0,0.476485
0,0.479106
0,0.500329
0,0.354393
0,0.452714
0,0.587095
0,0.400045
0,0.566503
0,0.612788
0,0.784119
0,0.524966
0,0.413643
0,0.538543
0,0.447951
0,0.719913
0,0.342163
0,0.346099
0,0.740049
0,0.649438
0,0.389373
0,0.520346
0,0.225878
0,0.771299
0,0.454227
0,0.449874
0,0.345176
0,0.157174
0,0.449487
0,0.757002
0,0.604121
0,0.371063
0,0.454794
0,0.668563
0,0.427643
0,0.508766
0,0.504234
0,0.580538
0,0.591801
0,0.433568
0,0.842504
0,0.320792
0,0.499333
0,0.458735
0,0.339246
0,0.270087
0,0.317097
0,0.542379
0,0.7327
0,0.471542
0,0.596868
0,0.330627
0,0.622502
0,0.592328
0,0.535639
0,0.464067
0,0.508522
0,0.503554
0,0.62597
0,0.322572
0,0.291688
0,0.8818
0,0.381161
0,0.365774
0,0.800987
0,0.735656
0,0.429617
0,0.411409
0,0.386384
0,0.948274
0,0.744927
0,0.168225
0,0.616963
0,0.717721
0,0.461864
0,0.608355
0,0.570687
0,0.243265
0,0.600346
0,0.357263
0,0.38404
0,0.387265
0,0.58975
0,0.465812
0,0.31107
0,0.712074
0,0.870838
0,0.335349
0,0.670571
0,0.345492
0,0.721323
0,0.660075
0,0.407288
0,0.655746
0,0.145775
0,0.324846
0,0.337678
0,0.253029
0,0.500181
0,0.366799
0,0.537669
0,0.424789
0,0.737866
0,0.318627
0,0.446214
0,0.557875
0,0.441667
0,0.713233
0,0.106523
0,0.298867
0,0.695198
0,0.635826
0,0.489077
0,0.417021
0,0.437633
0,0.330323
0,0.174046
0,0.527285
0,0.592601
0,0.502009
0,0.630721
0,0.360147
0,0.512516
0,0.55787
0,0.3391
0,0.356677
0,0.51273
0,0.4666
0,0.689392
0,0.628193
0,0.497624
0,0.386304
0,0.590653
0,0.345765
0,0.765483
0,0.653145
0,0.429349
0,0.803385
0,0.517669
0,0.272825
0,0.204209
0,0.691762
0,0.617825
0,0.597721
0,0.618445
0,0.584834
0,0.64092
0,0.577959
0,0.473093
0,0.463869
0,0.620636
0,0.455181
0,0.468678
0,0.666097
0,0.494343
0,0.450287
0,0.387854
0,0.481084
0,0.457659
0,0.332198
0,0.485422
0,0.58018
0,0.653153
0,0.542244
0,0.593659
0,0.34214
0,0.248494
0,0.715024
0,0.699087
0,0.622649
0,0.534377
0,0.400139
0,0.532011
0,0.606629
0,0.540544
0,0.325841
0,0.793117
0,0.08215
0,0.640345
0,0.685554
0,0.50777
0,0.398351
0,0.662618
0,0.490033
0,0.421397
0,0.352909
0,0.508009
0,0.349243
0,0.458296
0,0.355299
0,0.352751
0,0.375549
0,0.472934
0,0.460273
0,0.560218
0,0.33712
0,0.567947
0,0.613038
0,0.550998
0,0.608622
0,0.602573
0,0.757203
0,0.269993
0,0.514411
0,0.923742
0,0.211752
0,0.376873
0,0.487752
0,0.382611
0,0.355897
0,0.52302
0,0.715945
0,0.102991
0,0.827528
0,0.463943
0,0.69877
0,0.535992
0,0.814508
0,0.409138
0,0.743991
0,0.483244
0,0.561866
0,0.755341
0,0.513542
0,0.435448
0,0.706156
0,0.777961
0,0.679527
0,0.708744
0,0.678581
0,0.252516
0,0.547885
0,0.614534
0,0.499414
0,0.729051
0,0.61451
0,0.698169
0,0.394921
0,0.535118
0,0.697751
0,0.210477
0,0.867646
0,0.346968
0,0.375176
0,0.605858
0,0.458757
0,0.860325
0,0.225431
0,0.583368
0,0.471251
0,0.344736
0,0.417786
0,0.590404
0,0.598855
0,0.575385
0,0.273623
0,0.644795
0,0.307532
0,0.319177
0,0.566825
0,0.452841
0,0.724903
0,0.700807
0,0.36855
0,0.54643
0,0.637947
0,0.602977
0,0.458693
0,0.733809
0,0.446445
0,0.825338
0,0.595337
0,0.34605
0,0.379825
0,0.778208
0,0.516966
0,0.526047
0,0.411459
0,0.562889
0,0.3507
0,0.347078
0,0.590071
0,0.352386
0,0.507456
0,0.650263
0,0.686347
0,0.404112
0,0.29221
0,0.709964
0,0.570043
0,0.529362
0,0.366839
0,0.701742
0,0.629274
0,0.726611
0,0.471147
0,0.84855
0,0.314872
0,0.8718
0,0.542514
0,0.723236
0,0.590745
0,0.688707
0,0.680836
0,0.496599
0,0.770049
0,0.388026
0,0.419183
0,0.248344
0,0.552843
0,0.640803
0,0.348781
0,0.779443
0,0.60404
0,0.58428
0,0.399089
0,0.593383
0,0.337203
0,0.458889
0,0.245909
0,0.6985
0,0.470442
0,0.425792
0,0.504098
0,0.26869
0,0.480781
0,0.324899
0,0.844924
0,0.531732
0,0.50946
0,0.29209
0,0.26298
0,0.37671
0,0.617827
0,0.704676
0,0.759614
0,0.267606
0,0.480041
0,0.797828
0,0.737929
0,0.552429
0,0.643959
0,0.336938
0,0.487002
0,0.111701
0,0.277192
0,0.297085
0,0.666516
0,0.215387
0,0.359423
0,0.673148
0,0.470204
0,0.645129
0,0.39638
0,0.582567
0,0.66101
0,0.29505
0,0.114525
0,0.257783
0,0.497573
0,0.513084
0,0.47668
0,0.281618
0,0.296446
0,0.659326
0,0.129739
0,0.470737
0,0.663162
0,0.474979
0,0.180659
0,0.605079
0,0.67343
0,0.131822
0,0.846367
0,0.302198
0,0.725801
0,0.210186
0,0.476053
0,0.389239
0,0.313542
0,0.438534
0,0.469308
0,0.436371
0,0.565914
0,0.76888
0,0.577552
0,0.720521
0,0.641233
0,0.681529
0,0.08103
0,0.433464
0,0.477573
0,0.539215
0,0.752599
0,0.753143
0,0.250387
0,0.234955
0,0.527269
0,0.5851
0,0.483823
0,0.790087
0,0.617705
0,0.75265
0,0.380919
0,0.351813
0,0.235763
0,0.55523
0,0.513427
0,0.273664
0,0.288897
0,0.487776
0,0.485438
0,0.519929
0,0.523903
0,0.64333
0,0.423041
0,0.65827
0,0.376468
0,0.442329
0,0.36984
0,0.628308
0,0.478952
0,0.473044
0,0.516046
0,0.592895
0,0.353173
0,0.611142
0,0.466198
0,0.560631
0,0.254849
0,0.511692
0,0.539027
0,0.546455
0,0.577544
0,0.472281
0,0.520222
0,0.580262
0,0.093147
0,0.291679
0,0.382035
0,0.642265
0,0.281245
0,0.650957
0,0.547694
0,0.271717
0,0.600329
0,0.404542
0,0.512824
0,0.348179
0,0.436509
0,0.40846
0,0.272067
0,0.398475
0,0.619126
0,0.188918
0,0.534668
0,0.441694
0,0.37277
0,0.620913
0,0.41608
0,0.617081
0,0.506846
0,0.455303
0,0.524337
0,0.600498
0,0.155544
0,0.644223
0,0.620907
0,0.659763
0,0.608338
0,0.656375
0,0.189454
0,0.295058
0,0.183344
0,0.425603
0,0.317325
0,0.653855
0,0.589839
0,0.373421
0,0.43965
0,0.914275
0,0.469984
0,0.37928
0,0.464745
0,0.452808
0,0.459424
0,0.497216
0,0.48975
0,0.49904
0,0.417216
0,0.759076
0,0.325527
0,0.210481
0,0.54014
0,0.573615
0,0.35323
0,0.328986
0,0.345965
0,0.640599
0,0.71698
0,0.355441
0,0.77006
0,0.376264
0,0.236157
0,0.899174
0,0.256081
0,0.615701
0,0.657434
0,0.404721
0,0.121672
0,0.385089
0,0.328644
0,0.827496
0,0.51301
0,0.450644
0,0.650178
0,0.679728
0,0.345919
0,0.333676
0,0.344985
0,0.272811
0,0.787798
0,0.50937
0,0.249115
0,0.684057
0,0.436937
0,0.489389
0,0.567137
0,0.317263
0,0.744908
0,0.627981
0,0.258423
0,0.682067
0,0.569325
0,0.24306
0,0.678538
0,0.484176
0,0.67265
0,0.332469
0,0.688626
0,0.642102
0,0.560479
0,0.093375
0,0.218813
0,0.28974
0,0.213697
0,0.465304
0,0.557303
0,0.51252
0,0.542682
0,0.598937
0,0.7042
0,0.582541
0,0.685003
0,0.479796
0,0.329008
0,0.289923
0,0.608463
0,0.471179
0,0.745555
0,0.564961
0,0.624141
0,0.368302
0,0.461327
0,0.428806
0,0.373878
0,0.314964
0,0.199867
0,0.429597
0,0.353007
0,0.454363
0,0.781239
0,0.313489
0,0.320999
0,0.549678
0,0.477004
0,0.723581
0,0.459207
0,0.243684
0,0.604302
0,0.478889
0,0.697345
0,0.563463
0,0.569323
0,0.573111
0,0.268401
0,0.221172
0,0.70134
0,0.607832
0,0.771968
0,0.9526
0,0.321793
0,0.661963
0,0.148426
0,0.294178
0,0.35601
0,0.511266
0,0.499171
0,0.641198
0,0.471594
0,0.124242
0,0.574316
0,0.524032
0,0.694178
0,0.693513
0,0.804256
0,0.348565
0,0.703607
0,0.395349
0,0.631958
0,0.48578
0,0.51145
0,0.660305
0,0.620531
0,0.452091
0,0.44112
0,0.475741
0,0.58668
0,0.635228
0,0.40596
0,0.645061
0,0.333858
0,0.250626
0,0.444844
0,0.387496
0,0.455038
0,0.523358
0,0.772108
0,0.377809
0,0.433704
0,0.434175
0,0.601265
0,0.316963
0,0.333502
0,0.34239
0,0.841438
0,0.557332
0,0.520375
0,0.889239
0,0.497053
0,0.38926
0,0.571037
0,0.610528
0,0.501223
0,0.289814
0,0.541503
0,0.251311
0,0.592092
0,0.528832
0,0.284143
0,0.538919
0,0.56544
0,0.248445
0,0.512806
0,0.561933
0,0.356578
0,0.596989
0,0.566805
0,0.730209
0,0.282803
0,0.200125
0,0.463493
0,0.75454
0,0.537644
0,0.54291
0,0.566795
0,0.55314
0,0.244527
0,0.378721
0,0.43598
0,0.35058
0,0.641964
0,0.446222
0,0.142708
0,0.299377
0,0.378666
0,0.120871
0,0.564161
0,0.217956
0,0.900669
0,0.646542
0,0.428249
0,0.784428
0,0.36376
0,0.332288
0,0.820663
0,0.215839
0,0.484041
0,0.642991
0,0.484875
0,0.8176
0,0.522613
0,0.681408
0,0.546267
0,0.354009
0,0.361826
0,0.731732
0,0.541599
0,0.736289
0,0.495754
0,0.09252
0,0.435429
0,0.233402
0,0.467304
0,0.257482
0,0.582213
0,0.484949
0,0.432843
0,0.117755
0,0.332389
0,0.488873
0,0.690973
0,0.718979
0,0.284452
0,0.674652
0,0.518484
0,0.695828
0,0.39976
0,0.247103
0,0.503143
0,0.566471
0,0.733103
0,0.694263
0,0.489574
0,0.341918
0,0.400374
0,0.609333
0,0.802094
0,0.84827
0,0.357029
0,0.371341
0,0.763294
0,0.464383
0,0.599882
0,0.357787
0,0.512221
0,0.295949
0,0.401194
0,0.706017
0,0.503508
0,0.748036
0,0.450128
0,0.427856
0,0.482852
0,0.24911
0,0.601348
0,0.309562
0,0.306623
0,0.323382
0,0.467071
0,0.469061
0,0.453391
0,0.60714
0,0.439496
0,0.468656
0,0.64487
0,0.556662
0,0.735997
0,0.776839
0,0.430685
0,0.567132
0,0.603272
0,0.695309
0,0.480307
0,0.383352
0,0.363505
0,0.639903
0,0.649316
0,0.545234
0,0.143758
0,0.262019
0,0.865004
0,0.820443
0,0.58252
0,0.183976
0,0.788531
0,0.308941
0,0.502718
0,0.505583
0,0.290958
0,0.290156
0,0.449761
0,0.20357
0,0.445096
0,0.637819
0,0.363674
0,0.402348
0,0.53262
0,0.664304
0,0.499498
0,0.397291
0,0.499619
0,0.093561
0,0.727224
0,0.407076
0,0.76241
0,0.420472
0,0.762024
0,0.32095
0,0.225873
0,0.607212
0,0.679727
0,0.291429
0,0.731947
0,0.695714
0,0.470013
0,0.492933
0,0.598619
0,0.551591
0,0.55854
0,0.49505
0,0.443899
0,0.593335
0,0.309386
0,0.478798
0,0.646641
0,0.454054
0,0.491851
0,0.372257
0,0.539302
0,0.736125
0,0.85566
0,0.694794
0,0.539962
0,0.405829
0,0.441396
0,0.538487
0,0.727974
0,0.795199
0,0.415811
0,0.465961
0,0.522323
0,0.436986
0,0.407584
0,0.199081
0,0.380555
0,0.662329
0,0.283197
0,0.854762
0,0.420688
0,0.579871
0,0.571222
0,0.515232
0,0.734266
0,0.26452
0,0.319356
0,0.54604
0,0.351226
0,0.525101
0,0.311499
0,0.486691
0,0.747497
0,0.762389
0,0.3542
0,0.330811
0,0.691396
0,0.260308
0,0.565236
0,0.303557
0,0.732876
0,0.237875
0,0.457908
0,0.535449
0,0.250272
0,0.612187
0,0.729047
0,0.681342
0,0.274347
0,0.468467
0,0.275569
0,0.33589
0,0.628275
0,0.502128
0,0.352508
0,0.430737
0,0.597103
0,0.498529
0,0.758071
0,0.44207
0,0.49361
0,0.545815
0,0.469934
0,0.858853
0,0.224829
0,0.365612
0,0.645328
0,0.610956
0,0.554617
0,0.516029
0,0.532605
0,0.648476
0,0.361386
0,0.411576
0,0.49559
0,0.528473
0,0.195607
0,0.329108
0,0.705776
0,0.077215
0,0.443277
0,0.357903
0,0.583444
0,0.175602
0,0.625864
0,0.603074
0,0.646361
0,0.984759
0,0.774029
0,0.616333
0,0.373707
0,0.628359
0,0.575601
0,0.360444
0,0.561606
0,0.748533
0,0.383675
0,0.513413
0,0.417511
0,0.425114
0,0.44846
0,0.551643
0,0.589357
0,0.744592
0,0.266369
0,0.385702
0,0.434247
0,0.599632
0,0.709174
0,0.602926
0,0.494966
0,0.632539
0,0.578349
0,0.441947
0,0.257234
0,0.507849
0,0.8254
0,0.363231
0,0.471495
0,0.571611
0,0.522361
0,0.471153
0,0.302402
0,0.751407
0,0.375186
0,0.196497
0,0.431973
0,0.722779
0,0.512898
0,0.714549
0,0.545701
0,0.35791
0,0.52329
0,0.556092
0,0.544512
0,0.646414
0,0.689105
0,0.243434
0,0.405212
0,0.539669
0,0.676286
0,0.534664
0,0.48202
0,0.742372
0,0.845319
0,0.552382
0,0.757184
0,0.804468
0,0.55555
0,0.329842
0,0.458604
0,0.488202
0,0.779186
0,0.284961
0,0.482893
0,0.77295
0,0.648018
0,0.443683
0,0.364399
0,0.563025
0,0.526242
0,0.672126
0,0.716978
0,0.335121
0,0.829338
0,0.501547
0,0.141141
0,0.577967
0,0.345906
0,0.390576
0,0.625799
0,0.818227
0,0.519003
0,0.478634
0,0.783105
0,0.787048
0,0.384363
0,0.161442
0,0.703118
0,0.435254
0,0.628195
0,0.730083
0,0.157125
0,0.662422
0,0.561187
0,0.766382
0,0.557228
0,0.610358
0,0.272321
0,0.741043
0,0.457935
0,0.313882
0,0.431029
0,0.475674
0,0.311185
0,0.26678
0,0.35079
0,0.892993
0,0.688737
0,0.481483
0,0.660238
0,0.833151
0,0.627747
0,0.257966
0,0.635588
0,0.650253
0,0.132368
0,0.487256
0,0.337734
0,0.55218
0,0.552528
0,0.676113
0,0.460471
0,0.546497
0,0.591866
0,0.811875
0,0.848061
0,0.394253
0,0.623243
0,0.601558
0,0.454577
0,0.397256
0,0.454803
0,0.646092
0,0.53622
0,0.824757
0,0.799024
0,0.472633
0,0.545157
0,0.63778
0,0.740958
0,0.424128
0,0.114861
0,0.503661
0,0.372046
0,0.623135
0,0.501655
0,0.451984
0,0.741029
0,0.59024
0,0.722282
0,0.29337
0,0.518751
0,0.129833
0,0.4908
0,0.659801
0,0.416707
0,0.766876
0,0.810363
0,0.273752
0,0.298489
0,0.310563
0,0.405685
0,0.447309
0,0.475803
0,0.601731
0,0.719743
0,0.446609
0,0.519773
0,0.480332
0,0.170887
0,0.682713
0,0.419624
0,0.669303
0,0.641434
0,0.295537
0,0.361553
0,0.196278
0,0.255565
0,0.744585
0,0.806945
0,0.596681
0,0.268158
0,0.769507
0,0.285893
0,0.407981
0,0.257474
0,0.53203
0,0.397136
0,0.491225
0,0.192441
0,0.536141
0,0.685115
0,0.453994
0,0.462923
0,0.46793
0,0.230325
0,0.411067
0,0.427365
0,0.387195
0,0.586918
0,0.344297
0,0.337203
0,0.488351
0,0.167347
0,0.847353
0,0.388029
0,0.572475
0,0.321505
0,0.306216
0,0.575969
0,0.654856
0,0.216885
0,0.258389
0,0.463691
0,0.660083
0,0.419876
0,0.146171
0,0.419991
0,0.522055
0,0.738289
0,0.552513
0,0.273857
0,0.584491
0,0.506776
0,0.574776
0,0.463493
0,0.467242
0,0.494971
0,0.657039
0,0.561013
0,0.23512
0,0.285318
0,0.485029
0,0.229755
0,0.587564
0,0.42125
0,0.664393
0,0.476689
0,0.18046
0,0.33076
0,0.332762
0,0.352493
0,0.491844
0,0.568705
0,0.503796
0,0.161039
0,0.884018
0,0.785631
0,0.72668
0,0.629285
0,0.71224
0,0.722554
0,0.651028
0,0.45129
0,0.217777
0,0.569513
0,0.261297
0,0.484677
0,0.467904
0,0.612563
0,0.407381
0,0.387477
0,0.509792
0,0.44455
0,0.249844
0,0.357398
0,0.43101
0,0.386927
0,0.711618
0,0.582907
0,0.38557
0,0.312442
0,0.525292
0,0.332102
0,0.382987
0,0.58241
0,0.420132
0,0.390597
0,0.637307
0,0.259875
0,0.340027
0,0.266075
0,0.385159
0,0.193362
0,0.439347
0,0.375152
0,0.318582
0,0.464669
0,0.353548
0,0.30543
0,0.503154
0,0.207877
0,0.709172
0,0.215381
0,0.658334
0,0.795477
0,0.243436
0,0.616219
0,0.708168
0,0.655731
0,0.529262
0,0.388529
0,0.670299
0,0.250937
0,0.702433
0,0.349432
0,0.719688
0,0.558107
0,0.419857
0,0.435218
0,0.417899
0,0.487466
0,0.446579
0,0.416932
0,0.697966
0,0.553516
0,0.711125
0,0.52043
0,0.596691
0,0.410306
0,0.639125
0,0.365692
0,0.710654
0,0.174941
0,0.466135
0,0.413041
0,0.35914
0,0.573054
0,0.313417
0,0.651009
0,0.410426
0,0.473209
0,0.413844
0,0.376552
0,0.560108
0,0.688311
0,0.578886
0,0.370463
0,0.261279
0,0.550218
0,0.431745
0,0.34508
0,0.634308
0,0.36533
0,0.851099
0,0.353282
0,0.50631
0,0.17131
0,0.378622
0,0.428866
0,0.325386
0,0.377572
0,0.57594
0,0.441852
0,0.210305
0,0.858818
0,0.553107
0,0.373798
0,0.422928
0,0.538792
0,0.405364
0,0.277352
0,0.752449
0,0.130755
0,0.48185
0,0.501867
0,0.558139
0,0.279203
0,0.600286
0,0.333108
0,0.505352
0,0.314765
0,0.508944
0,0.637418
0,0.502675
0,0.684335
0,0.546153
0,0.149094
0,0.616783
0,0.311529
0,0.2119
0,0.383677
0,0.310934
0,0.71528
0,0.366253
0,0.334881
0,0.730918
0,0.586161
0,0.264215
0,0.452245
0,0.460989
0,0.8592
0,0.191111
0,0.2775
0,0.184453
0,0.585966
0,0.281462
0,0.176949
0,0.122242
0,0.179143
0,0.522486
0,0.520549
0,0.716687
0,0.605898
0,0.313043
0,0.619646
0,0.501097
0,0.754606
0,0.485441
0,0.336459
0,0.463409
0,0.450237
0,0.447782
0,0.507505
0,0.588177
0,0.520092
0,0.663659
0,0.502222
0,0.330075
0,0.854642
0,0.481191
0,0.344567
0,0.708202
0,0.221226
0,0.077926
0,0.647701
0,0.467653
0,0.234454
0,0.389428
0,0.232816
0,0.910467
0,0.529797
0,0.381282
0,0.229786
0,0.459333
0,0.482904
0,0.283105
0,0.500113
0,0.325776
0,0.883025
0,0.499146
0,0.526393
0,0.180601
0,0.378094
0,0.489767
0,0.655472
0,0.222769
0,0.324205
0,0.47896
0,0.096318
0,0.691069
0,0.697954
0,0.574728
0,0.13873
0,0.556147
0,0.742823
0,0.498731
0,0.447871
0,0.623127
0,0.301195
0,0.290687
0,0.42884
0,0.55162
0,0.664597
0,0.769127
0,0.368674
0,0.747624
0,0.679338
0,0.490547
0,0.200686
0,0.46723
0,0.287114
0,0.370979
0,0.654331
0,0.436693
0,0.707077
0,0.673532
0,0.436819
0,0.391474
0,0.806459
0,0.411063
0,0.165959
0,0.308189
0,0.298297
0,0.723115
0,0.354624
0,0.48855
0,0.587975
0,0.698769
0,0.443707
0,0.63569
0,0.478542
0,0.458059
0,0.663194
0,0.805308
0,0.441129
0,0.633218
0,0.578184
0,0.35109
0,0.479486
0,0.740601
0,0.624581
0,0.767766
0,0.923742
0,0.341151
0,0.329726
0,0.572304
0,0.625163
0,0.68888
0,0.237688
0,0.548279
0,0.473978
0,0.758628
0,0.686081
0,0.26055
0,0.645993
0,0.3695
0,0.632502
0,0.247207
0,0.383068
0,0.413745
0,0.572563
0,0.681688
0,0.768219
0,0.245433
0,0.636266
0,0.825062
0,0.635413
0,0.893277
0,0.82504
0,0.70846
0,0.843509
0,0.581254
0,0.323946
0,0.671224
0,0.571068
0,0.492928
0,0.590212
0,0.388911
0,0.788078
0,0.544335
0,0.507048
0,0.417625
0,0.700485
0,0.292403
0,0.396322
0,0.562177
0,0.458548
0,0.613321
0,0.26825
0,0.389004
0,0.538658
0,0.477659
0,0.687386
0,0.614526
0,0.386058
0,0.495963
0,0.524732
0,0.65226
0,0.712781
0,0.406418
0,0.261195
0,0.816504
0,0.357913
0,0.275794
0,0.49002
0,0.594656
0,0.472477
0,0.380374
0,0.554741
0,0.312969
0,0.524877
0,0.272649
0,0.596192
0,0.221147
0,0.552133
0,0.704894
0,0.361859
0,0.395371
0,0.67645
0,0.659694
0,0.483424
0,0.639715
0,0.334408
0,0.927431
0,0.599017
0,0.580758
0,0.361964
0,0.603504
0,0.425467
0,0.58454
0,0.225678
0,0.369597
0,0.536798
0,0.355994
0,0.834215
0,0.510526
0,0.406592
0,0.521144
0,0.412184
0,0.51416
0,0.333017
0,0.566194
0,0.517507
0,0.395776
0,0.315399
0,0.195862
0,0.525001
0,0.439825
0,0.58208
0,0.350511
0,0.471076
0,0.908708
0,0.493461
0,0.365166
0,0.555353
0,0.578452
0,0.584939
0,0.314375
0,0.301556
0,0.646087
0,0.468011
0,0.576034
0,0.266695
0,0.286653
0,0.203049
0,0.34703
0,0.668648
0,0.523694
0,0.353892
0,0.402837
0,0.171386
0,0.703887
0,0.52472
0,0.352328
0,0.806806
0,0.663722
0,0.802981
0,0.681791
0,0.216886
0,0.58505
0,0.851786
0,0.389632
0,0.405761
0,0.571099
0,0.658439
0,0.903576
0,0.518187
0,0.652378
0,0.36983
0,0.805912
0,0.091497
0,0.592628
0,0.394351
0,0.558708
0,0.610203
0,0.577729
0,0.407073
0,0.347842
0,0.287343
0,0.488255
0,0.605941
0,0.483886
0,0.393826
0,0.252468
0,0.277099
0,0.154034
0,0.549269
0,0.679101
0,0.517002
0,0.448826
0,0.289239
0,0.114802
0,0.482496
0,0.507059
0,0.492983
0,0.598336
0,0.543919
0,0.579528
0,0.556868
0,0.378541
0,0.828132
0,0.457747
0,0.513083
0,0.561905
0,0.576894
0,0.567263
0,0.634222
0,0.325776
0,0.684551
0,0.619482
0,0.28871
0,0.444006
0,0.327298
0,0.383235
0,0.550734
0,0.426409
0,0.744954
0,0.403068
0,0.164288
0,0.486905
0,0.514813
0,0.535237
0,0.519779
0,0.580349
0,0.224513
0,0.513674
0,0.591356
0,0.830896
0,0.283965
0,0.549706
0,0.197739
0,0.642085
0,0.707826
0,0.695756
0,0.82193
0,0.455535
0,0.555346
0,0.765635
0,0.43125
0,0.608601
0,0.406931
0,0.340889
0,0.06674
0,0.713971
0,0.619991
0,0.355948
0,0.468356
0,0.77874
0,0.382892
0,0.281224
0,0.385724
0,0.285555
0,0.486659
0,0.92471
0,0.3749
0,0.09892
0,0.529521
0,0.544772
0,0.583095
0,0.335617
0,0.378662
0,0.447152
0,0.441364
0,0.357026
0,0.327982
0,0.384225
0,0.399242
0,0.872376
0,0.400196
0,0.296902
0,0.291793
0,0.62477
0,0.442816
0,0.35891
0,0.890986
0,0.774302
0,0.432183
0,0.331135
0,0.603019
0,0.473457
0,0.202017
0,0.323942
0,0.370061
0,0.656334
0,0.368702
0,0.644488
0,0.342553
0,0.48757
0,0.675359
0,0.750729
0,0.778788
0,0.308404
0,0.847864
0,0.346516
0,0.512473
0,0.772553
0,0.633813
0,0.57196
0,0.268829
0,0.294826
0,0.633105
0,0.287907
0,0.599861
0,0.870784
0,0.573744
0,0.434189
0,0.718559
0,0.279993
0,0.37117
0,0.301748
0,0.417221
0,0.447742
0,0.51577
0,0.452209
0,0.57897
0,0.591602
0,0.655309
0,0.522648
0,0.649193
0,0.440353
0,0.541737
0,0.288535
0,0.619232
0,0.610293
0,0.659689
0,0.583165
0,0.239138
0,0.420417
0,0.45089
0,0.800919
0,0.38912
0,0.550623
0,0.237284
0,0.470933
0,0.678024
0,0.426518
0,0.81625
0,0.444128
0,0.810372
0,0.471516
0,0.628907
0,0.368622
0,0.203709
0,0.59922
0,0.40562
0,0.412838
0,0.200603
0,0.497778
0,0.449155
0,0.356888
0,0.530088
0,0.498649
0,0.31906
0,0.505204
0,0.564049
0,0.256484
0,0.247709
0,0.758432
0,0.673147
0,0.727777
0,0.484564
0,0.359559
0,0.682796
0,0.472474
0,0.401945
0,0.436415
0,0.371856
0,0.568041
0,0.396799
0,0.858549
0,0.28246
0,0.312114
0,0.200122
0,0.902056
0,0.522218
0,0.619587
0,0.454995
0,0.830208
0,0.696419
0,0.573495
0,0.609547
0,0.293674
0,0.188499
0,0.712525
0,0.36703
0,0.399799
0,0.549964
0,0.902231
0,0.200915
0,0.467473
0,0.730524
0,0.762785
0,0.588382
0,0.517652
0,0.366772
0,0.211129
0,0.625669
0,0.759826
0,0.535406
0,0.462272
0,0.761609
0,0.516473
0,0.313422
0,0.478152
0,0.411505
0,0.608729
0,0.66005
0,0.666692
0,0.539141
0,0.687457
0,0.302894
0,0.568921
0,0.489299
0,0.562594
0,0.540428
0,0.576626
0,0.196188
0,0.783025
0,0.186345
0,0.62373
0,0.354471
0,0.299359
0,0.196106
0,0.669679
0,0.237217
0,0.626684
0,0.656752
0,0.410317
0,0.554257
0,0.494244
0,0.293633
0,0.588388
0,0.537795
0,0.068239
0,0.318758
0,0.282555
0,0.489295
0,0.694696
0,0.406174
0,0.264562
0,0.596035
0,0.171584
0,0.342329
0,0.458361
0,0.281116
0,0.656985
0,0.45816
0,0.752016
0,0.659383
0,0.206012
0,0.787267
0,0.301515
0,0.382918
0,0.724162
0,0.405075
0,0.320712
0,0.5391
0,0.517175
0,0.330458
0,0.291813
0,0.315303
0,0.726715
0,0.720114
0,0.447561
0,0.661726
0,0.585682
0,0.649626
0,0.628641
0,0.836567
0,0.503784
0,0.511889
0,0.197504
0,0.595127
0,0.656103
0,0.857476
0,0.693653
0,0.44891
0,0.494494
0,0.613701
0,0.477656
0,0.469601
0,0.578898
0,0.328989
0,0.716559
0,0.694616
0,0.399648
0,0.67184
0,0.309082
0,0.477833
0,0.540177
0,0.217721
0,0.459903
0,0.790115
0,0.488761
0,0.686272
0,0.414558
0,0.55433
0,0.468066
0,0.514159
0,0.622223
0,0.713096
0,0.342186
0,0.366821
0,0.739736
0,0.562207
0,0.475639
0,0.238377
0,0.656383
0,0.399339
0,0.556627
0,0.647628
0,0.376496
0,0.635465
0,0.386561
0,0.384251
0,0.472589
0,0.523556
0,0.409057
0,0.541959
0,0.786672
0,0.302256
0,0.444599
0,0.658942
0,0.519497
0,0.36862
0,0.412887
0,0.806855
0,0.442836
0,0.447422
0,0.370174
0,0.637411
0,0.661899
0,0.383277
0,0.578572
0,0.615094
0,0.435051
0,0.510205
0,0.255307
0,0.363992
0,0.642264
0,0.788357
0,0.597117
0,0.481172
0,0.487017
0,0.422533
0,0.539192
0,0.431467
0,0.401004
0,0.791389
0,0.629867
0,0.362773
0,0.305134
0,0.236935
0,0.610616
0,0.379577
0,0.696573
0,0.888609
0,0.266248
0,0.562761
0,0.154032
0,0.288106
0,0.641537
0,0.498914
0,0.684633
0,0.795489
0,0.493035
0,0.470655
0,0.598483
0,0.314817
0,0.711777
0,0.275058
0,0.336948
0,0.648774
0,0.360791
0,0.222723
0,0.524478
0,0.629031
0,0.534271
0,0.371684
0,0.530783
0,0.304602
0,0.669104
0,0.59216
0,0.664493
0,0.383665
0,0.19406
0,0.515538
0,0.24344
0,0.509871
0,0.301707
0,0.705435
0,0.650857
0,0.198908
0,0.181432
0,0.153646
0,0.468814
0,0.794499
0,0.574925
0,0.515615
0,0.394203
0,0.339907
0,0.233216
0,0.463923
0,0.385248
0,0.551437
0,0.485828
0,0.623067
0,0.40126
0,0.390473
0,0.545275
0,0.61547
0,0.264226
0,0.737106
0,0.379695
0,0.607882
0,0.699427
0,0.590293
0,0.327327
0,0.789968
0,0.115877
0,0.316195
0,0.502089
0,0.528333
0,0.496536
0,0.79443
0,0.391278
0,0.247026
0,0.473857
0,0.639476
0,0.584336
0,0.379168
0,0.730645
0,0.587327
0,0.425924
0,0.533227
0,0.662312
0,0.357106
0,0.328983
0,0.838857
0,0.408274
0,0.643666
0,0.249514
0,0.351208
0,0.124606
0,0.361679
0,0.283099
0,0.461928
0,0.417955
0,0.428029
0,0.37784
0,0.411922
0,0.358473
0,0.556223
0,0.193187
0,0.642071
0,0.445723
0,0.645534
0,0.469308
0,0.425715
0,0.343757
0,0.784901
0,0.287016
0,0.275549
0,0.517438
0,0.555698
0,0.504043
0,0.369436
0,0.065015
0,0.795765
0,0.819403
0,0.220822
0,0.69794
0,0.645883
0,0.412159
0,0.584604
0,0.299502
0,0.579415
0,0.649848
0,0.480927
0,0.54786
0,0.368858
0,0.358818
0,0.110774
0,0.618844
0,0.345191
0,0.505687
0,0.23364
0,0.450382
0,0.469632
0,0.735834
0,0.132356
0,0.295594
0,0.390799
0,0.645503
0,0.428796
0,0.606567
0,0.406828
0,0.379405
0,0.551917
0,0.761985
0,0.16538
0,0.658532
0,0.666763
0,0.238666
0,0.482977
0,0.642738
0,0.427784
0,0.387243
0,0.346957
0,0.444022
0,0.602717
0,0.853301
0,0.693087
0,0.755936
0,0.715284
0,0.664604
0,0.179996
0,0.332716
0,0.492032
0,0.629059
0,0.268711
0,0.260416
0,0.452567
0,0.252935
0,0.368529
0,0.511966
0,0.677022
0,0.744988
0,0.771377
0,0.652358
0,0.345525
0,0.472705
0,0.453267
0,0.438935
0,0.506164
0,0.364157
0,0.365162
0,0.404934
0,0.581283
0,0.723004
0,0.386501
0,0.332936
0,0.635043
0,0.272605
0,0.751309
0,0.548671
0,0.269676
0,0.893085
0,0.397336
0,0.565321
0,0.513131
0,0.616219
0,0.35801
0,0.605752
0,0.39786
0,0.494691
0,0.15075
0,0.220312
0,0.348842
0,0.433839
0,0.688818
0,0.458981
0,0.2354
0,0.608068
0,0.756882
0,0.22251
0,0.880568
0,0.625779
0,0.285904
0,0.302957
0,0.64105
0,0.483646
0,0.195515
0,0.762565
0,0.681832
0,0.292075
0,0.699711
0,0.458338
0,0.201602
0,0.277703
0,0.777088
0,0.62534
0,0.497428
0,0.49485
0,0.464633
0,0.367501
0,0.319293
0,0.388028
0,0.477529
0,0.466743
0,0.405218
0,0.389902
0,0.540311
0,0.120247
0,0.566201
0,0.233674
0,0.681806
0,0.635015
0,0.235648
0,0.52086
0,0.728418
0,0.612542
0,0.656413
0,0.290786
0,0.544024
0,0.660873
0,0.890686
0,0.71703
0,0.215683
0,0.358319
0,0.377557
0,0.33718
0,0.510875
0,0.290995
0,0.541057
0,0.268039
0,0.613876
0,0.457173
0,0.468095
0,0.443421
0,0.449674
0,0.43318
0,0.194325
0,0.338396
0,0.65457
0,0.482454
0,0.758551
0,0.646843
0,0.5071
0,0.509513
0,0.789154
0,0.338331
0,0.395662
0,0.618806
0,0.603696
0,0.260425
0,0.435941
0,0.49365
0,0.565267
0,0.363327
0,0.754235
0,0.567923
0,0.537511
0,0.469824
0,0.500869
0,0.606457
0,0.497592
0,0.182019
0,0.590987
0,0.831261
0,0.447843
0,0.531995
0,0.618276
0,0.658766
0,0.281675
0,0.660301
0,0.401901
0,0.672524
0,0.513051
0,0.487989
0,0.614275
0,0.46202
0,0.876048
0,0.277763
0,0.72628
0,0.166015
0,0.15594
0,0.423601
0,0.665295
0,0.42164
0,0.701895
0,0.325034
0,0.677944
0,0.38606
0,0.614374
0,0.323414
0,0.35501
0,0.418711
0,0.479602
0,0.64018
0,0.256051
0,0.497436
0,0.680071
0,0.511854
0,0.715427
0,0.449366
0,0.242103
0,0.312081
0,0.49734
0,0.274953
0,0.619867
0,0.570707
0,0.224244
0,0.667169
0,0.512644
0,0.31472
0,0.599741
0,0.416737
0,0.340753
0,0.63052
0,0.633812
0,0.263707
0,0.445174
0,0.200424
0,0.322144
0,0.368795
0,0.171286
0,0.432598
0,0.38844
0,0.476316
0,0.493916
0,0.482387
0,0.377507
0,0.137698
0,0.48459
0,0.444051
0,0.525134
0,0.763168
0,0.576473
0,0.18094
0,0.510017
0,0.369349
0,0.658788
0,0.474065
0,0.643304
0,0.391555
0,0.778746
0,0.369456
0,0.514318
0,0.588862
0,0.667208
0,0.652087
0,0.331668
0,0.259081
0,0.585207
0,0.188735
0,0.93585
0,0.56917
0,0.382331
0,0.348646
0,0.645249
0,0.634848
0,0.729554
0,0.513928
0,0.680885
0,0.679281
0,0.517451
0,0.681828
0,0.688328
0,0.411995
0,0.201729
0,0.104346
0,0.561829
0,0.200228
0,0.863575
0,0.59976
0,0.498018
0,0.39874
0,0.440011
0,0.746177
0,0.613992
0,0.74328
0,0.479167
0,0.131037
0,0.777944
0,0.262898
0,0.518149
0,0.216623
0,0.871891
0,0.597349
0,0.700912
0,0.662496
0,0.440901
0,0.254802
0,0.39121
0,0.862236
0,0.223957
0,0.434265
0,0.590079
0,0.138176
0,0.406439
0,0.448466
0,0.197446
0,0.385195
0,0.608777
0,0.448463
0,0.442298
0,0.490388
0,0.259642
0,0.330848
0,0.308758
0,0.416159
0,0.499751
0,0.582798
0,0.374011
0,0.361471
0,0.580711
0,0.350251
0,0.398735
0,0.852316
0,0.55337
0,0.812351
0,0.628941
0,0.238787
0,0.520972
0,0.396498
0,0.654404
0,0.477078
0,0.219489
0,0.348599
0,0.606856
0,0.440944
0,0.464954
0,0.484623
0,0.495328
0,0.478738
0,0.373698
0,0.30741
0,0.528025
0,0.47504
0,0.371934
0,0.314492
0,0.295027
0,0.416792
0,0.649012
0,0.522913
0,0.494864
0,0.417642
0,0.734144
0,0.477353
0,0.319284
0,0.692945
0,0.639896
0,0.502111
0,0.527354
0,0.723662
0,0.330521
0,0.598088
0,0.681889
0,0.469202
0,0.894592
0,0.261579
0,0.352921
0,0.474185
0,0.710193
0,0.582863
0,0.665565
0,0.345094
0,0.683443
0,0.473498
0,0.403979
0,0.612091
0,0.667366
0,0.285384
0,0.172734
0,0.225757
0,0.430652
0,0.423614
0,0.612543
0,0.350096
0,0.229539
0,0.377569
0,0.424198
0,0.574207
0,0.654454
0,0.429125
0,0.809048
0,0.369894
0,0.496086
0,0.21892
0,0.341168
0,0.35523
0,0.611201
0,0.673919
0,0.64868
0,0.697502
0,0.628406
0,0.620015
0,0.41974
0,0.436466
0,0.630382
0,0.439846
0,0.635931
0,0.762877
0,0.82527
0,0.527039
0,0.258707
0,0.481872
0,0.511828
0,0.237608
0,0.641622
0,0.644526
0,0.642009
0,0.186711
0,0.227869
0,0.475929
0,0.558037
0,0.443872
0,0.549627
0,0.383995
0,0.436825
0,0.56254
0,0.150413
0,0.726947
0,0.668581
0,0.684961
0,0.781494
0,0.546341
0,0.518835
0,0.708844
0,0.488019
0,0.897005
0,0.336937
0,0.639984
0,0.227913
0,0.479803
0,0.199228
0,0.334395
0,0.304518
0,0.56217
0,0.48402
0,0.325731
0,0.684681
0,0.870898
0,0.803309
0,0.374455
0,0.671845
0,0.793037
0,0.115675
0,0.270658
0,0.525475
0,0.410574
0,0.528427
0,0.342663
0,0.603822
0,0.319507
0,0.147446
0,0.449602
0,0.164285
0,0.648543
0,0.689793
0,0.620286
0,0.366123
0,0.326876
0,0.770114
0,0.266093
0,0.633612
0,0.364552
0,0.256293
0,0.772014
0,0.483292
0,0.519757
0,0.706969
0,0.348226
0,0.384962
0,0.72169
0,0.607314
0,0.469933
0,0.573861
0,0.301618
0,0.213043
0,0.634476
0,0.541209
0,0.612
0,0.360846
0,0.551194
0,0.338892
0,0.488979
0,0.779685
0,0.244827
0,0.636046
0,0.123726
0,0.686179
0,0.158074
0,0.430354
0,0.245762
0,0.506731
0,0.40565
0,0.620107
0,0.771097
0,0.336219
0,0.362073
0,0.763242
0,0.191429
0,0.380114
0,0.47078
0,0.783047
0,0.390384
0,0.481416
0,0.71451
0,0.601363
0,0.615787
0,0.62408
0,0.399483
0,0.498149
0,0.585811
0,0.566021
0,0.408555
0,0.311712
0,0.243123
0,0.78767
0,0.588176
0,0.533434
0,0.708138
0,0.504534
0,0.49619
0,0.39926
0,0.48085
0,0.34588
0,0.478243
0,0.399444
0,0.214971
0,0.41152
0,0.793751
0,0.543445
0,0.621729
0,0.596249
0,0.712058
0,0.840006
0,0.556129
0,0.589808
0,0.436578
0,0.237562
0,0.666037
0,0.417343
0,0.647163
0,0.573077
0,0.532531
0,0.461825
0,0.542468
0,0.224357
0,0.700764
0,0.741708
0,0.472362
0,0.602532
0,0.438093
0,0.810236
0,0.799985
0,0.662964
0,0.790537
0,0.460718
0,0.412895
0,0.603622
0,0.148177
0,0.324423
0,0.621526
0,0.269365
0,0.405469
0,0.192518
0,0.590448
0,0.425083
0,0.409908
0,0.5992
0,0.547978
0,0.473375
0,0.580515
0,0.674811
0,0.284488
0,0.883641
0,0.436192
0,0.132847
0,0.405275
0,0.133571
0,0.199064
0,0.446425
0,0.622479
0,0.512865
0,0.598361
0,0.797184
0,0.654179
0,0.34552
0,0.262136
0,0.415849
0,0.556332
0,0.566791
0,0.839559
0,0.630671
0,0.478397
0,0.475087
0,0.760716
0,0.422035
0,0.472991
0,0.487785
0,0.86941
0,0.523967
0,0.484524
0,0.301682
0,0.49399
0,0.487372
0,0.841658
0,0.55969
0,0.716484
0,0.119679
0,0.280887
0,0.639027
0,0.586167
0,0.673938
0,0.880769
0,0.520193
0,0.62511
0,0.308791
0,0.513733
0,0.591862
0,0.640039
0,0.357605
0,0.371934
0,0.473754
0,0.50404
0,0.708283
0,0.862285
0,0.644333
0,0.747584
0,0.924049
0,0.641697
0,0.393606
0,0.587633
0,0.442017
0,0.501773
0,0.596859
0,0.715175
0,0.51579
0,0.192547
0,0.67015
0,0.318204
0,0.552015
0,0.576914
0,0.462842
0,0.500158
0,0.405289
0,0.458016
0,0.644901
0,0.507951
0,0.471101
0,0.772938
0,0.38621
0,0.375393
0,0.912435
0,0.271077
0,0.301571
0,0.678184
0,0.338732
0,0.465586
0,0.563189
0,0.344359
0,0.505726
0,0.623082
0,0.439262
0,0.487086
0,0.608608
0,0.504762
0,0.655529
0,0.664803
0,0.121163
0,0.511084
0,0.427342
0,0.496721
0,0.650031
0,0.557299
0,0.210894
0,0.474823
0,0.662035
0,0.569217
0,0.339018
0,0.266507
0,0.560434
0,0.426549
0,0.443731
0,0.702801
0,0.736215
0,0.728818
0,0.708259
0,0.278123
0,0.67211
0,0.549396
0,0.518664
0,0.859896
0,0.269986
0,0.539545
0,0.434186
0,0.454046
0,0.346871
0,0.613595
0,0.264992
0,0.727464
0,0.360745
0,0.724998
0,0.679923
0,0.2923
0,0.348992
0,0.258654
0,0.537832
0,0.62727
0,0.127629
0,0.719568
0,0.544445
0,0.531298
0,0.682631
0,0.709285
0,0.539195
0,0.632992
0,0.571284
0,0.776377
0,0.564949
0,0.83124
0,0.323088
0,0.434263
0,0.503396
0,0.750482
0,0.507175
0,0.267011
0,0.422376
0,0.253838
0,0.308961
0,0.433423
0,0.685671
0,0.403638
0,0.501397
0,0.185036
0,0.848155
0,0.607269
0,0.399226
0,0.630459
0,0.678683
0,0.638546
0,0.385595
0,0.662605
0,0.422633
0,0.154002
0,0.513763
0,0.247313
0,0.410093
0,0.494007
0,0.67093
0,0.505515
0,0.285508
0,0.646297
0,0.141163
0,0.563986
0,0.26918
0,0.5507
0,0.6478
0,0.443337
0,0.587492
0,0.526621
0,0.576809
0,0.281483
0,0.342861
0,0.426306
0,0.588832
0,0.559972
0,0.482099
0,0.545008
0,0.599906
0,0.610622
0,0.583896
0,0.609589
0,0.171916
0,0.661005
0,0.444585
0,0.286664
0,0.450894
0,0.498258
0,0.364364
0,0.808939
0,0.513262
0,0.807309
0,0.956342
0,0.253229
0,0.342563
0,0.345611
0,0.595016
0,0.303513
0,0.366538
0,0.401253
0,0.339501
0,0.54075
0,0.582993
0,0.10607
0,0.262206
0,0.414918
0,0.258835
0,0.436898
0,0.287627
0,0.445286
0,0.446975
0,0.474138
0,0.298586
0,0.349234
0,0.31563
0,0.517706
0,0.605228
0,0.68821
0,0.298598
0,0.634191
0,0.37879
0,0.384325
0,0.129705
0,0.613473
0,0.422294
0,0.145502
0,0.758669
0,0.377534
0,0.55942
0,0.468612
0,0.580227
0,0.181447
0,0.848664
0,0.80088
0,0.2749
0,0.26882
0,0.56396
0,0.570043
0,0.392557
0,0.341952
0,0.220425
0,0.333555
0,0.536856
0,0.43543
0,0.325693
0,0.759087
0,0.32652
0,0.584748
0,0.672374
0,0.557316
0,0.575973
0,0.471337
0,0.664767
0,0.327039
0,0.254544
0,0.437919
0,0.286728
0,0.704629
0,0.541122
0,0.561765
0,0.1663
0,0.515671
0,0.269382
0,0.701595
0,0.623771
0,0.513612
0,0.311451
0,0.427545
0,0.443555
0,0.717008
0,0.807337
0,0.77817
0,0.532067
0,0.633124
0,0.187487
0,0.339022
0,0.486859
0,0.460885
0,0.554653
0,0.3516
0,0.652801
0,0.747128
0,0.554667
0,0.382472
0,0.324715
0,0.548384
0,0.448071
0,0.713927
0,0.265326
0,0.546554
0,0.704448
0,0.518981
0,0.167441
0,0.435462
0,0.290839
0,0.310669
0,0.218553
0,0.712381
0,0.377945
0,0.862795
0,0.373776
0,0.413746
0,0.674444
0,0.318664
0,0.313829
0,0.697513
0,0.530242
0,0.47766
0,0.521053
0,0.256843
0,0.464269
0,0.606493
0,0.57106
0,0.37835
0,0.192229
0,0.283834
0,0.296934
0,0.770721
0,0.5196
